{
	"credit": "Made with Blockbench",
	"texture_size": [32, 32],
	"textures": {
		"0": "block/color/graymedium_three",
		"1": "block/color/gray_concrete",
		"2": "block/color/wood_nine",
		"5": "block/color/darkgray",
		"6": "block/color/glass",
		"7": "block/color/black",
		"9": "block/color/gold_four",
		"particle": "block/color/armycamotwo"
	},
	"elements": [
		{
			"from": [7.75, 11, 14.25],
			"to": [8.25, 11.75, 15.25],
			"rotation": {"angle": 22.5, "axis": "x", "origin": [8, 11.1875, 14.6875]},
			"faces": {
				"north": {"uv": [9.5, 9.5, 9.75, 10], "texture": "#0"},
				"east": {"uv": [6.5, 8, 7, 8.5], "texture": "#0"},
				"south": {"uv": [0, 10, 0.25, 10.5], "texture": "#0"},
				"west": {"uv": [8.5, 1, 9, 1.5], "texture": "#0"},
				"up": {"uv": [10.25, 0.5, 10, 0], "texture": "#0"},
				"down": {"uv": [0.75, 10, 0.5, 10.5], "texture": "#0"}
			}
		},
		{
			"from": [7.25, 9.75, 15.25],
			"to": [7.5, 10.25, 16],
			"rotation": {"angle": 0, "axis": "y", "origin": [1.25, 0, 0]},
			"faces": {
				"east": {"uv": [5, 8.5, 5.5, 8.75], "texture": "#0"},
				"south": {"uv": [10, 3, 10.25, 3.25], "texture": "#0"},
				"west": {"uv": [7.5, 8.5, 8, 8.75], "texture": "#0"},
				"up": {"uv": [9.75, 6, 9.5, 5.5], "texture": "#0"},
				"down": {"uv": [9.75, 6, 9.5, 6.5], "texture": "#0"}
			}
		},
		{
			"from": [7.45, 10.25, 6.1],
			"to": [8.55, 11.75, 9.3],
			"rotation": {"angle": 0, "axis": "y", "origin": [-5, 0, 0]},
			"faces": {
				"north": {"uv": [9, 2, 9.75, 2.75], "texture": "#0"},
				"east": {"uv": [5.5, 2, 7.25, 2.75], "texture": "#0"},
				"west": {"uv": [5.5, 6, 7.25, 6.75], "texture": "#0"},
				"up": {"uv": [7.25, 5.75, 6.5, 4], "texture": "#0"},
				"down": {"uv": [5.25, 6.5, 4.5, 8.25], "texture": "#0"}
			}
		},
		{
			"from": [7.5, 12, 10.5],
			"to": [8.5, 12.25, 12.25],
			"rotation": {"angle": 0, "axis": "y", "origin": [-1, 0, 0]},
			"faces": {
				"east": {"uv": [9, 8, 10, 8.25], "texture": "#0"},
				"west": {"uv": [9, 8.5, 10, 8.75], "texture": "#0"},
				"up": {"uv": [3, 2, 2.5, 1], "texture": "#0"}
			}
		},
		{
			"from": [7.75, 11, 14.25],
			"to": [8.25, 11.75, 15.25],
			"rotation": {"angle": 22.5, "axis": "x", "origin": [8, 11.1875, 14.6875]},
			"faces": {
				"north": {"uv": [9.5, 9.5, 9.75, 10], "texture": "#0"},
				"east": {"uv": [6.5, 8, 7, 8.5], "texture": "#0"},
				"south": {"uv": [0, 10, 0.25, 10.5], "texture": "#0"},
				"west": {"uv": [8.5, 1, 9, 1.5], "texture": "#0"},
				"up": {"uv": [10.25, 0.5, 10, 0], "texture": "#0"},
				"down": {"uv": [0.75, 10, 0.5, 10.5], "texture": "#0"}
			}
		},
		{
			"from": [7.25, 9.75, 15.25],
			"to": [7.5, 10.25, 16],
			"rotation": {"angle": 0, "axis": "y", "origin": [1.25, 0, 0]},
			"faces": {
				"east": {"uv": [5, 8.5, 5.5, 8.75], "texture": "#0"},
				"south": {"uv": [10, 3, 10.25, 3.25], "texture": "#0"},
				"west": {"uv": [7.5, 8.5, 8, 8.75], "texture": "#0"},
				"up": {"uv": [9.75, 6, 9.5, 5.5], "texture": "#0"},
				"down": {"uv": [9.75, 6, 9.5, 6.5], "texture": "#0"}
			}
		},
		{
			"from": [7.45, 10.25, 6.1],
			"to": [8.55, 11.75, 9.3],
			"rotation": {"angle": 0, "axis": "y", "origin": [-5, 0, 0]},
			"faces": {
				"north": {"uv": [9, 2, 9.75, 2.75], "texture": "#0"},
				"east": {"uv": [5.5, 2, 7.25, 2.75], "texture": "#0"},
				"west": {"uv": [5.5, 6, 7.25, 6.75], "texture": "#0"},
				"up": {"uv": [7.25, 5.75, 6.5, 4], "texture": "#0"},
				"down": {"uv": [5.25, 6.5, 4.5, 8.25], "texture": "#0"}
			}
		},
		{
			"from": [7.5, 12, 12.25],
			"to": [8.5, 12.35, 13.5],
			"rotation": {"angle": 0, "axis": "y", "origin": [-1, 0, 0]},
			"faces": {
				"north": {"uv": [6.5, 9.5, 7, 9.75], "texture": "#0"},
				"east": {"uv": [9.5, 4.5, 10.25, 4.75], "texture": "#0"},
				"south": {"uv": [9.5, 6.5, 10, 6.75], "texture": "#0"},
				"west": {"uv": [9.5, 5, 10.25, 5.25], "texture": "#0"},
				"up": {"uv": [3.5, 5.75, 3, 5], "texture": "#0"}
			}
		},
		{
			"from": [7.5, 12, 10],
			"to": [7.75, 12.5, 10.5],
			"rotation": {"angle": 0, "axis": "y", "origin": [-1, 0, 0]},
			"faces": {
				"north": {"uv": [7, 9.5, 7.5, 9.75], "texture": "#0"},
				"east": {"uv": [3.5, 10, 3.75, 10.25], "texture": "#0"},
				"south": {"uv": [7.5, 9.5, 8, 9.75], "texture": "#0"},
				"west": {"uv": [4, 10, 4.25, 10.25], "texture": "#0"},
				"up": {"uv": [8.5, 9.75, 8, 9.5], "texture": "#0"}
			}
		},
		{
			"from": [7.5, 12, 10.2],
			"to": [8.5, 12.25, 12.3],
			"rotation": {"angle": 0, "axis": "y", "origin": [-1, 0, 0]},
			"faces": {
				"north": {"uv": [10, 2, 10.5, 2], "texture": "#0"},
				"east": {"uv": [9, 2, 10, 2], "texture": "#0"},
				"south": {"uv": [11.5, 2, 12, 2], "texture": "#0"},
				"west": {"uv": [10.5, 2, 11.5, 2], "texture": "#0"},
				"up": {"uv": [10.5, 2, 10, 1], "texture": "#0"},
				"down": {"uv": [11, 1, 10.5, 2], "texture": "#0"}
			}
		},
		{
			"from": [7.75, 11.5, -1.25],
			"to": [8.25, 12.5, -0.75],
			"rotation": {"angle": 0, "axis": "x", "origin": [-1.25, 0, 0]},
			"faces": {
				"north": {"uv": [10, 0.5, 10.25, 0.75], "texture": "#0"},
				"east": {"uv": [10, 1, 10.25, 1.25], "texture": "#0"},
				"south": {"uv": [10, 1.5, 10.25, 1.75], "texture": "#0"},
				"west": {"uv": [10, 2, 10.25, 2.25], "texture": "#0"},
				"up": {"uv": [10.25, 2.75, 10, 2.5], "texture": "#0"}
			}
		},
		{
			"from": [7.75, 10, 14.25],
			"to": [8.25, 11, 15],
			"rotation": {"angle": 22.5, "axis": "x", "origin": [8, 11.1875, 14.6875]},
			"faces": {
				"north": {"uv": [8.5, 9.5, 8.75, 10], "texture": "#0"},
				"east": {"uv": [3, 6.5, 3.5, 7], "texture": "#0"},
				"south": {"uv": [9, 9.5, 9.25, 10], "texture": "#0"},
				"west": {"uv": [4, 8, 4.5, 8.5], "texture": "#0"}
			}
		},
		{
			"from": [8.25, 12, 10],
			"to": [8.5, 12.5, 10.5],
			"rotation": {"angle": 0, "axis": "y", "origin": [17, 0, 0]},
			"faces": {
				"north": {"uv": [7.5, 9.5, 7, 9.75], "texture": "#0"},
				"east": {"uv": [4.25, 10, 4, 10.25], "texture": "#0"},
				"south": {"uv": [8, 9.5, 7.5, 9.75], "texture": "#0"},
				"west": {"uv": [3.75, 10, 3.5, 10.25], "texture": "#0"},
				"up": {"uv": [8, 9.75, 8.5, 9.5], "texture": "#0"}
			}
		},
		{
			"from": [7.75, 11.5, -1.25],
			"to": [8.25, 12, -0.75],
			"rotation": {"angle": 0, "axis": "y", "origin": [-1.25, 0, 0]},
			"faces": {
				"north": {"uv": [10, 0.5, 10.25, 0.75], "texture": "#0"},
				"east": {"uv": [10, 1, 10.25, 1.25], "texture": "#0"},
				"south": {"uv": [10, 1.5, 10.25, 1.75], "texture": "#0"},
				"west": {"uv": [10, 2, 10.25, 2.25], "texture": "#0"},
				"up": {"uv": [10.25, 2.75, 10, 2.5], "texture": "#0"}
			}
		},
		{
			"from": [7.75, 10, 14.25],
			"to": [8.25, 11, 15],
			"rotation": {"angle": 22.5, "axis": "x", "origin": [8, 11.1875, 14.6875]},
			"faces": {
				"north": {"uv": [8.5, 9.5, 8.75, 10], "texture": "#0"},
				"east": {"uv": [3, 6.5, 3.5, 7], "texture": "#0"},
				"south": {"uv": [9, 9.5, 9.25, 10], "texture": "#0"},
				"west": {"uv": [4, 8, 4.5, 8.5], "texture": "#0"}
			}
		},
		{
			"from": [7.5, 10.5, -1.5],
			"to": [8.5, 11.5, 6],
			"rotation": {"angle": 0, "axis": "y", "origin": [-5.5, 0, 0]},
			"faces": {
				"north": {"uv": [0.075, 15.325, 0.675, 15.925], "texture": "#1"},
				"east": {"uv": [3.5, 3, 7.25, 3.5], "texture": "#1"},
				"west": {"uv": [3.5, 3.5, 7.25, 4], "texture": "#1"},
				"up": {"uv": [4, 7.75, 3.5, 4], "texture": "#1"},
				"down": {"uv": [4.5, 4, 4, 7.75], "texture": "#1"}
			}
		},
		{
			"from": [7.25, 10.25, 6],
			"to": [7.75, 11.35, 9.5],
			"rotation": {"angle": 0, "axis": "y", "origin": [21, 0, 0]},
			"faces": {
				"north": {"uv": [9.75, 2, 9, 2.75], "texture": "#1"},
				"east": {"uv": [7.25, 6, 5.5, 6.75], "texture": "#1"},
				"west": {"uv": [7.25, 2, 5.5, 2.75], "texture": "#1"},
				"up": {"uv": [6.5, 5.75, 7.25, 4], "texture": "#1"},
				"down": {"uv": [4.5, 6.5, 5.25, 8.25], "texture": "#1"}
			}
		},
		{
			"from": [7.25, 10.25, 6],
			"to": [8.75, 10.85, 9.5],
			"rotation": {"angle": 0, "axis": "y", "origin": [21, 0, 0]},
			"faces": {
				"north": {"uv": [9.75, 2, 9, 2.75], "texture": "#1"},
				"east": {"uv": [7.25, 6, 5.5, 6.75], "texture": "#1"},
				"west": {"uv": [7.25, 2, 5.5, 2.75], "texture": "#1"},
				"up": {"uv": [6.5, 5.75, 7.25, 4], "texture": "#1"},
				"down": {"uv": [4.5, 6.5, 5.25, 8.25], "texture": "#1"}
			}
		},
		{
			"from": [7.25, 10.25, 6],
			"to": [8.75, 11.85, 6.5],
			"rotation": {"angle": 0, "axis": "y", "origin": [21, 0, 0]},
			"faces": {
				"north": {"uv": [6, 4, 5.5, 4.5], "texture": "#1"},
				"east": {"uv": [6, 4, 6, 4.5], "texture": "#1"},
				"south": {"uv": [6.5, 4, 6, 4.5], "texture": "#1"},
				"west": {"uv": [5.5, 4, 5.5, 4.5], "texture": "#1"},
				"up": {"uv": [5.5, 4, 6, 4], "texture": "#1"},
				"down": {"uv": [6, 4, 6.5, 4], "texture": "#1"}
			}
		},
		{
			"from": [7.375, 7.25, 11.25],
			"to": [8.625, 9, 11.75],
			"rotation": {"angle": 0, "axis": "y", "origin": [-1.125, 0, 0]},
			"faces": {
				"north": {"uv": [8, 8, 8.75, 9], "texture": "#1"},
				"east": {"uv": [6, 9, 6.25, 10], "texture": "#1"},
				"south": {"uv": [8.5, 0, 9.25, 1], "texture": "#1"},
				"west": {"uv": [9.5, 0, 9.75, 1], "texture": "#1"},
				"down": {"uv": [10.25, 3.5, 9.5, 3.75], "texture": "#1"}
			}
		},
		{
			"from": [7.75, 7.75, 10.5],
			"to": [8.25, 9.25, 11],
			"rotation": {"angle": 22.5, "axis": "x", "origin": [8, 8.375, 10.75]},
			"faces": {
				"north": {"uv": [1, 9.5, 1.25, 10.25], "texture": "#1"},
				"east": {"uv": [1.5, 9.5, 1.75, 10.25], "texture": "#1"},
				"south": {"uv": [2, 9.5, 2.25, 10.25], "texture": "#1"},
				"west": {"uv": [2.5, 9.5, 2.75, 10.25], "texture": "#1"},
				"down": {"uv": [3.25, 10, 3, 10.25], "texture": "#1"}
			}
		},
		{
			"from": [7.25, 10.25, 6],
			"to": [8.75, 10.85, 9.5],
			"rotation": {"angle": 0, "axis": "y", "origin": [-5, 0, 0]},
			"faces": {
				"north": {"uv": [9, 2, 9.75, 2.75], "texture": "#1"},
				"east": {"uv": [5.5, 2, 7.25, 2.75], "texture": "#1"},
				"west": {"uv": [5.5, 6, 7.25, 6.75], "texture": "#1"},
				"up": {"uv": [7.25, 5.75, 6.5, 4], "texture": "#1"},
				"down": {"uv": [5.25, 6.5, 4.5, 8.25], "texture": "#1"}
			}
		},
		{
			"from": [7.25, 10.25, 9],
			"to": [8.75, 11.85, 9.5],
			"rotation": {"angle": 0, "axis": "y", "origin": [-5, 0, 3]},
			"faces": {
				"north": {"uv": [9, 2, 9.75, 2.75], "texture": "#1"},
				"east": {"uv": [5.5, 2, 7.25, 2.75], "texture": "#1"},
				"west": {"uv": [5.5, 6, 7.25, 6.75], "texture": "#1"},
				"up": {"uv": [7.25, 5.75, 6.5, 4], "texture": "#1"},
				"down": {"uv": [5.25, 6.5, 4.5, 8.25], "texture": "#1"}
			}
		},
		{
			"from": [8.25, 10.25, 6],
			"to": [8.75, 11.35, 9.5],
			"rotation": {"angle": 0, "axis": "y", "origin": [-5, 0, 0]},
			"faces": {
				"north": {"uv": [9, 2, 9.75, 2.75], "texture": "#1"},
				"east": {"uv": [5.5, 2, 7.25, 2.75], "texture": "#1"},
				"west": {"uv": [5.5, 6, 7.25, 6.75], "texture": "#1"},
				"up": {"uv": [7.25, 5.75, 6.5, 4], "texture": "#1"},
				"down": {"uv": [5.25, 6.5, 4.5, 8.25], "texture": "#1"}
			}
		},
		{
			"from": [7.25, 6.75, 7],
			"to": [8.75, 10.25, 9.5],
			"rotation": {"angle": 0, "axis": "y", "origin": [8.25, 0.13372, 0]},
			"faces": {
				"north": {"uv": [0, 6, 0.75, 7.75], "texture": "#1"},
				"east": {"uv": [3, 1, 4.25, 2.75], "texture": "#1"},
				"south": {"uv": [1, 6, 1.75, 7.75], "texture": "#1"},
				"west": {"uv": [2, 3, 3.25, 4.75], "texture": "#1"},
				"down": {"uv": [1.75, 8, 1, 9.25], "texture": "#1"}
			}
		},
		{
			"from": [7.35, 3.5, 7.1],
			"to": [8.65, 8, 9.4],
			"rotation": {"angle": 0, "axis": "y", "origin": [8.25, -1.86628, 0]},
			"faces": {
				"north": {"uv": [0, 6, 0.75, 7.75], "texture": "#1"},
				"east": {"uv": [3, 1, 4.25, 2.75], "texture": "#1"},
				"south": {"uv": [1, 6, 1.75, 7.75], "texture": "#1"},
				"west": {"uv": [2, 3, 3.25, 4.75], "texture": "#1"},
				"down": {"uv": [1.75, 8, 1, 9.25], "texture": "#9"}
			}
		},
		{
			"from": [7.25, 9, 9.5],
			"to": [8.75, 10.25, 15.25],
			"rotation": {"angle": 0, "axis": "y", "origin": [8.25, 0.13372, 0]},
			"faces": {
				"east": {"uv": [0, 2, 3, 2.75], "texture": "#1"},
				"south": {"uv": [5, 9, 5.75, 9.75], "texture": "#1"},
				"west": {"uv": [2.5, 0, 5.5, 0.75], "texture": "#1"},
				"up": {"uv": [0.75, 6, 0, 3], "texture": "#1"},
				"down": {"uv": [1.75, 3, 1, 6], "texture": "#1"}
			}
		},
		{
			"from": [7.25, 10.25, 9.5],
			"to": [8.75, 12, 14],
			"rotation": {"angle": 0, "axis": "y", "origin": [-5, 0, 0]},
			"faces": {
				"north": {"uv": [2, 8.5, 2.75, 9.5], "texture": "#1"},
				"east": {"uv": [0, 0, 2.25, 1], "texture": "#1"},
				"south": {"uv": [3, 8.5, 3.75, 9.5], "texture": "#1"},
				"west": {"uv": [0, 1, 2.25, 2], "texture": "#1"},
				"up": {"uv": [5.25, 6.25, 4.5, 4], "texture": "#1"}
			}
		},
		{
			"from": [7.375, 6.75, 9.5],
			"to": [8.625, 7.25, 11.25],
			"rotation": {"angle": 0, "axis": "y", "origin": [-1.125, 0, 0]},
			"faces": {
				"east": {"uv": [9, 9, 10, 9.25], "texture": "#1"},
				"south": {"uv": [3, 9.5, 3.75, 9.75], "texture": "#1"},
				"west": {"uv": [0, 9.5, 1, 9.75], "texture": "#1"},
				"up": {"uv": [6.25, 9, 5.5, 8], "texture": "#1"},
				"down": {"uv": [8.75, 7, 8, 8], "texture": "#1"}
			}
		},
		{
			"from": [7.75, 2.5, 14.75],
			"to": [8.25, 3, 15.25],
			"rotation": {"angle": 0, "axis": "y", "origin": [8, 0.13372, 0]},
			"faces": {
				"north": {"uv": [4.5, 10, 4.75, 10.25], "texture": "#1"},
				"east": {"uv": [5, 10, 5.25, 10.25], "texture": "#1"},
				"south": {"uv": [5.5, 10, 5.75, 10.25], "texture": "#1"},
				"west": {"uv": [10, 5.5, 10.25, 5.75], "texture": "#1"},
				"down": {"uv": [6.25, 10, 6, 10.25], "texture": "#1"}
			}
		},
		{
			"from": [7.25, 5, 13],
			"to": [8.75, 6.5, 16],
			"rotation": {"angle": 0, "axis": "y", "origin": [8, 0.13372, 0]},
			"faces": {
				"north": {"uv": [8.5, 3.5, 9.25, 4.25], "texture": "#2"},
				"east": {"uv": [2, 7, 3.5, 7.75], "texture": "#2"},
				"south": {"uv": [4, 8.5, 4.75, 9.25], "texture": "#2"},
				"west": {"uv": [5.5, 7, 7, 7.75], "texture": "#2"},
				"up": {"uv": [7.75, 8.5, 7, 7], "texture": "#2"},
				"down": {"uv": [8.25, 0, 7.5, 1.5], "texture": "#2"}
			}
		},
		{
			"from": [7.25, 3.5, 13.25],
			"to": [8.75, 5, 16.5],
			"rotation": {"angle": 0, "axis": "y", "origin": [8, 0.13372, 0]},
			"faces": {
				"north": {"uv": [8.5, 4.5, 9.25, 5.25], "texture": "#2"},
				"east": {"uv": [5.5, 0, 7.25, 0.75], "texture": "#2"},
				"south": {"uv": [8.5, 5.5, 9.25, 6.25], "texture": "#2"},
				"west": {"uv": [5.5, 1, 7.25, 1.75], "texture": "#2"},
				"up": {"uv": [2.75, 6.75, 2, 5], "texture": "#2"},
				"down": {"uv": [6.25, 4, 5.5, 5.75], "texture": "#2"}
			}
		},
		{
			"from": [7.25, 3, 13.75],
			"to": [8.75, 3.5, 16.25],
			"rotation": {"angle": 0, "axis": "y", "origin": [8, 0.13372, 0]},
			"faces": {
				"north": {"uv": [4, 9.5, 4.75, 9.75], "texture": "#2"},
				"east": {"uv": [7.5, 9, 8.75, 9.25], "texture": "#2"},
				"south": {"uv": [9.5, 4, 10.25, 4.25], "texture": "#2"},
				"west": {"uv": [9, 7.5, 10.25, 7.75], "texture": "#2"},
				"down": {"uv": [0.75, 8, 0, 9.25], "texture": "#2"}
			}
		},
		{
			"from": [7.25, 6.5, 12.75],
			"to": [8.75, 8, 15.5],
			"rotation": {"angle": 0, "axis": "y", "origin": [8, 0.13372, 0]},
			"faces": {
				"north": {"uv": [6.5, 8.5, 7.25, 9.25], "texture": "#2"},
				"east": {"uv": [7.5, 1.5, 9, 2.25], "texture": "#2"},
				"south": {"uv": [9, 1, 9.75, 1.75], "texture": "#2"},
				"west": {"uv": [7.5, 2.5, 9, 3.25], "texture": "#2"},
				"up": {"uv": [8.25, 5, 7.5, 3.5], "texture": "#2"},
				"down": {"uv": [8.25, 5, 7.5, 6.5], "texture": "#2"}
			}
		},
		{
			"from": [7.25, 8, 11.75],
			"to": [8.75, 9, 15],
			"rotation": {"angle": 0, "axis": "y", "origin": [8, 0.13372, 0]},
			"faces": {
				"north": {"uv": [9, 3, 9.75, 3.5], "texture": "#2"},
				"east": {"uv": [7.5, 6.5, 9.25, 7], "texture": "#2"},
				"south": {"uv": [9, 7, 9.75, 7.5], "texture": "#2"},
				"west": {"uv": [2, 8, 3.75, 8.5], "texture": "#2"},
				"down": {"uv": [5.25, 1, 4.5, 2.75], "texture": "#2"}
			}
		},
		{
			"from": [7.3, 3.75, 15.25],
			"to": [8.7, 6.75, 29.25],
			"rotation": {"angle": 0, "axis": "y", "origin": [8, 7.25, 24.41667]},
			"faces": {
				"east": {"uv": [0, 0, 7, 1.5], "texture": "#2"},
				"south": {"uv": [5, 5, 5.75, 6.5], "texture": "#2"},
				"west": {"uv": [0, 1.5, 7, 3], "texture": "#2"},
				"up": {"uv": [0.75, 12, 0, 5], "texture": "#2"},
				"down": {"uv": [1.75, 5, 1, 12], "texture": "#2"}
			}
		},
		{
			"from": [7.3, 6.75, 23.25],
			"to": [8.7, 10.25, 29.25],
			"rotation": {"angle": 0, "axis": "y", "origin": [8, 7.25, 24.41667]},
			"faces": {
				"north": {"uv": [3, 5, 3.75, 6.75], "texture": "#2"},
				"east": {"uv": [0, 3, 4, 4.75], "texture": "#2"},
				"south": {"uv": [4, 5, 4.75, 6.75], "texture": "#2"},
				"west": {"uv": [4, 3, 8, 4.75], "texture": "#2"},
				"up": {"uv": [2.75, 9, 2, 5], "texture": "#2"}
			}
		},
		{
			"from": [7.3, 2.75, 19],
			"to": [8.7, 8.25, 22.3],
			"rotation": {"angle": 45, "axis": "x", "origin": [8, 4.25, 23.41667]},
			"faces": {
				"north": {"uv": [6, 5, 6.75, 6.25], "texture": "#2"},
				"east": {"uv": [5, 6.5, 5.5, 7.75], "texture": "#2"},
				"west": {"uv": [5.5, 6.5, 6, 7.75], "texture": "#2"},
				"up": {"uv": [6.75, 7, 6, 6.5], "texture": "#2"}
			}
		},
		{
			"from": [6.2, 11, 8],
			"to": [7.1, 11.1, 8.1],
			"rotation": {"angle": -45, "axis": "z", "origin": [7, 11.7, 7.05]},
			"faces": {
				"north": {"uv": [11.5, 6, 10.5, 7.25], "rotation": 90, "texture": "#7"},
				"east": {"uv": [0, 9, 1, 11.5], "rotation": 270, "texture": "#5"},
				"south": {"uv": [10, 10.5, 9, 11.75], "rotation": 270, "texture": "#7"},
				"west": {"uv": [8, 11, 9, 8.5], "rotation": 270, "texture": "#5"},
				"up": {"uv": [9.5, 5, 7, 6.25], "rotation": 270, "texture": "#7"},
				"down": {"uv": [7.5, 7, 5, 8.25], "rotation": 270, "texture": "#5"}
			}
		},
		{
			"from": [4.9, 11, 8],
			"to": [5.8, 11.1, 8.1],
			"rotation": {"angle": 45, "axis": "z", "origin": [5, 11.7, 7.05]},
			"faces": {
				"north": {"uv": [11.5, 7.25, 10.5, 6], "rotation": 90, "texture": "#7"},
				"east": {"uv": [8, 8.5, 9, 11], "rotation": 270, "texture": "#5"},
				"south": {"uv": [10, 11.75, 9, 10.5], "rotation": 270, "texture": "#7"},
				"west": {"uv": [0, 11.5, 1, 9], "rotation": 270, "texture": "#5"},
				"up": {"uv": [9.5, 6.25, 7, 5], "rotation": 270, "texture": "#7"},
				"down": {"uv": [7.5, 8.25, 5, 7], "rotation": 270, "texture": "#5"}
			}
		},
		{
			"from": [6.6, 10.9, 6],
			"to": [6.8, 12.6, 7],
			"rotation": {"angle": 0, "axis": "y", "origin": [6.95, 12, 2.5]},
			"faces": {
				"north": {"uv": [11.5, 6, 10.5, 7.25], "texture": "#9"},
				"east": {"uv": [9.5, 5, 7, 6.25], "texture": "#9"},
				"south": {"uv": [10, 10.5, 9, 11.75], "texture": "#9"},
				"west": {"uv": [7.5, 7, 5, 8.25], "texture": "#9"},
				"up": {"uv": [8, 11, 9, 8.5], "texture": "#9"},
				"down": {"uv": [0, 9, 1, 11.5], "texture": "#9"}
			}
		},
		{
			"from": [5.2, 12.45, 6],
			"to": [6.8, 12.65, 7],
			"rotation": {"angle": 0, "axis": "z", "origin": [6.3, 12.75, 6.5]},
			"faces": {
				"north": {"uv": [10.5, 6, 11.5, 7.25], "rotation": 270, "texture": "#9"},
				"east": {"uv": [9, 11, 8, 8.5], "rotation": 90, "texture": "#9"},
				"south": {"uv": [9, 10.5, 10, 11.75], "rotation": 90, "texture": "#9"},
				"west": {"uv": [1, 9, 0, 11.5], "rotation": 90, "texture": "#9"},
				"up": {"uv": [7, 5, 9.5, 6.25], "rotation": 90, "texture": "#9"},
				"down": {"uv": [5, 7, 7.5, 8.25], "rotation": 90, "texture": "#9"}
			}
		},
		{
			"from": [5.2, 10.9, 6],
			"to": [6.8, 11.1, 7],
			"rotation": {"angle": 0, "axis": "z", "origin": [6.3, 11.75, 6.5]},
			"faces": {
				"north": {"uv": [10.5, 6, 11.5, 7.25], "rotation": 270, "texture": "#9"},
				"east": {"uv": [9, 11, 8, 8.5], "rotation": 90, "texture": "#9"},
				"south": {"uv": [9, 10.5, 10, 11.75], "rotation": 90, "texture": "#9"},
				"west": {"uv": [1, 9, 0, 11.5], "rotation": 90, "texture": "#9"},
				"up": {"uv": [7, 5, 9.5, 6.25], "rotation": 90, "texture": "#9"},
				"down": {"uv": [5, 7, 7.5, 8.25], "rotation": 90, "texture": "#9"}
			}
		},
		{
			"from": [5.2, 10.9, 6],
			"to": [5.4, 12.6, 7],
			"rotation": {"angle": 0, "axis": "y", "origin": [5.05, 12, 2.5]},
			"faces": {
				"north": {"uv": [10.5, 6, 11.5, 7.25], "texture": "#9"},
				"east": {"uv": [5, 7, 7.5, 8.25], "texture": "#9"},
				"south": {"uv": [9, 10.5, 10, 11.75], "texture": "#9"},
				"west": {"uv": [7, 5, 9.5, 6.25], "texture": "#9"},
				"up": {"uv": [9, 11, 8, 8.5], "texture": "#9"},
				"down": {"uv": [1, 9, 0, 11.5], "texture": "#9"}
			}
		},
		{
			"from": [5.2, 12.45, 11],
			"to": [6.8, 12.65, 12],
			"rotation": {"angle": 0, "axis": "z", "origin": [6.3, 12.75, 11.5]},
			"faces": {
				"north": {"uv": [10.5, 6, 11.5, 7.25], "rotation": 270, "texture": "#9"},
				"east": {"uv": [9, 11, 8, 8.5], "rotation": 90, "texture": "#9"},
				"south": {"uv": [9, 10.5, 10, 11.75], "rotation": 90, "texture": "#9"},
				"west": {"uv": [1, 9, 0, 11.5], "rotation": 90, "texture": "#9"},
				"up": {"uv": [7, 5, 9.5, 6.25], "rotation": 90, "texture": "#9"},
				"down": {"uv": [5, 7, 7.5, 8.25], "rotation": 90, "texture": "#9"}
			}
		},
		{
			"from": [6.6, 10.9, 11],
			"to": [6.8, 12.6, 12],
			"rotation": {"angle": 0, "axis": "y", "origin": [6.95, 12, 7.5]},
			"faces": {
				"north": {"uv": [11.5, 6, 10.5, 7.25], "texture": "#9"},
				"east": {"uv": [9.5, 5, 7, 6.25], "texture": "#9"},
				"south": {"uv": [10, 10.5, 9, 11.75], "texture": "#9"},
				"west": {"uv": [7.5, 7, 5, 8.25], "texture": "#9"},
				"up": {"uv": [8, 11, 9, 8.5], "texture": "#9"},
				"down": {"uv": [0, 9, 1, 11.5], "texture": "#9"}
			}
		},
		{
			"from": [5.2, 10.9, 11],
			"to": [5.4, 12.6, 12],
			"rotation": {"angle": 0, "axis": "y", "origin": [5.05, 12, 7.5]},
			"faces": {
				"north": {"uv": [10.5, 6, 11.5, 7.25], "texture": "#9"},
				"east": {"uv": [5, 7, 7.5, 8.25], "texture": "#9"},
				"south": {"uv": [9, 10.5, 10, 11.75], "texture": "#9"},
				"west": {"uv": [7, 5, 9.5, 6.25], "texture": "#9"},
				"up": {"uv": [9, 11, 8, 8.5], "texture": "#9"},
				"down": {"uv": [1, 9, 0, 11.5], "texture": "#9"}
			}
		},
		{
			"from": [5.2, 10.9, 11],
			"to": [6.8, 11.1, 12],
			"rotation": {"angle": 0, "axis": "z", "origin": [6.3, 11.75, 11.5]},
			"faces": {
				"north": {"uv": [10.5, 6, 11.5, 7.25], "rotation": 270, "texture": "#9"},
				"east": {"uv": [9, 11, 8, 8.5], "rotation": 90, "texture": "#9"},
				"south": {"uv": [9, 10.5, 10, 11.75], "rotation": 90, "texture": "#9"},
				"west": {"uv": [1, 9, 0, 11.5], "rotation": 90, "texture": "#9"},
				"up": {"uv": [7, 5, 9.5, 6.25], "rotation": 90, "texture": "#9"},
				"down": {"uv": [5, 7, 7.5, 8.25], "rotation": 90, "texture": "#9"}
			}
		},
		{
			"from": [5.3, 11, 7],
			"to": [6.7, 11.1, 11],
			"rotation": {"angle": 0, "axis": "z", "origin": [5.95, 12, 7.5]},
			"faces": {
				"north": {"uv": [10.5, 7.25, 11.5, 6], "rotation": 270, "texture": "#5"},
				"east": {"uv": [1, 11.5, 0, 9], "rotation": 90, "texture": "#5"},
				"south": {"uv": [9, 11.75, 10, 10.5], "rotation": 90, "texture": "#5"},
				"west": {"uv": [9, 8.5, 8, 11], "rotation": 90, "texture": "#5"},
				"up": {"uv": [7, 6.25, 9.5, 5], "rotation": 90, "texture": "#5"},
				"down": {"uv": [5, 8.25, 7.5, 7], "rotation": 90, "texture": "#5"}
			}
		},
		{
			"from": [6.6, 11, 7],
			"to": [6.7, 12.4, 11],
			"rotation": {"angle": 0, "axis": "y", "origin": [6.95, 12, 7.5]},
			"faces": {
				"north": {"uv": [11.5, 6, 10.5, 7.25], "texture": "#5"},
				"east": {"uv": [9.5, 5, 7, 6.25], "texture": "#5"},
				"south": {"uv": [10, 10.5, 9, 11.75], "texture": "#5"},
				"west": {"uv": [7.5, 7, 5, 8.25], "texture": "#5"},
				"up": {"uv": [8, 11, 9, 8.5], "texture": "#5"},
				"down": {"uv": [0, 9, 1, 11.5], "texture": "#5"}
			}
		},
		{
			"from": [6.63, 11, 7],
			"to": [7.28, 11.7, 11],
			"rotation": {"angle": 0, "axis": "y", "origin": [6.95, 12, 7.5]},
			"faces": {
				"north": {"uv": [11.5, 6, 10.5, 7.25], "texture": "#5"},
				"east": {"uv": [9.5, 5, 7, 6.25], "texture": "#5"},
				"south": {"uv": [10, 10.5, 9, 11.75], "texture": "#5"},
				"west": {"uv": [7.5, 7, 5, 8.25], "texture": "#5"},
				"up": {"uv": [8, 11, 9, 8.5], "texture": "#5"},
				"down": {"uv": [0, 9, 1, 11.5], "texture": "#5"}
			}
		},
		{
			"from": [5.3, 11, 7],
			"to": [5.4, 12.4, 11],
			"rotation": {"angle": 0, "axis": "y", "origin": [5.05, 12, 7.5]},
			"faces": {
				"north": {"uv": [10.5, 6, 11.5, 7.25], "texture": "#5"},
				"east": {"uv": [5, 7, 7.5, 8.25], "texture": "#5"},
				"south": {"uv": [9, 10.5, 10, 11.75], "texture": "#5"},
				"west": {"uv": [7, 5, 9.5, 6.25], "texture": "#5"},
				"up": {"uv": [9, 11, 8, 8.5], "texture": "#5"},
				"down": {"uv": [1, 9, 0, 11.5], "texture": "#5"}
			}
		},
		{
			"from": [5.3, 12.4, 7],
			"to": [6.7, 12.5, 11],
			"rotation": {"angle": 0, "axis": "z", "origin": [6.05, 13, 7.5]},
			"faces": {
				"north": {"uv": [10.5, 6, 11.5, 7.25], "rotation": 270, "texture": "#5"},
				"east": {"uv": [9, 11, 8, 8.5], "rotation": 90, "texture": "#5"},
				"south": {"uv": [9, 10.5, 10, 11.75], "rotation": 90, "texture": "#5"},
				"west": {"uv": [1, 9, 0, 11.5], "rotation": 90, "texture": "#5"},
				"up": {"uv": [7, 5, 9.5, 6.25], "rotation": 90, "texture": "#5"},
				"down": {"uv": [5, 7, 7.5, 8.25], "rotation": 90, "texture": "#5"}
			}
		},
		{
			"from": [5.4, 11.1, 6.3],
			"to": [6.6, 12.4, 6.4],
			"rotation": {"angle": 0, "axis": "x", "origin": [6.05, 13, 5.5]},
			"faces": {
				"north": {"uv": [7, 5, 9.5, 6.25], "rotation": 270, "texture": "#6"},
				"east": {"uv": [9, 11, 8, 8.5], "rotation": 180, "texture": "#5"},
				"south": {"uv": [5, 7, 7.5, 8.25], "rotation": 90, "texture": "#6"},
				"west": {"uv": [1, 9, 0, 11.5], "texture": "#5"},
				"up": {"uv": [9, 10.5, 10, 11.75], "rotation": 90, "texture": "#5"},
				"down": {"uv": [10.5, 6, 11.5, 7.25], "rotation": 90, "texture": "#5"}
			}
		},
		{
			"from": [5.4, 11.1, 11],
			"to": [6.6, 12.4, 11.1],
			"rotation": {"angle": 0, "axis": "x", "origin": [6.05, 13, 10.5]},
			"faces": {
				"north": {"uv": [7, 5, 9.5, 6.25], "rotation": 270, "texture": "#6"},
				"east": {"uv": [9, 11, 8, 8.5], "rotation": 180, "texture": "#5"},
				"south": {"uv": [5, 7, 7.5, 8.25], "rotation": 90, "texture": "#6"},
				"west": {"uv": [1, 9, 0, 11.5], "texture": "#5"},
				"up": {"uv": [9, 10.5, 10, 11.75], "rotation": 90, "texture": "#5"},
				"down": {"uv": [10.5, 6, 11.5, 7.25], "rotation": 90, "texture": "#5"}
			}
		}
	],
	"gui_light": "front",
	"display": {
		"thirdperson_righthand": {
			"translation": [0, -0.5, -1.75],
			"scale": [0.7, 0.7, 0.7]
		},
		"thirdperson_lefthand": {
			"translation": [0, 0, -2.5],
			"scale": [0.7, 0.7, 0.7]
		},
		"firstperson_righthand": {
			"translation": [1.25, 2, -4.25]
		},
		"firstperson_lefthand": {
			"translation": [0, 3.25, -4]
		},
		"ground": {
			"translation": [0, 2.75, 0],
			"scale": [0.5, 0.5, 0.5]
		},
		"gui": {
			"rotation": [0, 90, 0]
		},
		"fixed": {
			"rotation": [0, 90, 0],
			"translation": [0, -1, -1.25],
			"scale": [1.1, 1.1, 1.1]
		}
	},
	"groups": [
		{
			"name": "JINSHU",
			"origin": [8, 11.1875, 14.6875],
			"color": 0,
			"children": [
				0,
				1,
				2,
				3,
				{
					"name": "JINSHU",
					"origin": [8, 11.1875, 14.6875],
					"color": 0,
					"children": [4, 5, 6, 7, 8, 9, 10, 11, 12]
				},
				13,
				14
			]
		},
		{
			"name": "QIANGGUAN",
			"origin": [-1.25, 0, 0],
			"color": 0,
			"children": [
				15,
				{
					"name": "QIANGGUAN",
					"origin": [17.25, 0, 0],
					"color": 0,
					"children": [16, 17, 18]
				},
				19,
				20,
				21,
				22,
				23,
				24,
				25,
				26,
				27,
				28,
				29
			]
		},
		{
			"name": "WOOD",
			"origin": [8, 0.13372, 0],
			"color": 0,
			"children": [30, 31, 32, 33, 34]
		},
		{
			"name": "c96_stock",
			"origin": [8, 8, 8],
			"color": 0,
			"children": [35, 36, 37]
		},
		{
			"name": "lebel_f",
			"origin": [8, 8, 8],
			"color": 0,
			"children": [
				{
					"name": "group",
					"origin": [9, 0, 23.5],
					"color": 0,
					"children": [
						{
							"name": "zhunxing",
							"origin": [7, 9.7, 7.05],
							"color": 0,
							"children": [38, 39]
						},
						{
							"name": "huquan",
							"origin": [8, 8, 8],
							"color": 0,
							"children": [40, 41, 42, 43, 44, 45, 46, 47]
						},
						{
							"name": "miaoju",
							"origin": [8.25, 9, 19.5],
							"color": 0,
							"children": [
								48,
								49,
								50,
								51,
								52,
								{
									"name": "boli",
									"origin": [8.05, 11, 10.5],
									"color": 0,
									"children": [53, 54]
								}
							]
						}
					]
				}
			]
		}
	]
}