{
	"credit": "Made with Blockbench",
	"textures": {
		"2": "block/color/gray",
		"3": "block/color/lightgray_three",
		"4": "block/color/armycamotwo",
		"particle": "block/color/wood_one"
	},
	"elements": [
		{
			"from": [8.2, 9.06037, 12.25],
			"to": [9.2, 9.56037, 12.75],
			"rotation": {"angle": 0, "axis": "z", "origin": [8.29349, 9.31037, 12.5]},
			"faces": {
				"north": {"uv": [14.75, 7.5, 14.5, 8], "rotation": 180, "texture": "#4"},
				"east": {"uv": [14.75, 8, 14.5, 8.5], "rotation": 180, "texture": "#4"},
				"south": {"uv": [8.75, 14.5, 8.5, 15], "rotation": 180, "texture": "#4"},
				"west": {"uv": [14.75, 8.5, 14.5, 9], "rotation": 180, "texture": "#2"},
				"up": {"uv": [14.5, 14, 14.75, 14.25], "rotation": 180, "texture": "#4"},
				"down": {"uv": [14.5, 13.75, 14.75, 13.5], "rotation": 180, "texture": "#4"}
			}
		},
		{
			"from": [7.75, 9, -15.25],
			"to": [8.25, 9.5, -14.75],
			"rotation": {"angle": 0, "axis": "y", "origin": [6.75, 0, 14.5]},
			"faces": {
				"north": {"uv": [15, 0.5, 15.25, 0.75], "texture": "#4"},
				"east": {"uv": [1, 15, 1.25, 15.25], "texture": "#4"},
				"south": {"uv": [1.5, 15, 1.75, 15.25], "texture": "#4"},
				"west": {"uv": [2, 15, 2.25, 15.25], "texture": "#2"},
				"up": {"uv": [2.75, 15.25, 2.5, 15], "texture": "#4"},
				"down": {"uv": [15.25, 2.5, 15, 2.75], "texture": "#4"}
			}
		},
		{
			"from": [6.7, 8, 12.25],
			"to": [7.2, 9.5, 12.75],
			"rotation": {"angle": 0, "axis": "z", "origin": [6.58573, 8.24913, 12.4875]},
			"faces": {
				"north": {"uv": [14.5, 8, 14.75, 7.5], "rotation": 90, "texture": "#4"},
				"east": {"uv": [14.75, 13.5, 14.5, 13.75], "rotation": 270, "texture": "#4"},
				"south": {"uv": [8.5, 15, 8.75, 14.5], "rotation": 270, "texture": "#4"},
				"west": {"uv": [14.75, 14.25, 14.5, 14], "rotation": 270, "texture": "#2"},
				"up": {"uv": [14.5, 8.5, 14.75, 8], "rotation": 270, "texture": "#4"},
				"down": {"uv": [14.5, 9, 14.75, 8.5], "rotation": 270, "texture": "#4"}
			}
		},
		{
			"from": [7.85, 8.4, 16.25],
			"to": [8.15, 8.55, 17.15],
			"rotation": {"angle": 0, "axis": "x", "origin": [8, 10.25, 16.5]},
			"faces": {
				"north": {"uv": [14.5, 7.5, 14.75, 8], "rotation": 90, "texture": "#4"},
				"east": {"uv": [14.75, 14, 14.5, 14.25], "rotation": 270, "texture": "#4"},
				"south": {"uv": [8.5, 14.5, 8.75, 15], "rotation": 270, "texture": "#4"},
				"west": {"uv": [14.75, 13.75, 14.5, 13.5], "rotation": 270, "texture": "#2"},
				"up": {"uv": [14.5, 8, 14.75, 8.5], "rotation": 270, "texture": "#4"},
				"down": {"uv": [14.5, 8.5, 14.75, 9], "rotation": 270, "texture": "#4"}
			}
		},
		{
			"from": [7.85, 8, 16.25],
			"to": [8.15, 8.5, 16.75],
			"rotation": {"angle": -22.5, "axis": "x", "origin": [8, 8.25, 16.5]},
			"faces": {
				"north": {"uv": [14.5, 7.5, 14.75, 8], "rotation": 90, "texture": "#4"},
				"east": {"uv": [14.75, 14, 14.5, 14.25], "rotation": 270, "texture": "#4"},
				"south": {"uv": [8.5, 14.5, 8.75, 15], "rotation": 270, "texture": "#4"},
				"west": {"uv": [14.75, 13.75, 14.5, 13.5], "rotation": 270, "texture": "#2"},
				"up": {"uv": [14.5, 8, 14.75, 8.5], "rotation": 270, "texture": "#4"},
				"down": {"uv": [14.5, 8.5, 14.75, 9], "rotation": 270, "texture": "#4"}
			}
		},
		{
			"from": [7.65, 8.5, -15.25],
			"to": [8.35, 9, -14.5],
			"rotation": {"angle": 0, "axis": "y", "origin": [6.75, 0, 14.5]},
			"faces": {
				"north": {"uv": [14.5, 14.5, 14.75, 14.75], "texture": "#4"},
				"east": {"uv": [12.5, 14, 13.5, 14.25], "texture": "#4"},
				"south": {"uv": [0, 15, 0.25, 15.25], "texture": "#4"},
				"west": {"uv": [14, 12.5, 15, 12.75], "texture": "#2"},
				"up": {"uv": [14.25, 14, 14, 13], "texture": "#4"},
				"down": {"uv": [14.25, 14, 14, 15], "texture": "#4"}
			}
		},
		{
			"from": [7.45, 7.75, -16],
			"to": [8.45, 8.75, 7.5],
			"rotation": {"angle": 0, "axis": "y", "origin": [7, 0, 21.5]},
			"faces": {
				"north": {"uv": [0, 13, 1, 14], "texture": "#4"},
				"east": {"uv": [6.5, 4, 14.75, 4.5], "texture": "#4"},
				"south": {"uv": [2.5, 14, 3, 14.5], "texture": "#4"},
				"west": {"uv": [6.5, 4.5, 14.75, 5], "texture": "#2"},
				"up": {"uv": [7, 13.25, 6.5, 5], "texture": "#4"},
				"down": {"uv": [7.5, 5, 7, 13.25], "texture": "#4"}
			}
		},
		{
			"from": [6.8, 9.06037, 12.25],
			"to": [7.8, 9.56037, 12.75],
			"rotation": {"angle": 0, "axis": "z", "origin": [7.70651, 9.31037, 12.5]},
			"faces": {
				"north": {"uv": [14.5, 7.5, 14.75, 8], "rotation": 180, "texture": "#4"},
				"east": {"uv": [14.5, 8.5, 14.75, 9], "rotation": 180, "texture": "#4"},
				"south": {"uv": [8.5, 14.5, 8.75, 15], "rotation": 180, "texture": "#4"},
				"west": {"uv": [14.5, 8, 14.75, 8.5], "rotation": 180, "texture": "#2"},
				"up": {"uv": [14.75, 14, 14.5, 14.25], "rotation": 180, "texture": "#4"},
				"down": {"uv": [14.75, 13.75, 14.5, 13.5], "rotation": 180, "texture": "#4"}
			}
		},
		{
			"from": [8.8, 8, 12.25],
			"to": [9.3, 9.5, 12.75],
			"rotation": {"angle": 0, "axis": "z", "origin": [9.41427, 8.24913, 12.4875]},
			"faces": {
				"north": {"uv": [14.5, 7.5, 14.75, 8], "rotation": 90, "texture": "#4"},
				"east": {"uv": [14.75, 14, 14.5, 14.25], "rotation": 270, "texture": "#4"},
				"south": {"uv": [8.5, 14.5, 8.75, 15], "rotation": 270, "texture": "#4"},
				"west": {"uv": [14.75, 13.75, 14.5, 13.5], "rotation": 270, "texture": "#2"},
				"up": {"uv": [14.5, 8, 14.75, 8.5], "rotation": 270, "texture": "#4"},
				"down": {"uv": [14.5, 8.5, 14.75, 9], "rotation": 270, "texture": "#4"}
			}
		},
		{
			"from": [7, 6.4, 7],
			"to": [8.9, 8.1, 10],
			"rotation": {"angle": 0, "axis": "y", "origin": [7, 0, 33.5]},
			"faces": {
				"north": {"uv": [8, 12.5, 9, 13.25], "texture": "#3"},
				"east": {"uv": [10.5, 7, 12.25, 7.75], "texture": "#3"},
				"south": {"uv": [9, 12.5, 10, 13.25], "texture": "#3"},
				"west": {"uv": [11, 1, 12.75, 1.75], "texture": "#3"},
				"up": {"uv": [5, 12.25, 4, 10.5], "texture": "#3"},
				"down": {"uv": [6, 10.5, 5, 12.25], "texture": "#3"}
			}
		},
		{
			"from": [7, 6.8, -14],
			"to": [8.9, 8.3, 3.5],
			"rotation": {"angle": 0, "axis": "y", "origin": [7, 0, 23.5]},
			"faces": {
				"north": {"uv": [8, 12.5, 9, 13.25], "texture": "#3"},
				"east": {"uv": [10.5, 7, 12.25, 7.75], "texture": "#3"},
				"south": {"uv": [9, 12.5, 10, 13.25], "texture": "#3"},
				"west": {"uv": [11, 1, 12.75, 1.75], "texture": "#3"},
				"up": {"uv": [5, 12.25, 4, 10.5], "texture": "#3"},
				"down": {"uv": [6, 10.5, 5, 12.25], "texture": "#3"}
			}
		},
		{
			"from": [7, 6.8, 3],
			"to": [8.9, 8.3, 10],
			"rotation": {"angle": 0, "axis": "y", "origin": [7, 0, 36.5]},
			"faces": {
				"north": {"uv": [8, 12.5, 9, 13.25], "texture": "#3"},
				"east": {"uv": [10.5, 7, 12.25, 7.75], "texture": "#3"},
				"south": {"uv": [9, 12.5, 10, 13.25], "texture": "#3"},
				"west": {"uv": [11, 1, 12.75, 1.75], "texture": "#3"},
				"up": {"uv": [5, 12.25, 4, 10.5], "texture": "#3"},
				"down": {"uv": [6, 10.5, 5, 12.25], "texture": "#3"}
			}
		},
		{
			"from": [7.5, 5.75, 15.75],
			"to": [8.5, 6, 20.75],
			"rotation": {"angle": 22.5, "axis": "x", "origin": [8, 5.375, 16]},
			"faces": {
				"north": {"uv": [9.5, 13.5, 10, 14.25], "texture": "#3"},
				"east": {"uv": [3.5, 14.5, 3.75, 15.25], "texture": "#3"},
				"south": {"uv": [13.5, 12.5, 14, 13.25], "texture": "#3"},
				"west": {"uv": [5, 14.5, 5.25, 15.25], "texture": "#3"},
				"up": {"uv": [9.5, 14.75, 9, 14.5], "texture": "#3"},
				"down": {"uv": [10, 14.5, 9.5, 14.75], "texture": "#3"}
			}
		},
		{
			"from": [7.5, 8, 15.75],
			"to": [8.5, 8.4, 20.75],
			"rotation": {"angle": 22.5, "axis": "x", "origin": [8, 7.375, 16]},
			"faces": {
				"north": {"uv": [9.5, 13.5, 10, 14.25], "texture": "#3"},
				"east": {"uv": [3.5, 14.5, 3.75, 15.25], "texture": "#3"},
				"south": {"uv": [13.5, 12.5, 14, 13.25], "texture": "#3"},
				"west": {"uv": [5, 14.5, 5.25, 15.25], "texture": "#3"},
				"up": {"uv": [9.5, 14.75, 9, 14.5], "texture": "#3"},
				"down": {"uv": [10, 14.5, 9.5, 14.75], "texture": "#3"}
			}
		},
		{
			"from": [7.5, 6.2, 20.2],
			"to": [8.5, 6.6, 28.41974],
			"rotation": {"angle": 0, "axis": "x", "origin": [8, 5.70214, 24.78026]},
			"faces": {
				"north": {"uv": [9.5, 13.5, 10, 14.25], "texture": "#3"},
				"east": {"uv": [3.5, 14.5, 3.75, 15.25], "texture": "#3"},
				"south": {"uv": [13.5, 12.5, 14, 13.25], "texture": "#3"},
				"west": {"uv": [5, 14.5, 5.25, 15.25], "texture": "#3"},
				"up": {"uv": [9.5, 14.75, 9, 14.5], "texture": "#3"},
				"down": {"uv": [10, 14.5, 9.5, 14.75], "texture": "#3"}
			}
		},
		{
			"from": [7.5, 3, 19.2],
			"to": [8.5, 3.4, 28.41974],
			"rotation": {"angle": 22.5, "axis": "x", "origin": [8, 2.70214, 23.78026]},
			"faces": {
				"north": {"uv": [9.5, 13.5, 10, 14.25], "texture": "#3"},
				"east": {"uv": [3.5, 14.5, 3.75, 15.25], "texture": "#3"},
				"south": {"uv": [13.5, 12.5, 14, 13.25], "texture": "#3"},
				"west": {"uv": [5, 14.5, 5.25, 15.25], "texture": "#3"},
				"up": {"uv": [9.5, 14.75, 9, 14.5], "texture": "#3"},
				"down": {"uv": [10, 14.5, 9.5, 14.75], "texture": "#3"}
			}
		},
		{
			"from": [7.5, 1.4, 28.07812],
			"to": [8.5, 6.4, 28.47812],
			"rotation": {"angle": 0, "axis": "x", "origin": [8, 1.70214, 27.78026]},
			"faces": {
				"north": {"uv": [10, 14.5, 9.5, 14.75], "rotation": 180, "texture": "#3"},
				"east": {"uv": [3.5, 14.5, 3.75, 15.25], "rotation": 270, "texture": "#3"},
				"south": {"uv": [9.5, 14.75, 9, 14.5], "texture": "#3"},
				"west": {"uv": [5, 14.5, 5.25, 15.25], "rotation": 90, "texture": "#3"},
				"up": {"uv": [9.5, 13.5, 10, 14.25], "rotation": 180, "texture": "#3"},
				"down": {"uv": [13.5, 12.5, 14, 13.25], "texture": "#3"}
			}
		},
		{
			"from": [7.5, 6.2, 15.75],
			"to": [8.5, 6.6, 19.75],
			"rotation": {"angle": 22.5, "axis": "x", "origin": [8, 5.375, 16]},
			"faces": {
				"north": {"uv": [9.5, 13.5, 10, 14.25], "texture": "#3"},
				"east": {"uv": [3.5, 14.5, 3.75, 15.25], "texture": "#3"},
				"south": {"uv": [13.5, 12.5, 14, 13.25], "texture": "#3"},
				"west": {"uv": [5, 14.5, 5.25, 15.25], "texture": "#3"},
				"up": {"uv": [9.5, 14.75, 9, 14.5], "texture": "#3"},
				"down": {"uv": [10, 14.5, 9.5, 14.75], "texture": "#3"}
			}
		},
		{
			"from": [7.5, 4.4, 15.75],
			"to": [8.5, 4.65, 20.25],
			"rotation": {"angle": 22.5, "axis": "x", "origin": [8, 4.375, 16]},
			"faces": {
				"north": {"uv": [9.5, 13.5, 10, 14.25], "texture": "#3"},
				"east": {"uv": [3.5, 14.5, 3.75, 15.25], "texture": "#3"},
				"south": {"uv": [13.5, 12.5, 14, 13.25], "texture": "#3"},
				"west": {"uv": [5, 14.5, 5.25, 15.25], "texture": "#3"},
				"up": {"uv": [9.5, 14.75, 9, 14.5], "texture": "#3"},
				"down": {"uv": [10, 14.5, 9.5, 14.75], "texture": "#3"}
			}
		},
		{
			"from": [6.7, 7.4, 10],
			"to": [7, 9.1, 11.5],
			"rotation": {"angle": 0, "axis": "z", "origin": [6.85, 8.25, 12.75]},
			"faces": {
				"north": {"uv": [9, 12.5, 8, 13.25], "rotation": 180, "texture": "#3"},
				"east": {"uv": [12.25, 7, 10.5, 7.75], "rotation": 180, "texture": "#3"},
				"south": {"uv": [10, 12.5, 9, 13.25], "rotation": 180, "texture": "#3"},
				"west": {"uv": [12.75, 1, 11, 1.75], "rotation": 180, "texture": "#3"},
				"up": {"uv": [5, 10.5, 6, 12.25], "rotation": 180, "texture": "#3"},
				"down": {"uv": [4, 12.25, 5, 10.5], "rotation": 180, "texture": "#3"}
			}
		},
		{
			"from": [7.5, 2.7, 19.725],
			"to": [8.5, 4.2, 19.975],
			"rotation": {"angle": 22.5, "axis": "x", "origin": [8, 2.375, 20]},
			"faces": {
				"north": {"uv": [9.5, 14.75, 9, 14.5], "rotation": 180, "texture": "#3"},
				"east": {"uv": [3.5, 14.5, 3.75, 15.25], "rotation": 90, "texture": "#3"},
				"south": {"uv": [10, 14.5, 9.5, 14.75], "texture": "#3"},
				"west": {"uv": [5, 14.5, 5.25, 15.25], "rotation": 270, "texture": "#3"},
				"up": {"uv": [13.5, 12.5, 14, 13.25], "texture": "#3"},
				"down": {"uv": [9.5, 13.5, 10, 14.25], "rotation": 180, "texture": "#3"}
			}
		},
		{
			"from": [7.3, 9.1, 10],
			"to": [9.2, 9.34, 11.5],
			"rotation": {"angle": 0, "axis": "z", "origin": [8.15, 9.25, 12.75]},
			"faces": {
				"north": {"uv": [8, 12.5, 9, 13.25], "rotation": 270, "texture": "#3"},
				"east": {"uv": [5, 12.25, 4, 10.5], "rotation": 90, "texture": "#3"},
				"south": {"uv": [9, 12.5, 10, 13.25], "rotation": 90, "texture": "#3"},
				"west": {"uv": [6, 10.5, 5, 12.25], "rotation": 90, "texture": "#3"},
				"up": {"uv": [11, 1, 12.75, 1.75], "rotation": 90, "texture": "#3"},
				"down": {"uv": [10.5, 7, 12.25, 7.75], "rotation": 90, "texture": "#3"}
			}
		},
		{
			"from": [7.1, 6.4, 12],
			"to": [8.9, 7.1, 16.5],
			"rotation": {"angle": 22.5, "axis": "x", "origin": [8, 7.25, 14.75]},
			"faces": {
				"north": {"uv": [8, 12.5, 9, 13.25], "texture": "#3"},
				"east": {"uv": [10.5, 7, 12.25, 7.75], "texture": "#3"},
				"south": {"uv": [9, 12.5, 10, 13.25], "texture": "#3"},
				"west": {"uv": [11, 1, 12.75, 1.75], "texture": "#3"},
				"up": {"uv": [5, 12.25, 4, 10.5], "texture": "#3"},
				"down": {"uv": [6, 10.5, 5, 12.25], "texture": "#3"}
			}
		},
		{
			"from": [7.1, 6.4, 10],
			"to": [9, 8.1, 16.5],
			"rotation": {"angle": 0, "axis": "y", "origin": [9, 0, 37.5]},
			"faces": {
				"north": {"uv": [9, 12.5, 8, 13.25], "texture": "#3"},
				"east": {"uv": [12.75, 1, 11, 1.75], "texture": "#3"},
				"south": {"uv": [10, 12.5, 9, 13.25], "texture": "#3"},
				"west": {"uv": [12.25, 7, 10.5, 7.75], "texture": "#3"},
				"up": {"uv": [4, 12.25, 5, 10.5], "texture": "#3"},
				"down": {"uv": [5, 10.5, 6, 12.25], "texture": "#3"}
			}
		},
		{
			"from": [6.8, 9.1, 10],
			"to": [8.7, 9.34, 11.5],
			"rotation": {"angle": 0, "axis": "z", "origin": [7.85, 9.25, 12.75]},
			"faces": {
				"north": {"uv": [8, 13.25, 9, 12.5], "rotation": 270, "texture": "#3"},
				"east": {"uv": [6, 12.25, 5, 10.5], "rotation": 90, "texture": "#3"},
				"south": {"uv": [9, 13.25, 10, 12.5], "rotation": 90, "texture": "#3"},
				"west": {"uv": [5, 10.5, 4, 12.25], "rotation": 90, "texture": "#3"},
				"up": {"uv": [11, 1.75, 12.75, 1], "rotation": 90, "texture": "#3"},
				"down": {"uv": [10.5, 7.75, 12.25, 7], "rotation": 90, "texture": "#3"}
			}
		},
		{
			"from": [8.7, 7.4, 10],
			"to": [9, 9.1, 16.5],
			"rotation": {"angle": 0, "axis": "y", "origin": [9, 1, 36.5]},
			"faces": {
				"north": {"uv": [9, 12.5, 8, 13.25], "texture": "#3"},
				"east": {"uv": [12.75, 1, 11, 1.75], "texture": "#3"},
				"south": {"uv": [10, 12.5, 9, 13.25], "texture": "#3"},
				"west": {"uv": [12.25, 7, 10.5, 7.75], "texture": "#3"},
				"up": {"uv": [4, 12.25, 5, 10.5], "texture": "#3"},
				"down": {"uv": [5, 10.5, 6, 12.25], "texture": "#3"}
			}
		},
		{
			"from": [7, 7.4, 10],
			"to": [7.3, 9.1, 16.5],
			"rotation": {"angle": 0, "axis": "y", "origin": [7, 1, 36.5]},
			"faces": {
				"north": {"uv": [8, 12.5, 9, 13.25], "texture": "#3"},
				"east": {"uv": [10.5, 7, 12.25, 7.75], "texture": "#3"},
				"south": {"uv": [9, 12.5, 10, 13.25], "texture": "#3"},
				"west": {"uv": [11, 1, 12.75, 1.75], "texture": "#3"},
				"up": {"uv": [5, 12.25, 4, 10.5], "texture": "#3"},
				"down": {"uv": [6, 10.5, 5, 12.25], "texture": "#3"}
			}
		},
		{
			"from": [7.5, 3.95, 11.1],
			"to": [8.5, 6.15, 14],
			"rotation": {"angle": 22.5, "axis": "x", "origin": [8, 4.375, 15.25]},
			"faces": {
				"north": {"uv": [13.5, 13.5, 14, 14.25], "texture": "#3"},
				"east": {"uv": [14.5, 5, 14.75, 5.75], "texture": "#3"},
				"south": {"uv": [0, 14, 0.5, 14.75], "texture": "#3"},
				"west": {"uv": [5.5, 14.5, 5.75, 15.25], "texture": "#3"},
				"up": {"uv": [12, 14.75, 11.5, 14.5], "texture": "#3"},
				"down": {"uv": [15, 11.5, 14.5, 11.75], "texture": "#3"}
			}
		},
		{
			"from": [7.5, 5.9, 9.1],
			"to": [8.5, 7.9, 12.1],
			"rotation": {"angle": 45, "axis": "x", "origin": [8, 6.73228, 11.21446]},
			"faces": {
				"north": {"uv": [13.5, 13.5, 14, 14.25], "texture": "#3"},
				"east": {"uv": [14.5, 5, 14.75, 5.75], "texture": "#3"},
				"south": {"uv": [0, 14, 0.5, 14.75], "texture": "#3"},
				"west": {"uv": [5.5, 14.5, 5.75, 15.25], "texture": "#3"},
				"up": {"uv": [12, 14.75, 11.5, 14.5], "texture": "#3"},
				"down": {"uv": [15, 11.5, 14.5, 11.75], "texture": "#3"}
			}
		},
		{
			"from": [7.25, 8, 7.5],
			"to": [8.75, 9, 8.5],
			"rotation": {"angle": 0, "axis": "y", "origin": [7, 0, 21.5]},
			"faces": {
				"north": {"uv": [13, 9.5, 13.75, 10], "texture": "#3"},
				"east": {"uv": [7, 14, 7.5, 14.5], "texture": "#3"},
				"south": {"uv": [13, 10, 13.75, 10.5], "texture": "#3"},
				"west": {"uv": [14, 8.5, 14.5, 9], "texture": "#3"},
				"up": {"uv": [13.75, 11, 13, 10.5], "texture": "#3"},
				"down": {"uv": [13.75, 11, 13, 11.5], "texture": "#3"}
			}
		},
		{
			"from": [7.5, 4.4, 13.75],
			"to": [8.5, 4.7, 16],
			"rotation": {"angle": 0, "axis": "y", "origin": [7, 0, 21.5]},
			"faces": {
				"north": {"uv": [11, 14.5, 11.5, 14.75], "texture": "#3"},
				"east": {"uv": [1, 14, 2.25, 14.25], "texture": "#3"},
				"south": {"uv": [14.5, 11, 15, 11.25], "texture": "#3"},
				"west": {"uv": [14, 2, 15.25, 2.25], "texture": "#3"},
				"up": {"uv": [12, 13.75, 11.5, 12.5], "texture": "#3"},
				"down": {"uv": [12.5, 12.5, 12, 13.75], "texture": "#3"}
			}
		},
		{
			"from": [7.5, 4.9, 15.625],
			"to": [8.5, 6.9, 16.125],
			"rotation": {"angle": -22.5, "axis": "x", "origin": [8, 5.65, 15.875]},
			"faces": {
				"north": {"uv": [12, 13.75, 11.5, 12.5], "rotation": 180, "texture": "#3"},
				"east": {"uv": [1, 14, 2.25, 14.25], "rotation": 90, "texture": "#3"},
				"south": {"uv": [12.5, 12.5, 12, 13.75], "texture": "#3"},
				"west": {"uv": [14, 2, 15.25, 2.25], "rotation": 270, "texture": "#3"},
				"up": {"uv": [14.5, 11, 15, 11.25], "texture": "#3"},
				"down": {"uv": [11, 14.5, 11.5, 14.75], "rotation": 180, "texture": "#3"}
			}
		},
		{
			"from": [7.2, 7.6, 9.95],
			"to": [8.9, 9.15, 15.75],
			"rotation": {"angle": 0, "axis": "y", "origin": [8.375, 0, 21.5]},
			"faces": {
				"north": {"uv": [2, 13, 2.75, 13.75], "texture": "#3"},
				"east": {"uv": [8.5, 13.5, 9, 14.25], "texture": "#3"},
				"south": {"uv": [13, 2, 13.75, 2.75], "texture": "#3"},
				"west": {"uv": [9, 13.5, 9.5, 14.25], "texture": "#3"},
				"up": {"uv": [14.25, 8, 13.5, 7.5], "texture": "#3"},
				"down": {"uv": [13.25, 13.5, 12.5, 14], "texture": "#3"}
			}
		},
		{
			"from": [7.2, 7.6, -14.05],
			"to": [8.9, 9.15, 10.75],
			"rotation": {"angle": 0, "axis": "y", "origin": [8.375, 0, 16.5]},
			"faces": {
				"north": {"uv": [2, 13, 2.75, 13.75], "texture": "#3"},
				"east": {"uv": [8.5, 13.5, 9, 14.25], "texture": "#3"},
				"south": {"uv": [13, 2, 13.75, 2.75], "texture": "#3"},
				"west": {"uv": [9, 13.5, 9.5, 14.25], "texture": "#3"},
				"up": {"uv": [14.25, 8, 13.5, 7.5], "texture": "#3"},
				"down": {"uv": [13.25, 13.5, 12.5, 14], "texture": "#3"}
			}
		},
		{
			"from": [7.2, 7.6, 9.95],
			"to": [8.9, 9, 16.05],
			"rotation": {"angle": 0, "axis": "y", "origin": [8.375, 0, 21.5]},
			"faces": {
				"north": {"uv": [2, 13, 2.75, 13.75], "texture": "#3"},
				"east": {"uv": [8.5, 13.5, 9, 14.25], "texture": "#3"},
				"south": {"uv": [13, 2, 13.75, 2.75], "texture": "#3"},
				"west": {"uv": [9, 13.5, 9.5, 14.25], "texture": "#3"},
				"up": {"uv": [14.25, 8, 13.5, 7.5], "texture": "#3"},
				"down": {"uv": [13.25, 13.5, 12.5, 14], "texture": "#3"}
			}
		},
		{
			"from": [9, 7.4, 10],
			"to": [9.3, 9.1, 11.5],
			"rotation": {"angle": 0, "axis": "z", "origin": [9.15, 8.25, 12.75]},
			"faces": {
				"north": {"uv": [8, 12.5, 9, 13.25], "rotation": 180, "texture": "#3"},
				"east": {"uv": [11, 1, 12.75, 1.75], "rotation": 180, "texture": "#3"},
				"south": {"uv": [9, 12.5, 10, 13.25], "rotation": 180, "texture": "#3"},
				"west": {"uv": [10.5, 7, 12.25, 7.75], "rotation": 180, "texture": "#3"},
				"up": {"uv": [6, 10.5, 5, 12.25], "rotation": 180, "texture": "#3"},
				"down": {"uv": [5, 12.25, 4, 10.5], "rotation": 180, "texture": "#3"}
			}
		}
	],
	"gui_light": "front",
	"display": {
		"thirdperson_righthand": {
			"translation": [0, 0, -3.25],
			"scale": [0.8, 0.8, 0.65]
		},
		"thirdperson_lefthand": {
			"translation": [0, 0.25, -1.5],
			"scale": [0.8, 0.8, 0.65]
		},
		"firstperson_righthand": {
			"translation": [-1, 5.25, 0]
		},
		"firstperson_lefthand": {
			"translation": [0, 3.5, -1.75]
		},
		"ground": {
			"translation": [0, 2.25, 0],
			"scale": [0.5, 0.5, 0.5]
		},
		"gui": {
			"rotation": [0, 90, 0],
			"translation": [3, 0, 0]
		},
		"fixed": {
			"rotation": [0, 90, 0],
			"translation": [-0.5, 0.5, -1.25],
			"scale": [1.3, 1.3, 1.3]
		}
	},
	"groups": [
		{
			"name": "gewehr",
			"origin": [8, 8, 8],
			"color": 0,
			"children": [
				{
					"name": "qg",
					"origin": [7, 0, 21.5],
					"color": 0,
					"children": [0, 1, 2, 3, 4, 5, 6, 7, 8]
				},
				{
					"name": "danjia",
					"origin": [6.75, 0, 21.5],
					"color": 0,
					"children": []
				},
				{
					"name": "qg",
					"origin": [9, 0, 21.5],
					"color": 0,
					"children": []
				},
				{
					"name": "jinshu",
					"origin": [8.75, 0, 21.5],
					"color": 0,
					"children": [
						{
							"name": "qiangshen",
							"origin": [8, 8, 8],
							"color": 0,
							"children": [9, 10, 11]
						},
						{
							"name": "jinshu",
							"origin": [7.25, 0, 21.5],
							"color": 0,
							"children": [12, 13, 14, 15, 16, 17, 18, 19, 20, 21, 22, 23, 24, 25, 26, 27, 28, 29, 30, 31, 32, 33, 34, 35]
						}
					]
				}
			]
		}
	]
}