{
	"credit": "Made with Blockbench",
	"texture_size": [128, 128],
	"textures": {
		"0": "block/color/armycamotwo",
		"2": "block/color/gray_concrete",
		"3": "block/color/lightblack",
		"4": "block/color/lightergray",
		"particle": "block/color/armycamotwo"
	},
	"elements": [
		{
			"name": "bone4",
			"from": [6.9365, 8.10511, 11.6865],
			"to": [9.0635, 8.83379, 12.40384],
			"rotation": {"angle": 0, "axis": "y", "origin": [8, 8.5107, 11.43856]},
			"faces": {
				"north": {"uv": [7.875, 7.25, 8.125, 7.3125], "texture": "#3"},
				"east": {"uv": [0.75, 8.5, 0.8125, 8.5625], "texture": "#3"},
				"south": {"uv": [7.5, 7.875, 7.75, 7.9375], "texture": "#3"},
				"west": {"uv": [8.5, 0.75, 8.5625, 0.8125], "texture": "#2"},
				"up": {"uv": [8, 7.9375, 7.75, 7.875], "texture": "#3"},
				"down": {"uv": [8.25, 0, 8, 0.0625], "texture": "#3"}
			}
		},
		{
			"name": "bone5",
			"from": [7.08025, 8.61898, 11.55132],
			"to": [8.91975, 10.4522, 17.59396],
			"rotation": {"angle": 45, "axis": "x", "origin": [8, 8.5107, 11.43856]},
			"faces": {
				"north": {"uv": [2.5, 5.5, 2.75, 5.75], "texture": "#3"},
				"east": {"uv": [0, 0, 1.75, 0.25], "texture": "#3"},
				"south": {"uv": [6, 6.5, 6.25, 6.75], "texture": "#3"},
				"west": {"uv": [0, 0.25, 1.75, 0.5], "texture": "#2"},
				"up": {"uv": [0.25, 2.25, 0, 0.5], "texture": "#3"},
				"down": {"uv": [0.5, 0.5, 0.25, 2.25], "texture": "#3"}
			}
		},
		{
			"name": "bone6",
			"from": [7.08025, 8.04131, 11.55899],
			"to": [8.91975, 9.87453, 17.75899],
			"rotation": {"angle": 22.5, "axis": "x", "origin": [8, 8.5107, 11.43856]},
			"faces": {
				"north": {"uv": [2.5, 5.5, 2.75, 5.75], "texture": "#3"},
				"east": {"uv": [0, 0, 1.75, 0.25], "texture": "#3"},
				"south": {"uv": [6, 6.5, 6.25, 6.75], "texture": "#3"},
				"west": {"uv": [0, 0.25, 1.75, 0.5], "texture": "#2"},
				"up": {"uv": [0.25, 2.25, 0, 0.5], "texture": "#3"},
				"down": {"uv": [0.5, 0.5, 0.25, 2.25], "texture": "#3"}
			}
		},
		{
			"name": "bone6",
			"from": [7.08025, 8.5825, 10.25243],
			"to": [8.91975, 10.41572, 12.29507],
			"rotation": {"angle": 22.5, "axis": "x", "origin": [8, 8.5107, 11.43856]},
			"faces": {
				"north": {"uv": [2.5, 5.5, 2.75, 5.75], "texture": "#3"},
				"east": {"uv": [0, 0, 1.75, 0.25], "texture": "#3"},
				"south": {"uv": [6, 6.5, 6.25, 6.75], "texture": "#3"},
				"west": {"uv": [0, 0.25, 1.75, 0.5], "texture": "#2"},
				"up": {"uv": [0.25, 2.25, 0, 0.5], "texture": "#3"},
				"down": {"uv": [0.5, 0.5, 0.25, 2.25], "texture": "#3"}
			}
		},
		{
			"name": "bone7",
			"from": [7.08025, 9.5825, 9.25243],
			"to": [8.91975, 10.8825, 11.29507],
			"rotation": {"angle": 22.5, "axis": "x", "origin": [8, 9.5107, 10.43856]},
			"faces": {
				"north": {"uv": [2.5, 5.5, 2.75, 5.75], "texture": "#3"},
				"east": {"uv": [0, 0, 1.75, 0.25], "texture": "#3"},
				"south": {"uv": [6, 6.5, 6.25, 6.75], "texture": "#3"},
				"west": {"uv": [0, 0.25, 1.75, 0.5], "texture": "#2"},
				"up": {"uv": [0.25, 2.25, 0, 0.5], "texture": "#3"},
				"down": {"uv": [0.5, 0.5, 0.25, 2.25], "texture": "#3"}
			}
		},
		{
			"name": "bone4",
			"from": [5.3, 9.45, 6.79137],
			"to": [10.7, 11.31, 10.79287],
			"rotation": {"angle": 0, "axis": "y", "origin": [8, 8.5107, 11.43856]},
			"faces": {
				"north": {"uv": [8.125, 7.625, 8.1875, 7.75], "texture": "#3"},
				"east": {"uv": [4.375, 3.125, 4.75, 3.25], "texture": "#3"},
				"south": {"uv": [7.875, 8.125, 7.9375, 8.25], "texture": "#3"},
				"west": {"uv": [7.25, 7.125, 7.625, 7.25], "texture": "#2"},
				"up": {"uv": [4.5625, 8, 4.5, 7.625], "texture": "#3"},
				"down": {"uv": [5.8125, 7.625, 5.75, 8], "texture": "#3"}
			}
		},
		{
			"name": "bone4",
			"from": [6.9365, 9.5615, 6.8115],
			"to": [9.0635, 10.12497, 10.98137],
			"rotation": {"angle": 0, "axis": "y", "origin": [8, 8.5107, 11.43856]},
			"faces": {
				"north": {"uv": [7.875, 4.75, 8.125, 4.8125], "texture": "#3"},
				"east": {"uv": [7.5, 5, 8, 5.0625], "texture": "#3"},
				"south": {"uv": [4.875, 7.875, 5.125, 7.9375], "texture": "#3"},
				"west": {"uv": [7.5, 5.125, 8, 5.1875], "texture": "#2"},
				"up": {"uv": [5.25, 5.875, 5, 5.375], "texture": "#3"},
				"down": {"uv": [5.5, 5.375, 5.25, 5.875], "texture": "#3"}
			}
		},
		{
			"name": "bone5",
			"from": [7.56566, 9.89103, 12.82943],
			"to": [8.16566, 11.73054, 13.01843],
			"rotation": {"angle": 22.5, "axis": "x", "origin": [7.66566, 10.81078, 12.92393]},
			"faces": {
				"north": {"uv": [7.5, 3.875, 7.75, 4], "rotation": 90, "texture": "#4"},
				"east": {"uv": [7.75, 4.625, 7.5, 4.75], "rotation": 270, "texture": "#4"},
				"south": {"uv": [7.5, 4.375, 7.75, 4.5], "rotation": 270, "texture": "#4"},
				"west": {"uv": [7.75, 4.625, 7.5, 4.5], "rotation": 270, "texture": "#0"},
				"up": {"uv": [3.625, 5.25, 3.75, 5.375], "rotation": 270, "texture": "#4"},
				"down": {"uv": [6.625, 6.375, 6.75, 6.5], "rotation": 270, "texture": "#4"}
			}
		},
		{
			"name": "bone6",
			"from": [7.56566, 11.28594, 12.1115],
			"to": [8.16566, 11.47494, 13.3115],
			"rotation": {"angle": 22.5, "axis": "x", "origin": [7.86566, 11.38044, 12.7115]},
			"faces": {
				"north": {"uv": [3.625, 5.25, 3.75, 5.375], "rotation": 90, "texture": "#4"},
				"east": {"uv": [7.75, 4.625, 7.5, 4.75], "texture": "#4"},
				"south": {"uv": [6.625, 6.375, 6.75, 6.5], "rotation": 270, "texture": "#4"},
				"west": {"uv": [7.75, 4.625, 7.5, 4.5], "rotation": 180, "texture": "#0"},
				"up": {"uv": [7.5, 4.375, 7.75, 4.5], "rotation": 270, "texture": "#4"},
				"down": {"uv": [7.5, 3.875, 7.75, 4], "rotation": 270, "texture": "#4"}
			}
		},
		{
			"name": "bone4",
			"from": [7.24085, 4.35268, 8.48083],
			"to": [8.73325, 4.68917, 10.78083],
			"rotation": {"angle": 45, "axis": "x", "origin": [8, 8, 14]},
			"faces": {
				"north": {"uv": [5, 8, 5.1875, 8.0625], "texture": "#4"},
				"east": {"uv": [8.375, 3.75, 8.4375, 3.8125], "texture": "#4"},
				"south": {"uv": [8, 5, 8.1875, 5.0625], "texture": "#4"},
				"west": {"uv": [3.875, 8.375, 3.9375, 8.4375], "texture": "#4"},
				"up": {"uv": [8.1875, 5.1875, 8, 5.125], "texture": "#0"},
				"down": {"uv": [5.4375, 8, 5.25, 8.0625], "texture": "#4"}
			}
		},
		{
			"name": "bone5",
			"from": [7.24085, 8.35867, 9.258],
			"to": [8.73325, 8.69516, 11.84786],
			"rotation": {"angle": -22.5, "axis": "x", "origin": [7.98705, 8.52691, 10.55293]},
			"faces": {
				"north": {"uv": [5, 8, 5.1875, 8.0625], "texture": "#4"},
				"east": {"uv": [8.375, 3.75, 8.4375, 3.8125], "texture": "#4"},
				"south": {"uv": [8, 5, 8.1875, 5.0625], "texture": "#4"},
				"west": {"uv": [3.875, 8.375, 3.9375, 8.4375], "texture": "#4"},
				"up": {"uv": [8.1875, 5.1875, 8, 5.125], "texture": "#0"},
				"down": {"uv": [5.4375, 8, 5.25, 8.0625], "texture": "#4"}
			}
		},
		{
			"name": "bone6",
			"from": [8.3, 9.499, 1],
			"to": [9.102, 10.299, 10.002],
			"rotation": {"angle": 0, "axis": "y", "origin": [9, 7, 14]},
			"faces": {
				"north": {"uv": [7.625, 3.125, 7.8125, 3.25], "texture": "#4"},
				"east": {"uv": [3.75, 3.75, 6, 3.875], "texture": "#4"},
				"south": {"uv": [7.625, 3.25, 7.8125, 3.375], "texture": "#4"},
				"west": {"uv": [3.75, 3.875, 6, 4], "texture": "#4"},
				"up": {"uv": [1.1875, 2.75, 1, 0.5], "texture": "#0"},
				"down": {"uv": [1.4375, 0.5, 1.25, 2.75], "texture": "#4"}
			}
		},
		{
			"name": "bone6",
			"from": [8.3, 10.499, 1],
			"to": [9.102, 11.299, 10.002],
			"rotation": {"angle": 0, "axis": "y", "origin": [9, 8, 14]},
			"faces": {
				"north": {"uv": [7.625, 3.125, 7.8125, 3.25], "texture": "#4"},
				"east": {"uv": [3.75, 3.75, 6, 3.875], "texture": "#4"},
				"south": {"uv": [7.625, 3.25, 7.8125, 3.375], "texture": "#4"},
				"west": {"uv": [3.75, 3.875, 6, 4], "texture": "#4"},
				"up": {"uv": [1.1875, 2.75, 1, 0.5], "texture": "#0"},
				"down": {"uv": [1.4375, 0.5, 1.25, 2.75], "texture": "#4"}
			}
		},
		{
			"name": "bone7",
			"from": [9.6, 9.499, 1],
			"to": [10.402, 10.299, 10.002],
			"rotation": {"angle": 0, "axis": "y", "origin": [10, 7, 14]},
			"faces": {
				"north": {"uv": [7.625, 3.125, 7.8125, 3.25], "texture": "#4"},
				"east": {"uv": [3.75, 3.75, 6, 3.875], "texture": "#4"},
				"south": {"uv": [7.625, 3.25, 7.8125, 3.375], "texture": "#4"},
				"west": {"uv": [3.75, 3.875, 6, 4], "texture": "#4"},
				"up": {"uv": [1.1875, 2.75, 1, 0.5], "texture": "#0"},
				"down": {"uv": [1.4375, 0.5, 1.25, 2.75], "texture": "#4"}
			}
		},
		{
			"name": "bone8",
			"from": [9.6, 10.499, 1],
			"to": [10.402, 11.299, 10.002],
			"rotation": {"angle": 0, "axis": "y", "origin": [10, 8, 14]},
			"faces": {
				"north": {"uv": [7.625, 3.125, 7.8125, 3.25], "texture": "#4"},
				"east": {"uv": [3.75, 3.75, 6, 3.875], "texture": "#4"},
				"south": {"uv": [7.625, 3.25, 7.8125, 3.375], "texture": "#4"},
				"west": {"uv": [3.75, 3.875, 6, 4], "texture": "#4"},
				"up": {"uv": [1.1875, 2.75, 1, 0.5], "texture": "#0"},
				"down": {"uv": [1.4375, 0.5, 1.25, 2.75], "texture": "#4"}
			}
		},
		{
			"name": "bone8",
			"from": [5.6, 9.499, 1],
			"to": [6.402, 10.299, 10.002],
			"rotation": {"angle": 0, "axis": "y", "origin": [6, 7, 14]},
			"faces": {
				"north": {"uv": [7.625, 3.125, 7.8125, 3.25], "texture": "#4"},
				"east": {"uv": [3.75, 3.75, 6, 3.875], "texture": "#4"},
				"south": {"uv": [7.625, 3.25, 7.8125, 3.375], "texture": "#4"},
				"west": {"uv": [3.75, 3.875, 6, 4], "texture": "#4"},
				"up": {"uv": [1.1875, 2.75, 1, 0.5], "texture": "#0"},
				"down": {"uv": [1.4375, 0.5, 1.25, 2.75], "texture": "#4"}
			}
		},
		{
			"name": "bone8",
			"from": [5.6, 10.499, 1],
			"to": [6.402, 11.299, 10.002],
			"rotation": {"angle": 0, "axis": "y", "origin": [6, 8, 14]},
			"faces": {
				"north": {"uv": [7.625, 3.125, 7.8125, 3.25], "texture": "#4"},
				"east": {"uv": [3.75, 3.75, 6, 3.875], "texture": "#4"},
				"south": {"uv": [7.625, 3.25, 7.8125, 3.375], "texture": "#4"},
				"west": {"uv": [3.75, 3.875, 6, 4], "texture": "#4"},
				"up": {"uv": [1.1875, 2.75, 1, 0.5], "texture": "#0"},
				"down": {"uv": [1.4375, 0.5, 1.25, 2.75], "texture": "#4"}
			}
		},
		{
			"name": "bone7",
			"from": [6.8, 9.499, 1],
			"to": [7.602, 10.299, 10.002],
			"rotation": {"angle": 0, "axis": "y", "origin": [7, 7, 14]},
			"faces": {
				"north": {"uv": [7.625, 3.125, 7.8125, 3.25], "texture": "#4"},
				"east": {"uv": [3.75, 3.75, 6, 3.875], "texture": "#4"},
				"south": {"uv": [7.625, 3.25, 7.8125, 3.375], "texture": "#4"},
				"west": {"uv": [3.75, 3.875, 6, 4], "texture": "#4"},
				"up": {"uv": [1.1875, 2.75, 1, 0.5], "texture": "#0"},
				"down": {"uv": [1.4375, 0.5, 1.25, 2.75], "texture": "#4"}
			}
		},
		{
			"name": "bone7",
			"from": [6.8, 10.499, 1],
			"to": [7.602, 11.299, 10.002],
			"rotation": {"angle": 0, "axis": "y", "origin": [7, 8, 14]},
			"faces": {
				"north": {"uv": [7.625, 3.125, 7.8125, 3.25], "texture": "#4"},
				"east": {"uv": [3.75, 3.75, 6, 3.875], "texture": "#4"},
				"south": {"uv": [7.625, 3.25, 7.8125, 3.375], "texture": "#4"},
				"west": {"uv": [3.75, 3.875, 6, 4], "texture": "#4"},
				"up": {"uv": [1.1875, 2.75, 1, 0.5], "texture": "#0"},
				"down": {"uv": [1.4375, 0.5, 1.25, 2.75], "texture": "#4"}
			}
		},
		{
			"name": "bone6",
			"from": [7.599, 10.3, 11.8],
			"to": [8.401, 10.6, 12.802],
			"rotation": {"angle": 0, "axis": "y", "origin": [8, 7, 18]},
			"faces": {
				"north": {"uv": [7.625, 3.125, 7.8125, 3.25], "texture": "#4"},
				"east": {"uv": [3.75, 3.75, 6, 3.875], "texture": "#4"},
				"south": {"uv": [7.625, 3.25, 7.8125, 3.375], "texture": "#4"},
				"west": {"uv": [3.75, 3.875, 6, 4], "texture": "#4"},
				"up": {"uv": [1.1875, 2.75, 1, 0.5], "texture": "#0"},
				"down": {"uv": [1.4375, 0.5, 1.25, 2.75], "texture": "#4"}
			}
		},
		{
			"name": "bone7",
			"from": [7.599, 10.2, 11.6],
			"to": [8.401, 11.202, 11.9],
			"rotation": {"angle": 0, "axis": "x", "origin": [7.5, 10.45, 11.301]},
			"faces": {
				"north": {"uv": [1.1875, 2.75, 1, 0.5], "rotation": 180, "texture": "#0"},
				"east": {"uv": [3.75, 3.75, 6, 3.875], "rotation": 90, "texture": "#4"},
				"south": {"uv": [1.4375, 0.5, 1.25, 2.75], "texture": "#4"},
				"west": {"uv": [3.75, 3.875, 6, 4], "rotation": 270, "texture": "#4"},
				"up": {"uv": [7.625, 3.25, 7.8125, 3.375], "texture": "#4"},
				"down": {"uv": [7.625, 3.125, 7.8125, 3.25], "rotation": 180, "texture": "#4"}
			}
		}
	],
	"display": {
		"thirdperson_righthand": {
			"translation": [0, -0.25, 0],
			"scale": [1, 0.84, 0.81]
		},
		"gui": {
			"rotation": [0, 90, 0]
		},
		"fixed": {
			"rotation": [0, 90, 0]
		}
	},
	"groups": [
		{
			"name": "root",
			"origin": [8, 7, 14.5],
			"color": 0,
			"children": [
				{
					"name": "right",
					"origin": [13, 7, 16],
					"color": 1,
					"children": [
						{
							"name": "fk15",
							"origin": [8, 0, 8],
							"color": 2,
							"children": [
								{
									"name": "qiangshen",
									"origin": [8, 0, 8],
									"color": 0,
									"children": [0, 1, 2, 3, 4, 5, 6]
								},
								{
									"name": "bone4",
									"origin": [8, 0, 8],
									"color": 6,
									"children": [7, 8, 9, 10, 11, 12, 13, 14, 15, 16, 17, 18, 19, 20]
								},
								{
									"name": "tt",
									"origin": [7.96875, 8.59375, -31.9375],
									"color": 3,
									"children": []
								}
							]
						}
					]
				}
			]
		}
	]
}