{
	"credit": "Made with Blockbench",
	"textures": {
		"0": "block/color/red",
		"1": "block/color/white",
		"2": "block/color/spruce_planks",
		"particle": "block/color/red"
	},
	"elements": [
		{
			"from": [3.5, 0, 9],
			"to": [11.5, 11, 11],
			"rotation": {"angle": 0, "axis": "y", "origin": [6, 0, 9]},
			"faces": {
				"north": {"uv": [0, 2, 8, 13], "texture": "#2"},
				"east": {"uv": [-2, 2, 0, 13], "texture": "#2"},
				"south": {"uv": [10, 2, 18, 13], "texture": "#2"},
				"west": {"uv": [8, 2, 10, 13], "texture": "#2"},
				"up": {"uv": [8, 2, 0, 0], "texture": "#2"},
				"down": {"uv": [16, 0, 8, 2], "texture": "#2"}
			}
		},
		{
			"from": [4, 1, 8],
			"to": [11, 10, 11],
			"rotation": {"angle": 0, "axis": "y", "origin": [6, 0, 9]},
			"faces": {
				"north": {"uv": [-1, 2, 6, 11], "texture": "#2"},
				"east": {"uv": [-4, 2, -1, 11], "texture": "#2"},
				"south": {"uv": [9, 2, 16, 11], "texture": "#2"},
				"west": {"uv": [6, 2, 9, 11], "texture": "#2"},
				"up": {"uv": [6, 2, -1, -1], "texture": "#2"},
				"down": {"uv": [13, -1, 6, 2], "texture": "#2"}
			}
		},
		{
			"from": [5.5, 6, 7.9],
			"to": [9.5, 7, 9.3],
			"rotation": {"angle": 0, "axis": "y", "origin": [6, 0, 9]},
			"faces": {
				"north": {"uv": [1, 2, 5, 3], "texture": "#0"},
				"east": {"uv": [0, 2, 1, 3], "texture": "#0"},
				"south": {"uv": [6, 2, 10, 3], "texture": "#0"},
				"west": {"uv": [5, 2, 6, 3], "texture": "#0"},
				"up": {"uv": [5, 2, 1, 1], "texture": "#0"},
				"down": {"uv": [9, 1, 5, 2], "texture": "#0"}
			}
		},
		{
			"from": [5, 2, 7.97],
			"to": [10, 9, 9.37],
			"rotation": {"angle": 0, "axis": "y", "origin": [6, 0, 9]},
			"faces": {
				"north": {"uv": [0, 2, 5, 9], "texture": "#1"},
				"east": {"uv": [-1, 2, 0, 9], "texture": "#1"},
				"south": {"uv": [6, 2, 11, 9], "texture": "#1"},
				"west": {"uv": [5, 2, 6, 9], "texture": "#1"},
				"up": {"uv": [5, 2, 0, 1], "texture": "#1"},
				"down": {"uv": [10, 1, 5, 2], "texture": "#1"}
			}
		},
		{
			"from": [7, 2.5, 7.9],
			"to": [8, 8.5, 9.3],
			"rotation": {"angle": 0, "axis": "z", "origin": [7.5, 6.5, 9.5]},
			"faces": {
				"north": {"uv": [0, 2, 1, 8], "texture": "#0"},
				"east": {"uv": [-1, 2, 0, 8], "texture": "#0"},
				"south": {"uv": [2, 2, 3, 8], "texture": "#0"},
				"west": {"uv": [1, 2, 2, 8], "texture": "#0"},
				"up": {"uv": [1, 2, 0, 1], "texture": "#0"},
				"down": {"uv": [2, 1, 1, 2], "texture": "#0"}
			}
		}
	],
	"display": {
		"thirdperson_righthand": {
			"translation": [0, 3, 0],
			"scale": [0.5, 0.5, 0.5]
		},
		"thirdperson_lefthand": {
			"translation": [0, 3.25, 0],
			"scale": [0.5, 0.5, 0.5]
		},
		"firstperson_righthand": {
			"rotation": [0, 124, 0],
			"translation": [0, 7.25, -2],
			"scale": [0.96, 1.1, 1]
		},
		"firstperson_lefthand": {
			"rotation": [0, 117, 0],
			"translation": [0, 7.75, 1.5],
			"scale": [0.77, 1, 1]
		},
		"gui": {
			"rotation": [-17, 180, 0],
			"translation": [-0.5, 2.75, 0]
		},
		"fixed": {
			"translation": [0.75, 3.75, -2]
		}
	}
}