{
	"credit": "Made with Blockbench",
	"texture_size": [128, 128],
	"textures": {
		"0": "block/color/armycamotwo",
		"2": "block/color/gray_concrete",
		"3": "block/color/lightblack",
		"4": "block/color/lightergray",
		"particle": "block/color/armycamotwo"
	},
	"elements": [
		{
			"name": "bone4",
			"from": [6.9365, 8.10511, 11.6865],
			"to": [9.0635, 8.83379, 12.40384],
			"rotation": {"angle": 0, "axis": "y", "origin": [8, 0, 8]},
			"faces": {
				"north": {"uv": [7.875, 7.25, 8.125, 7.3125], "texture": "#3"},
				"east": {"uv": [0.75, 8.5, 0.8125, 8.5625], "texture": "#3"},
				"south": {"uv": [7.5, 7.875, 7.75, 7.9375], "texture": "#3"},
				"west": {"uv": [8.5, 0.75, 8.5625, 0.8125], "texture": "#2"},
				"up": {"uv": [8, 7.9375, 7.75, 7.875], "texture": "#3"},
				"down": {"uv": [8.25, 0, 8, 0.0625], "texture": "#3"}
			}
		},
		{
			"name": "bone5",
			"from": [7.08025, 5.27423, 11.1865],
			"to": [8.91975, 7.10745, 17.22914],
			"rotation": {"angle": 22.5, "axis": "x", "origin": [8, 6.19084, 18.20782]},
			"faces": {
				"north": {"uv": [2.5, 5.5, 2.75, 5.75], "texture": "#3"},
				"east": {"uv": [0, 0, 1.75, 0.25], "texture": "#3"},
				"south": {"uv": [6, 6.5, 6.25, 6.75], "texture": "#3"},
				"west": {"uv": [0, 0.25, 1.75, 0.5], "texture": "#2"},
				"up": {"uv": [0.25, 2.25, 0, 0.5], "texture": "#3"},
				"down": {"uv": [0.5, 0.5, 0.25, 2.25], "texture": "#3"}
			}
		},
		{
			"name": "bone4",
			"from": [7.249, 8.499, -7],
			"to": [8.751, 9.626, 1.9395],
			"rotation": {"angle": 0, "axis": "y", "origin": [8, 0, 8]},
			"faces": {
				"north": {"uv": [7.625, 3.125, 7.8125, 3.25], "texture": "#3"},
				"east": {"uv": [3.75, 3.75, 6, 3.875], "texture": "#3"},
				"south": {"uv": [7.625, 3.25, 7.8125, 3.375], "texture": "#3"},
				"west": {"uv": [3.75, 3.875, 6, 4], "texture": "#2"},
				"up": {"uv": [1.1875, 2.75, 1, 0.5], "texture": "#3"},
				"down": {"uv": [1.4375, 0.5, 1.25, 2.75], "texture": "#3"}
			}
		},
		{
			"name": "bone5",
			"from": [7.249, 8.499, -7],
			"to": [8.751, 10.799, -6.0605],
			"rotation": {"angle": 0, "axis": "y", "origin": [8, 0, 8]},
			"faces": {
				"north": {"uv": [7.625, 3.125, 7.8125, 3.25], "texture": "#3"},
				"east": {"uv": [3.75, 3.75, 6, 3.875], "texture": "#3"},
				"south": {"uv": [7.625, 3.25, 7.8125, 3.375], "texture": "#3"},
				"west": {"uv": [3.75, 3.875, 6, 4], "texture": "#2"},
				"up": {"uv": [1.1875, 2.75, 1, 0.5], "texture": "#3"},
				"down": {"uv": [1.4375, 0.5, 1.25, 2.75], "texture": "#3"}
			}
		},
		{
			"name": "bone4",
			"from": [7.08025, 9.08673, -1.8135],
			"to": [8.91975, 9.59469, 12.42427],
			"rotation": {"angle": 0, "axis": "y", "origin": [8, 0, 8]},
			"faces": {
				"north": {"uv": [7.75, 3, 8, 3.0625], "texture": "#3"},
				"east": {"uv": [5.375, 3.375, 7.125, 3.4375], "texture": "#3"},
				"south": {"uv": [3.25, 7.75, 3.5, 7.8125], "texture": "#3"},
				"west": {"uv": [5.5, 5.375, 7.25, 5.4375], "texture": "#2"},
				"up": {"uv": [0.75, 2.25, 0.5, 0.5], "texture": "#3"},
				"down": {"uv": [1, 0.5, 0.75, 2.25], "texture": "#3"}
			}
		},
		{
			"name": "bone7",
			"from": [7.08025, 6.27423, 17.1865],
			"to": [8.91975, 8.10745, 22.22914],
			"rotation": {"angle": 22.5, "axis": "x", "origin": [8, 7.19084, 15.20782]},
			"faces": {
				"north": {"uv": [2.5, 5.5, 2.75, 5.75], "texture": "#3"},
				"east": {"uv": [0, 0, 1.75, 0.25], "texture": "#3"},
				"south": {"uv": [6, 6.5, 6.25, 6.75], "texture": "#3"},
				"west": {"uv": [0, 0.25, 1.75, 0.5], "texture": "#2"},
				"up": {"uv": [0.25, 2.25, 0, 0.5], "texture": "#3"},
				"down": {"uv": [0.5, 0.5, 0.25, 2.25], "texture": "#3"}
			}
		},
		{
			"name": "bone4",
			"from": [7.249, 8.499, -7.0635],
			"to": [8.751, 9.626, -4.1865],
			"rotation": {"angle": 0, "axis": "y", "origin": [8, 0, 8]},
			"faces": {
				"north": {"uv": [3.5, 7.625, 3.6875, 7.75], "texture": "#3"},
				"east": {"uv": [5.375, 3.125, 6.5, 3.25], "texture": "#3"},
				"south": {"uv": [3.875, 7.625, 4.0625, 7.75], "texture": "#3"},
				"west": {"uv": [5.375, 3.25, 6.5, 3.375], "texture": "#2"},
				"up": {"uv": [4.4375, 5.125, 4.25, 4], "texture": "#3"},
				"down": {"uv": [4.6875, 4, 4.5, 5.125], "texture": "#3"}
			}
		},
		{
			"name": "bone6",
			"from": [7.08025, 6.27423, 10.1865],
			"to": [8.91975, 8.10745, 12.22914],
			"rotation": {"angle": 22.5, "axis": "x", "origin": [8, 7.19084, 17.20782]},
			"faces": {
				"north": {"uv": [2.5, 5.5, 2.75, 5.75], "texture": "#3"},
				"east": {"uv": [0, 0, 1.75, 0.25], "texture": "#3"},
				"south": {"uv": [6, 6.5, 6.25, 6.75], "texture": "#3"},
				"west": {"uv": [0, 0.25, 1.75, 0.5], "texture": "#2"},
				"up": {"uv": [0.25, 2.25, 0, 0.5], "texture": "#3"},
				"down": {"uv": [0.5, 0.5, 0.25, 2.25], "texture": "#3"}
			}
		},
		{
			"name": "bone4",
			"from": [8.39275, 9.56778, 6.79137],
			"to": [8.91975, 10.43647, 9.79287],
			"rotation": {"angle": 0, "axis": "y", "origin": [8, 0, 8]},
			"faces": {
				"north": {"uv": [8, 8.125, 8.0625, 8.25], "texture": "#3"},
				"east": {"uv": [7.25, 7.25, 7.625, 7.375], "texture": "#3"},
				"south": {"uv": [8.125, 8, 8.1875, 8.125], "texture": "#3"},
				"west": {"uv": [7.375, 2.375, 7.75, 2.5], "texture": "#2"},
				"up": {"uv": [5.9375, 8, 5.875, 7.625], "texture": "#3"},
				"down": {"uv": [6.6875, 7.625, 6.625, 8], "texture": "#3"}
			}
		},
		{
			"name": "bone4",
			"from": [7.08025, 9.56778, 6.79137],
			"to": [7.60725, 10.43647, 9.79287],
			"rotation": {"angle": 0, "axis": "y", "origin": [8, 0, 8]},
			"faces": {
				"north": {"uv": [8.125, 7.625, 8.1875, 7.75], "texture": "#3"},
				"east": {"uv": [4.375, 3.125, 4.75, 3.25], "texture": "#3"},
				"south": {"uv": [7.875, 8.125, 7.9375, 8.25], "texture": "#3"},
				"west": {"uv": [7.25, 7.125, 7.625, 7.25], "texture": "#2"},
				"up": {"uv": [4.5625, 8, 4.5, 7.625], "texture": "#3"},
				"down": {"uv": [5.8125, 7.625, 5.75, 8], "texture": "#3"}
			}
		},
		{
			"name": "bone4",
			"from": [7.08025, 8.27423, -1.8135],
			"to": [8.91975, 9.10745, 12.22914],
			"rotation": {"angle": 0, "axis": "y", "origin": [8, 0, 8]},
			"faces": {
				"north": {"uv": [2.5, 5.5, 2.75, 5.75], "texture": "#3"},
				"east": {"uv": [0, 0, 1.75, 0.25], "texture": "#3"},
				"south": {"uv": [6, 6.5, 6.25, 6.75], "texture": "#3"},
				"west": {"uv": [0, 0.25, 1.75, 0.5], "texture": "#3"},
				"up": {"uv": [0.25, 2.25, 0, 0.5], "texture": "#0"},
				"down": {"uv": [0.5, 0.5, 0.25, 2.25], "texture": "#3"}
			}
		},
		{
			"name": "bone6",
			"from": [7.08025, 5.27423, 17.1865],
			"to": [8.91975, 7.10745, 22.0865],
			"rotation": {"angle": 0, "axis": "y", "origin": [8, 6.19084, 15.20782]},
			"faces": {
				"north": {"uv": [2.5, 5.5, 2.75, 5.75], "texture": "#3"},
				"east": {"uv": [0, 0, 1.75, 0.25], "texture": "#3"},
				"south": {"uv": [6, 6.5, 6.25, 6.75], "texture": "#3"},
				"west": {"uv": [0, 0.25, 1.75, 0.5], "texture": "#2"},
				"up": {"uv": [0.25, 2.25, 0, 0.5], "texture": "#3"},
				"down": {"uv": [0.5, 0.5, 0.25, 2.25], "texture": "#3"}
			}
		},
		{
			"name": "bone4",
			"from": [6.9365, 9.5615, 6.8115],
			"to": [9.0635, 10.12497, 10.98137],
			"rotation": {"angle": 0, "axis": "y", "origin": [8, 0, 8]},
			"faces": {
				"north": {"uv": [7.875, 4.75, 8.125, 4.8125], "texture": "#3"},
				"east": {"uv": [7.5, 5, 8, 5.0625], "texture": "#3"},
				"south": {"uv": [4.875, 7.875, 5.125, 7.9375], "texture": "#3"},
				"west": {"uv": [7.5, 5.125, 8, 5.1875], "texture": "#2"},
				"up": {"uv": [5.25, 5.875, 5, 5.375], "texture": "#3"},
				"down": {"uv": [5.5, 5.375, 5.25, 5.875], "texture": "#3"}
			}
		},
		{
			"name": "bone4",
			"from": [7.08025, 9.56778, 9.79137],
			"to": [8.91975, 10.43647, 10.98037],
			"rotation": {"angle": 0, "axis": "y", "origin": [8, 0, 8]},
			"faces": {
				"north": {"uv": [7.5, 3.875, 7.75, 4], "texture": "#4"},
				"east": {"uv": [3.625, 5.25, 3.75, 5.375], "texture": "#4"},
				"south": {"uv": [7.5, 4.375, 7.75, 4.5], "texture": "#4"},
				"west": {"uv": [6.625, 6.375, 6.75, 6.5], "texture": "#4"},
				"up": {"uv": [7.75, 4.625, 7.5, 4.5], "texture": "#0"},
				"down": {"uv": [7.75, 4.625, 7.5, 4.75], "texture": "#4"}
			}
		},
		{
			"name": "bone5",
			"from": [8.56566, 10.08237, 9.79137],
			"to": [8.76565, 11.92188, 9.98037],
			"rotation": {"angle": -22.5, "axis": "x", "origin": [9, 11.00213, 10.38587]},
			"faces": {
				"north": {"uv": [7.5, 3.875, 7.75, 4], "rotation": 90, "texture": "#4"},
				"east": {"uv": [7.75, 4.625, 7.5, 4.75], "rotation": 270, "texture": "#4"},
				"south": {"uv": [7.5, 4.375, 7.75, 4.5], "rotation": 270, "texture": "#4"},
				"west": {"uv": [7.75, 4.625, 7.5, 4.5], "rotation": 270, "texture": "#0"},
				"up": {"uv": [3.625, 5.25, 3.75, 5.375], "rotation": 270, "texture": "#4"},
				"down": {"uv": [6.625, 6.375, 6.75, 6.5], "rotation": 270, "texture": "#4"}
			}
		},
		{
			"name": "bone6",
			"from": [8.56566, 11.35, 7.93357],
			"to": [8.76565, 11.539, 9.52357],
			"rotation": {"angle": -22.5, "axis": "x", "origin": [8.66565, 11.85973, 8.78357]},
			"faces": {
				"north": {"uv": [3.625, 5.25, 3.75, 5.375], "rotation": 90, "texture": "#4"},
				"east": {"uv": [7.75, 4.625, 7.5, 4.75], "texture": "#4"},
				"south": {"uv": [6.625, 6.375, 6.75, 6.5], "rotation": 270, "texture": "#4"},
				"west": {"uv": [7.75, 4.625, 7.5, 4.5], "rotation": 180, "texture": "#0"},
				"up": {"uv": [7.5, 4.375, 7.75, 4.5], "rotation": 270, "texture": "#4"},
				"down": {"uv": [7.5, 3.875, 7.75, 4], "rotation": 270, "texture": "#4"}
			}
		},
		{
			"name": "bone4",
			"from": [7.64275, 9.63028, 6.79137],
			"to": [8.36167, 10.49897, 9.32954],
			"rotation": {"angle": 0, "axis": "y", "origin": [8, 0, 8]},
			"faces": {
				"north": {"uv": [6.625, 8.125, 6.6875, 8.25], "texture": "#4"},
				"east": {"uv": [7.375, 6.5, 7.6875, 6.625], "texture": "#4"},
				"south": {"uv": [8.125, 6.625, 8.1875, 6.75], "texture": "#4"},
				"west": {"uv": [7.375, 6.625, 7.6875, 6.75], "texture": "#4"},
				"up": {"uv": [7.0625, 7.9375, 7, 7.625], "texture": "#0"},
				"down": {"uv": [7.6875, 7, 7.625, 7.3125], "texture": "#4"}
			}
		},
		{
			"name": "bone4",
			"from": [7.24085, 10.95928, 2.84479],
			"to": [8.73325, 11.29577, 5.43465],
			"rotation": {"angle": 45, "axis": "x", "origin": [8, 4, 2]},
			"faces": {
				"north": {"uv": [5, 8, 5.1875, 8.0625], "texture": "#4"},
				"east": {"uv": [8.375, 3.75, 8.4375, 3.8125], "texture": "#4"},
				"south": {"uv": [8, 5, 8.1875, 5.0625], "texture": "#4"},
				"west": {"uv": [3.875, 8.375, 3.9375, 8.4375], "texture": "#4"},
				"up": {"uv": [8.1875, 5.1875, 8, 5.125], "texture": "#0"},
				"down": {"uv": [5.4375, 8, 5.25, 8.0625], "texture": "#4"}
			}
		},
		{
			"name": "bone5",
			"from": [7.599, 9.499, -16],
			"to": [8.401, 10.626, 10.002],
			"rotation": {"angle": 0, "axis": "y", "origin": [8, 1, 8]},
			"faces": {
				"north": {"uv": [7.625, 3.125, 7.8125, 3.25], "texture": "#4"},
				"east": {"uv": [3.75, 3.75, 6, 3.875], "texture": "#4"},
				"south": {"uv": [7.625, 3.25, 7.8125, 3.375], "texture": "#4"},
				"west": {"uv": [3.75, 3.875, 6, 4], "texture": "#4"},
				"up": {"uv": [1.1875, 2.75, 1, 0.5], "texture": "#0"},
				"down": {"uv": [1.4375, 0.5, 1.25, 2.75], "texture": "#4"}
			}
		},
		{
			"name": "bone6",
			"from": [7.599, 10.3, 7.8],
			"to": [9.401, 10.6, 8.802],
			"rotation": {"angle": 0, "axis": "y", "origin": [8, 1, 8]},
			"faces": {
				"north": {"uv": [7.625, 3.125, 7.8125, 3.25], "texture": "#4"},
				"east": {"uv": [3.75, 3.75, 6, 3.875], "texture": "#4"},
				"south": {"uv": [7.625, 3.25, 7.8125, 3.375], "texture": "#4"},
				"west": {"uv": [3.75, 3.875, 6, 4], "texture": "#4"},
				"up": {"uv": [1.1875, 2.75, 1, 0.5], "texture": "#0"},
				"down": {"uv": [1.4375, 0.5, 1.25, 2.75], "texture": "#4"}
			}
		},
		{
			"name": "bone7",
			"from": [7.749, 9.499, -15],
			"to": [8.251, 11.199, -14.7],
			"rotation": {"angle": 0, "axis": "y", "origin": [8, 1, 1]},
			"faces": {
				"north": {"uv": [7.625, 3.125, 7.8125, 3.25], "texture": "#4"},
				"east": {"uv": [3.75, 3.75, 6, 3.875], "texture": "#4"},
				"south": {"uv": [7.625, 3.25, 7.8125, 3.375], "texture": "#4"},
				"west": {"uv": [3.75, 3.875, 6, 4], "texture": "#4"},
				"up": {"uv": [1.1875, 2.75, 1, 0.5], "texture": "#0"},
				"down": {"uv": [1.4375, 0.5, 1.25, 2.75], "texture": "#4"}
			}
		}
	],
	"display": {
		"thirdperson_righthand": {
			"translation": [0, -0.25, 0],
			"scale": [1, 0.84, 0.81]
		},
		"gui": {
			"rotation": [0, 90, 0]
		},
		"fixed": {
			"rotation": [0, 90, 0]
		}
	},
	"groups": [
		{
			"name": "root",
			"origin": [8, 7, 14.5],
			"color": 0,
			"children": [
				{
					"name": "right",
					"origin": [13, 7, 16],
					"color": 1,
					"children": [
						{
							"name": "fk15",
							"origin": [8, 0, 8],
							"color": 2,
							"children": [
								{
									"name": "qiangshen",
									"origin": [8, 0, 8],
									"color": 0,
									"children": [0, 1, 2, 3, 4, 5, 6, 7, 8, 9, 10, 11, 12]
								},
								{
									"name": "bone4",
									"origin": [8, 0, 8],
									"color": 6,
									"children": [13, 14, 15, 16, 17, 18, 19, 20]
								},
								{
									"name": "tt",
									"origin": [7.96875, 8.59375, -31.9375],
									"color": 3,
									"children": []
								}
							]
						}
					]
				}
			]
		}
	]
}