{
	"credit": "Made with Blockbench",
	"texture_size": [32, 32],
	"textures": {
		"1": "block/color/gray",
		"4": "block/color/brown_wood",
		"5": "block/color/darkgray",
		"particle": "block/color/armycamotwo"
	},
	"elements": [
		{
			"from": [7.75, 7.95, 14.05],
			"to": [8.25, 8.45, 17.05],
			"rotation": {"angle": 0, "axis": "y", "origin": [8.25, 6, 21.5]},
			"faces": {
				"east": {"uv": [13, 1, 14.5, 1.25], "texture": "#4"},
				"west": {"uv": [13, 1.5, 14.5, 1.75], "texture": "#4"},
				"up": {"uv": [13.25, 4.5, 13, 3], "texture": "#4"},
				"down": {"uv": [4.25, 13, 4, 14.5], "texture": "#4"}
			}
		},
		{
			"from": [6.925, 4.84535, 17.82505],
			"to": [9.075, 6.84535, 31.07505],
			"rotation": {"angle": 22.5, "axis": "x", "origin": [8.25, 6, 21.5]},
			"faces": {
				"north": {"uv": [11, 2, 12, 3], "texture": "#4"},
				"east": {"uv": [0, 0, 6.75, 1], "texture": "#4"},
				"south": {"uv": [5, 11.5, 6, 12.5], "texture": "#4"},
				"west": {"uv": [0, 1, 6.75, 2], "texture": "#4"},
				"up": {"uv": [1, 8.75, 0, 2], "texture": "#4"},
				"down": {"uv": [2, 2, 1, 8.75], "texture": "#4"}
			}
		},
		{
			"from": [6.975, 3.01903, 27.65433],
			"to": [9.025, 6.51903, 31.65433],
			"rotation": {"angle": 0, "axis": "y", "origin": [8.25, 6, 21.5]},
			"faces": {
				"north": {"uv": [9, 8.5, 10, 10.25], "texture": "#4"},
				"east": {"uv": [5, 5, 7, 6.75], "texture": "#4"},
				"south": {"uv": [9.5, 4.5, 10.5, 6.25], "texture": "#4"},
				"west": {"uv": [7, 0, 9, 1.75], "texture": "#4"},
				"up": {"uv": [2, 11, 1, 9], "texture": "#4"}
			}
		},
		{
			"from": [6.975, 4.01903, 24.15433],
			"to": [9.025, 6.51903, 27.65433],
			"rotation": {"angle": 0, "axis": "y", "origin": [8.25, 6, 21.5]},
			"faces": {
				"north": {"uv": [10.5, 4.5, 11.5, 5.75], "texture": "#4"},
				"east": {"uv": [8, 3, 9.75, 4.25], "texture": "#4"},
				"west": {"uv": [9, 0, 10.75, 1.25], "texture": "#4"},
				"up": {"uv": [4, 11.75, 3, 10], "texture": "#4"}
			}
		},
		{
			"from": [6.975, 1.26903, 29.90433],
			"to": [9.025, 3.01903, 31.65433],
			"rotation": {"angle": 0, "axis": "y", "origin": [8.25, 6, 21.5]},
			"faces": {
				"east": {"uv": [6, 11.5, 7, 12.25], "texture": "#4"},
				"south": {"uv": [11.5, 6, 12.5, 6.75], "texture": "#4"},
				"west": {"uv": [11.5, 8.5, 12.5, 9.25], "texture": "#4"},
				"down": {"uv": [12.5, 5, 11.5, 6], "texture": "#4"}
			}
		},
		{
			"from": [7.25, 6.5, 5],
			"to": [8.75, 8.5, 8],
			"rotation": {"angle": 0, "axis": "y", "origin": [8.25, 6, 21.5]},
			"faces": {
				"east": {"uv": [10, 3.5, 11.5, 4.5], "texture": "#4"},
				"west": {"uv": [10, 8.5, 11.5, 9.5], "texture": "#4"},
				"up": {"uv": [8.75, 12.5, 8, 11], "texture": "#4"},
				"down": {"uv": [11.75, 10.5, 11, 12], "texture": "#4"}
			}
		},
		{
			"from": [7.25, 7, -6],
			"to": [8.75, 8.5, 4],
			"rotation": {"angle": 0, "axis": "y", "origin": [8.25, 6, 21.5]},
			"faces": {
				"east": {"uv": [3, 3, 8, 3.75], "texture": "#4"},
				"west": {"uv": [3, 4, 8, 4.75], "texture": "#4"},
				"up": {"uv": [3.75, 10, 3, 5], "texture": "#4"},
				"down": {"uv": [4.75, 5, 4, 10], "texture": "#4"}
			}
		},
		{
			"from": [7.025, 3.24012, 22.74391],
			"to": [8.975, 4.49012, 23.74391],
			"rotation": {"angle": -45, "axis": "x", "origin": [8.25, 6, 21.5]},
			"faces": {
				"east": {"uv": [12.5, 8.5, 13, 9.25], "texture": "#4"},
				"west": {"uv": [12.5, 10.5, 13, 11.25], "texture": "#4"},
				"up": {"uv": [6, 13, 5, 12.5], "texture": "#4"}
			}
		},
		{
			"from": [7.25, 7.75, 14],
			"to": [7.5, 8.75, 18.5],
			"rotation": {"angle": 0, "axis": "y", "origin": [8.25, 6, 21.5]},
			"faces": {
				"east": {"uv": [10.5, 7.5, 12.75, 8], "texture": "#5"},
				"south": {"uv": [8.5, 14, 8.75, 14.5], "texture": "#5"},
				"west": {"uv": [10.5, 8, 12.75, 8.5], "texture": "#5"},
				"up": {"uv": [12.75, 5.75, 12.5, 3.5], "texture": "#5"}
			}
		},
		{
			"from": [7.25, 6.85, -7],
			"to": [8.75, 8.85, -6],
			"rotation": {"angle": 0, "axis": "y", "origin": [8.25, 6, 21.5]},
			"faces": {
				"north": {"uv": [12, 0, 12.75, 1], "texture": "#5"},
				"east": {"uv": [8, 12.5, 8.5, 13.5], "texture": "#5"},
				"south": {"uv": [12, 1, 12.75, 2], "texture": "#5"},
				"west": {"uv": [8.5, 12.5, 9, 13.5], "texture": "#5"},
				"up": {"uv": [0.75, 13.5, 0, 13], "texture": "#5"},
				"down": {"uv": [13.75, 0.5, 13, 1], "texture": "#5"}
			}
		},
		{
			"from": [7.75, 2.15, 26.1],
			"to": [8.25, 2.9, 26.85],
			"rotation": {"angle": 0, "axis": "y", "origin": [8.25, 6, 21.5]},
			"faces": {
				"north": {"uv": [0, 14.5, 0.25, 15], "texture": "#5"},
				"east": {"uv": [13.5, 8.5, 14, 9], "texture": "#5"},
				"south": {"uv": [14.5, 0, 14.75, 0.5], "texture": "#5"},
				"west": {"uv": [9, 13.5, 9.5, 14], "texture": "#5"},
				"down": {"uv": [0.75, 14.5, 0.5, 15], "texture": "#5"}
			}
		},
		{
			"from": [7.025, 6.4, 4],
			"to": [8.975, 8.85, 5],
			"rotation": {"angle": 0, "axis": "y", "origin": [8.25, 6, 21.5]},
			"faces": {
				"north": {"uv": [10, 10.5, 11, 11.75], "texture": "#5"},
				"east": {"uv": [10, 12, 10.5, 13.25], "texture": "#5"},
				"south": {"uv": [11, 0, 12, 1.25], "texture": "#5"},
				"west": {"uv": [10.5, 12, 11, 13.25], "texture": "#5"},
				"up": {"uv": [7, 13, 6, 12.5], "texture": "#5"},
				"down": {"uv": [13.5, 6, 12.5, 6.5], "texture": "#5"}
			}
		},
		{
			"from": [7, 6, 8],
			"to": [9, 8.5, 13],
			"rotation": {"angle": 0, "axis": "y", "origin": [8.25, 6, 21.5]},
			"faces": {
				"north": {"uv": [10.5, 6, 11.5, 7.25], "texture": "#5"},
				"east": {"uv": [5, 7, 7.5, 8.25], "texture": "#5"},
				"south": {"uv": [9, 10.5, 10, 11.75], "texture": "#5"},
				"west": {"uv": [7, 5, 9.5, 6.25], "texture": "#5"},
				"up": {"uv": [9, 11, 8, 8.5], "texture": "#5"},
				"down": {"uv": [1, 9, 0, 11.5], "texture": "#5"}
			}
		},
		{
			"from": [7.25, 7.75, 11],
			"to": [8.75, 8.75, 14],
			"rotation": {"angle": 0, "axis": "y", "origin": [8.25, 6, 21.5]},
			"faces": {
				"east": {"uv": [8, 4.5, 9.5, 5], "texture": "#5"},
				"south": {"uv": [12.5, 12, 13.25, 12.5], "texture": "#5"},
				"west": {"uv": [11.5, 7, 13, 7.5], "texture": "#5"},
				"up": {"uv": [0.75, 13, 0, 11.5], "texture": "#5"}
			}
		},
		{
			"from": [7.25, 8.5, 8],
			"to": [8.75, 9, 11],
			"rotation": {"angle": 0, "axis": "y", "origin": [8.25, 6, 21.5]},
			"faces": {
				"north": {"uv": [11.5, 13.5, 12.25, 13.75], "texture": "#5"},
				"east": {"uv": [12.5, 12.5, 14, 12.75], "texture": "#5"},
				"south": {"uv": [13.5, 11.5, 14.25, 11.75], "texture": "#5"},
				"west": {"uv": [13, 0, 14.5, 0.25], "texture": "#5"},
				"up": {"uv": [12.25, 5, 11.5, 3.5], "texture": "#5"}
			}
		},
		{
			"from": [7.75, 5.65, 4.1],
			"to": [8.25, 6.4, 4.85],
			"rotation": {"angle": 0, "axis": "y", "origin": [8.25, 6, 21.5]},
			"faces": {
				"north": {"uv": [14, 12.5, 14.25, 13], "texture": "#5"},
				"east": {"uv": [8, 13.5, 8.5, 14], "texture": "#5"},
				"south": {"uv": [13.5, 14, 13.75, 14.5], "texture": "#5"},
				"west": {"uv": [8.5, 13.5, 9, 14], "texture": "#5"},
				"down": {"uv": [14.25, 14, 14, 14.5], "texture": "#5"}
			}
		},
		{
			"from": [8.5, 7.75, 17],
			"to": [8.75, 8.75, 18.5],
			"rotation": {"angle": 0, "axis": "y", "origin": [8.25, 6, 21.5]},
			"faces": {
				"north": {"uv": [14, 8.5, 14.25, 9], "texture": "#5"},
				"east": {"uv": [12.5, 6.5, 13.25, 7], "texture": "#5"},
				"south": {"uv": [9, 14, 9.25, 14.5], "texture": "#5"},
				"west": {"uv": [12.5, 11.5, 13.25, 12], "texture": "#5"},
				"up": {"uv": [9.75, 14.25, 9.5, 13.5], "texture": "#5"}
			}
		},
		{
			"from": [7, 6, 13],
			"to": [9, 8, 18.5],
			"rotation": {"angle": 0, "axis": "y", "origin": [8.25, 6, 21.5]},
			"faces": {
				"east": {"uv": [7.5, 6.5, 10.25, 7.5], "texture": "#5"},
				"west": {"uv": [7.5, 7.5, 10.25, 8.5], "texture": "#5"},
				"up": {"uv": [6, 11.25, 5, 8.5], "texture": "#5"},
				"down": {"uv": [7, 8.5, 6, 11.25], "texture": "#5"}
			}
		},
		{
			"from": [7.5, 9, 10.5],
			"to": [7.85, 9.34, 10.75],
			"rotation": {"angle": 0, "axis": "y", "origin": [8.25, 6, 21.5]},
			"faces": {
				"north": {"uv": [1.5, 14.5, 2, 14.75], "texture": "#1"},
				"east": {"uv": [14.5, 8.5, 14.75, 8.75], "texture": "#1"},
				"south": {"uv": [14.5, 1.5, 15, 1.75], "texture": "#1"},
				"west": {"uv": [9, 14.5, 9.25, 14.75], "texture": "#1"},
				"up": {"uv": [2.5, 14.75, 2, 14.5], "texture": "#1"}
			}
		},
		{
			"from": [7.5, 9, 10.5],
			"to": [8.5, 9.12, 10.75],
			"rotation": {"angle": 0, "axis": "y", "origin": [8.25, 6, 21.5]},
			"faces": {
				"north": {"uv": [1.5, 14.5, 2, 14.75], "texture": "#1"},
				"east": {"uv": [14.5, 8.5, 14.75, 8.75], "texture": "#1"},
				"south": {"uv": [14.5, 1.5, 15, 1.75], "texture": "#1"},
				"west": {"uv": [9, 14.5, 9.25, 14.75], "texture": "#1"},
				"up": {"uv": [2.5, 14.75, 2, 14.5], "texture": "#1"}
			}
		},
		{
			"from": [8.15, 9, 10.5],
			"to": [8.5, 9.34, 10.75],
			"rotation": {"angle": 0, "axis": "y", "origin": [8.25, 6, 21.5]},
			"faces": {
				"north": {"uv": [2, 14.5, 1.5, 14.75], "texture": "#1"},
				"east": {"uv": [9.25, 14.5, 9, 14.75], "texture": "#1"},
				"south": {"uv": [15, 1.5, 14.5, 1.75], "texture": "#1"},
				"west": {"uv": [14.75, 8.5, 14.5, 8.75], "texture": "#1"},
				"up": {"uv": [2, 14.75, 2.5, 14.5], "texture": "#1"}
			}
		},
		{
			"from": [10, 7.9, 16.15],
			"to": [10.5, 8.65, 16.9],
			"rotation": {"angle": 0, "axis": "z", "origin": [8.25, 6, 21.5]},
			"faces": {
				"north": {"uv": [10, 14, 10.25, 14.5], "texture": "#1"},
				"east": {"uv": [13.5, 7, 14, 7.5], "texture": "#1"},
				"south": {"uv": [10.5, 14, 10.75, 14.5], "texture": "#1"},
				"west": {"uv": [13.5, 7.5, 14, 8], "texture": "#1"},
				"up": {"uv": [14.25, 11, 14, 10.5], "texture": "#1"},
				"down": {"uv": [14.25, 11, 14, 11.5], "texture": "#1"}
			}
		},
		{
			"from": [8.5, 8, 16.25],
			"to": [10, 8.5, 16.75],
			"rotation": {"angle": 0, "axis": "y", "origin": [8.25, 6, 21.5]},
			"faces": {
				"north": {"uv": [13.5, 12, 14.25, 12.25], "texture": "#1"},
				"east": {"uv": [14.5, 6, 14.75, 6.25], "texture": "#1"},
				"south": {"uv": [13.5, 13, 14.25, 13.25], "texture": "#1"},
				"up": {"uv": [14.25, 13.75, 13.5, 13.5], "texture": "#1"},
				"down": {"uv": [0.75, 14, 0, 14.25], "texture": "#1"}
			}
		},
		{
			"from": [7.5, 7.5, 14],
			"to": [8.5, 8.5, 20],
			"rotation": {"angle": 0, "axis": "y", "origin": [8.25, 6, 21.5]},
			"faces": {
				"north": {"uv": [7, 6.5, 7.5, 7], "texture": "#1"},
				"east": {"uv": [9, 1.5, 12, 2], "texture": "#1"},
				"south": {"uv": [13.5, 6, 14, 6.5], "texture": "#1"},
				"west": {"uv": [10, 3, 13, 3.5], "texture": "#1"},
				"up": {"uv": [4.5, 13, 4, 10], "texture": "#1"},
				"down": {"uv": [5, 10, 4.5, 13], "texture": "#1"}
			}
		},
		{
			"from": [7.75, 8.75, -9.5],
			"to": [8.25, 9.25, -8.74],
			"rotation": {"angle": 0, "axis": "y", "origin": [8.25, 6, 21.5]},
			"faces": {
				"north": {"uv": [14.5, 6.5, 14.75, 6.75], "texture": "#1"},
				"east": {"uv": [14.5, 7, 14.75, 7.25], "texture": "#1"},
				"south": {"uv": [14.5, 7.5, 14.75, 7.75], "texture": "#1"},
				"west": {"uv": [14.5, 8, 14.75, 8.25], "texture": "#1"},
				"up": {"uv": [8.75, 14.75, 8.5, 14.5], "texture": "#1"}
			}
		},
		{
			"from": [7.75, 4.9, 18.35],
			"to": [8.25, 6.15, 18.85],
			"rotation": {"angle": 0, "axis": "y", "origin": [8.25, 6, 21.5]},
			"faces": {
				"north": {"uv": [14, 6, 14.25, 6.75], "texture": "#1"},
				"east": {"uv": [6.5, 14, 6.75, 14.75], "texture": "#1"},
				"south": {"uv": [7, 14, 7.25, 14.75], "texture": "#1"},
				"west": {"uv": [14, 7, 14.25, 7.75], "texture": "#1"},
				"down": {"uv": [14.75, 9, 14.5, 9.25], "texture": "#1"}
			}
		},
		{
			"from": [7.75, 8.5, 17.25],
			"to": [8.25, 9, 19.75],
			"rotation": {"angle": 0, "axis": "y", "origin": [8.25, 6, 21.5]},
			"faces": {
				"north": {"uv": [14.5, 5, 14.75, 5.25], "texture": "#1"},
				"east": {"uv": [13.5, 3, 14.75, 3.25], "texture": "#1"},
				"south": {"uv": [14.5, 5.5, 14.75, 5.75], "texture": "#1"},
				"west": {"uv": [13.5, 3.5, 14.75, 3.75], "texture": "#1"},
				"up": {"uv": [3.25, 14.75, 3, 13.5], "texture": "#1"}
			}
		},
		{
			"from": [7.5, 7.8, -10],
			"to": [8.5, 8.8, 8],
			"rotation": {"angle": 0, "axis": "y", "origin": [8.25, 6, 21.5]},
			"faces": {
				"north": {"uv": [1, 15, 2, 16], "texture": "#1"},
				"east": {"uv": [2, 2, 11, 2.5], "texture": "#1"},
				"west": {"uv": [2, 2.5, 11, 3], "texture": "#1"},
				"up": {"uv": [2.5, 12, 2, 3], "texture": "#1"},
				"down": {"uv": [3, 3, 2.5, 12], "texture": "#1"}
			}
		},
		{
			"from": [7.5, 4.6, 19.5],
			"to": [8.5, 6.1, 20],
			"rotation": {"angle": 0, "axis": "y", "origin": [8.25, 6, 21.5]},
			"faces": {
				"north": {"uv": [6.5, 13, 7, 13.75], "texture": "#1"},
				"east": {"uv": [14, 4.5, 14.25, 5.25], "texture": "#1"},
				"south": {"uv": [13, 7, 13.5, 7.75], "texture": "#1"},
				"west": {"uv": [5.5, 14, 5.75, 14.75], "texture": "#1"},
				"down": {"uv": [15, 2, 14.5, 2.25], "texture": "#1"}
			}
		},
		{
			"from": [7.5, 4.1, 16.75],
			"to": [8.5, 4.6, 19.75],
			"rotation": {"angle": 0, "axis": "y", "origin": [8.25, 6, 21.5]},
			"faces": {
				"north": {"uv": [2.5, 14.5, 3, 14.75], "texture": "#1"},
				"east": {"uv": [13, 5.5, 14.5, 5.75], "texture": "#1"},
				"south": {"uv": [14.5, 2.5, 15, 2.75], "texture": "#1"},
				"west": {"uv": [13, 8, 14.5, 8.25], "texture": "#1"},
				"up": {"uv": [2.5, 13.5, 2, 12], "texture": "#1"},
				"down": {"uv": [3, 12, 2.5, 13.5], "texture": "#1"}
			}
		},
		{
			"from": [7.5, 4.6, 16.5],
			"to": [8.5, 6.1, 17],
			"rotation": {"angle": 0, "axis": "y", "origin": [8.25, 6, 21.5]},
			"faces": {
				"north": {"uv": [13, 8.5, 13.5, 9.25], "texture": "#1"},
				"east": {"uv": [7.5, 14, 7.75, 14.75], "texture": "#1"},
				"south": {"uv": [13, 10.5, 13.5, 11.25], "texture": "#1"},
				"west": {"uv": [8, 14, 8.25, 14.75], "texture": "#1"},
				"down": {"uv": [4.5, 14.5, 4, 14.75], "texture": "#1"}
			}
		},
		{
			"from": [8.5, 6.625, -8.25],
			"to": [9, 7.125, -6.75],
			"rotation": {"angle": 0, "axis": "y", "origin": [8.25, 6, 21.5]},
			"faces": {
				"north": {"uv": [14.5, 4.5, 14.75, 4.75], "texture": "#1"},
				"east": {"uv": [13.5, 9, 14.25, 9.25], "texture": "#1"},
				"south": {"uv": [5, 14.5, 5.25, 14.75], "texture": "#1"},
				"west": {"uv": [10, 13.5, 10.75, 13.75], "texture": "#1"},
				"up": {"uv": [13.75, 11.25, 13.5, 10.5], "texture": "#1"},
				"down": {"uv": [11.25, 13.5, 11, 14.25], "texture": "#1"}
			}
		}
	],
	"gui_light": "front",
	"display": {
		"thirdperson_righthand": {
			"rotation": [0, 0, 7],
			"translation": [0, 1.5, -4.5],
			"scale": [0.8, 0.8, 0.7]
		},
		"thirdperson_lefthand": {
			"scale": [0.8, 0.8, 0.7]
		},
		"firstperson_righthand": {
			"translation": [0.25, 4, -9.25]
		},
		"firstperson_lefthand": {
			"translation": [0, 3, 0],
			"scale": [1, 0.76, 1]
		},
		"ground": {
			"translation": [0, 3, -1],
			"scale": [0.5, 0.5, 0.5]
		},
		"gui": {
			"rotation": [0, 90, 0]
		},
		"fixed": {
			"rotation": [0, 90, 0],
			"translation": [-2, 0.5, -1.25],
			"scale": [1.3, 1.3, 1.3]
		}
	},
	"groups": [
		{
			"name": "group",
			"origin": [9, 0, 23.5],
			"color": 0,
			"children": [
				{
					"name": "qiangshen",
					"origin": [9, 0, 23.5],
					"color": 0,
					"children": [0, 1, 2, 3, 4, 5, 6, 7]
				},
				{
					"name": "jinshu",
					"origin": [7, 0, 23.5],
					"color": 0,
					"children": [8, 9, 10, 11, 12, 13, 14, 15, 16, 17]
				},
				{
					"name": "qiangguan",
					"origin": [7, 0, 23.5],
					"color": 0,
					"children": [18, 19, 20, 21, 22, 23, 24, 25, 26, 27, 28, 29, 30, 31]
				}
			]
		}
	]
}