{
	"credit": "Made with Blockbench",
	"texture_size": [32, 32],
	"textures": {
		"0": "block/color/wood_tommygun",
		"1": "block/color/wood_nine",
		"2": "block/color/graymedium_one",
		"4": "block/color/gray_concrete",
		"5": "block/color/wood_eleven",
		"particle": "block/color/wood_tommygun"
	},
	"elements": [
		{
			"from": [7, 5.75, -2.25],
			"to": [9, 7.75, 4.25],
			"rotation": {"angle": 0, "axis": "y", "origin": [7, 0, 21.5]},
			"faces": {
				"north": {"uv": [11.5, 11, 12.5, 12], "texture": "#1"},
				"east": {"uv": [8.5, 11, 11.5, 12], "texture": "#1"},
				"south": {"uv": [15.5, 11, 16.5, 12], "texture": "#1"},
				"west": {"uv": [12.5, 11, 15.5, 12], "texture": "#1"},
				"up": {"uv": [12.5, 11, 11.5, 8], "texture": "#1"},
				"down": {"uv": [13.5, 8, 12.5, 11], "texture": "#1"}
			}
		},
		{
			"from": [7.15, 5.07082, 20.96291],
			"to": [8.85, 6.32082, 21.96291],
			"rotation": {"angle": -45, "axis": "x", "origin": [12.35, 5.69582, 20.71291]},
			"faces": {
				"east": {"uv": [10, 13.5, 10.5, 14.25], "texture": "#5"},
				"west": {"uv": [10.5, 13.5, 11, 14.25], "texture": "#5"},
				"up": {"uv": [14.25, 8, 13.5, 7.5], "texture": "#5"}
			}
		},
		{
			"from": [7.1, 2.52165, 24.65485],
			"to": [8.9, 6.52165, 30.65485],
			"rotation": {"angle": 0, "axis": "y", "origin": [2.4, 0.02165, 21.65485]},
			"faces": {
				"east": {"uv": [4, 4, 7, 6], "texture": "#5"},
				"south": {"uv": [1, 10.5, 2, 12.5], "texture": "#5"},
				"west": {"uv": [4, 6, 7, 8], "texture": "#5"},
				"up": {"uv": [1, 13.5, 0, 10.5], "texture": "#5"}
			}
		},
		{
			"from": [7.05, 4.27289, 13.30292],
			"to": [8.95, 6.27289, 29.55292],
			"rotation": {"angle": 22.5, "axis": "x", "origin": [7.2, 3.52289, 20.55292]},
			"faces": {
				"east": {"uv": [0, 0, 8.25, 1], "texture": "#5"},
				"south": {"uv": [1, 12.5, 2, 13.5], "texture": "#5"},
				"west": {"uv": [0, 1, 8.25, 2], "texture": "#5"},
				"up": {"uv": [1, 10.25, 0, 2], "texture": "#5"},
				"down": {"uv": [2, 2, 1, 10.25], "texture": "#5"}
			}
		},
		{
			"from": [7.1, 4.52165, 21.15485],
			"to": [8.9, 7.02165, 24.65485],
			"rotation": {"angle": 0, "axis": "y", "origin": [8.9, 0.02165, 21.65485]},
			"faces": {
				"north": {"uv": [12, 2, 13, 3.25], "texture": "#0"},
				"east": {"uv": [11, 10, 12.75, 11.25], "texture": "#5"},
				"south": {"uv": [12, 11.5, 13, 12.75], "texture": "#5"},
				"west": {"uv": [8, 11.5, 9.75, 12.75], "texture": "#5"},
				"up": {"uv": [11, 13.25, 10, 11.5], "texture": "#5"}
			}
		},
		{
			"from": [7.1, 4, 18],
			"to": [8.9, 5.5, 21.5],
			"rotation": {"angle": 45, "axis": "x", "origin": [5.15, 3.375, 19.75]},
			"faces": {
				"east": {"uv": [12, 0, 13.75, 0.75], "texture": "#5"},
				"south": {"uv": [13, 11, 14, 11.75], "texture": "#5"},
				"west": {"uv": [12, 1, 13.75, 1.75], "texture": "#5"},
				"down": {"uv": [12, 11.5, 11, 13.25], "texture": "#5"}
			}
		},
		{
			"from": [7.1, 0.77165, 29.15485],
			"to": [8.9, 2.52165, 30.65485],
			"rotation": {"angle": 0, "axis": "y", "origin": [4.9, 4.52165, 22.65485]},
			"faces": {
				"east": {"uv": [13, 3, 13.75, 4], "texture": "#5"},
				"south": {"uv": [5, 12.5, 6, 13.5], "texture": "#5"},
				"west": {"uv": [7, 13, 7.75, 14], "texture": "#5"},
				"down": {"uv": [9, 13, 8, 13.75], "texture": "#5"}
			}
		},
		{
			"from": [7, 7.5, 8.5],
			"to": [9, 9, 15.25],
			"rotation": {"angle": 0, "axis": "y", "origin": [7, 0, 21.5]},
			"faces": {
				"north": {"uv": [9, 13, 10, 13.75], "texture": "#4"},
				"east": {"uv": [11, 8, 14.5, 8.75], "texture": "#4"},
				"south": {"uv": [13, 10, 14, 10.75], "texture": "#4"},
				"west": {"uv": [11, 9, 14.5, 9.75], "texture": "#4"},
				"up": {"uv": [9, 11.5, 8, 8], "texture": "#4"}
			}
		},
		{
			"from": [7, 5.75, 8.5],
			"to": [9, 7.5, 17],
			"rotation": {"angle": 0, "axis": "y", "origin": [7, 0, 21.5]},
			"faces": {
				"north": {"uv": [6, 12.5, 7, 13.5], "texture": "#4"},
				"east": {"uv": [8, 6, 12.25, 7], "texture": "#4"},
				"south": {"uv": [12.5, 6, 13.5, 7], "texture": "#4"},
				"west": {"uv": [8, 7, 12.25, 8], "texture": "#4"},
				"up": {"uv": [6, 12.25, 5, 8], "texture": "#4"},
				"down": {"uv": [7, 8, 6, 12.25], "texture": "#4"}
			}
		},
		{
			"from": [7.25, 6, -5.5],
			"to": [8.75, 7.3, 8.5],
			"rotation": {"angle": 0, "axis": "y", "origin": [7, 0, 21.5]},
			"faces": {
				"north": {"uv": [6, 13.5, 6.75, 14.25], "texture": "#2"},
				"east": {"uv": [7, 4, 14, 4.75], "texture": "#2"},
				"west": {"uv": [7, 5, 14, 5.75], "texture": "#2"},
				"up": {"uv": [7.75, 13, 7, 6], "texture": "#2"},
				"down": {"uv": [4.75, 8, 4, 15], "texture": "#2"}
			}
		},
		{
			"from": [7.5, 5.1, -6.5],
			"to": [8.5, 7.6, -5.5],
			"rotation": {"angle": 0, "axis": "y", "origin": [7, 0, 21.5]},
			"faces": {
				"north": {"uv": [12.5, 13, 13, 14.25], "texture": "#2"},
				"east": {"uv": [0, 13.5, 0.5, 14.75], "texture": "#2"},
				"south": {"uv": [0.5, 13.5, 1, 14.75], "texture": "#2"},
				"west": {"uv": [1, 13.5, 1.5, 14.75], "texture": "#2"},
				"down": {"uv": [14.5, 0, 14, 0.5], "texture": "#2"}
			}
		},
		{
			"from": [7.25, 7.5, -11.5],
			"to": [8.75, 9, 8.5],
			"rotation": {"angle": 0, "axis": "y", "origin": [7, 0, 21.5]},
			"faces": {
				"north": {"uv": [0, 14.75, 1.25, 16], "texture": "#2"},
				"east": {"uv": [2, 2, 12, 2.75], "texture": "#2"},
				"west": {"uv": [2, 3, 12, 3.75], "texture": "#2"},
				"up": {"uv": [2.75, 14, 2, 4], "texture": "#2"},
				"down": {"uv": [3.75, 4, 3, 14], "texture": "#2"}
			}
		},
		{
			"from": [7.875, 9, -10],
			"to": [8.375, 9.5, -9.5],
			"rotation": {"angle": 0, "axis": "y", "origin": [6.875, 0, 21.5]},
			"faces": {
				"north": {"uv": [14, 11.5, 14.25, 11.75], "texture": "#2"},
				"east": {"uv": [14, 12, 14.25, 12.25], "texture": "#2"},
				"south": {"uv": [14, 12.5, 14.25, 12.75], "texture": "#2"},
				"west": {"uv": [13.5, 14, 13.75, 14.25], "texture": "#2"},
				"up": {"uv": [14.25, 14.25, 14, 14], "texture": "#2"}
			}
		},
		{
			"from": [7.75, 8.43045, 15.06023],
			"to": [8.25, 8.93045, 16.06023],
			"rotation": {"angle": -45, "axis": "x", "origin": [8, 8.73045, 15.31023]},
			"faces": {
				"east": {"uv": [8.5, 14, 9, 14.25], "texture": "#2"},
				"south": {"uv": [14, 11, 14.25, 11.25], "texture": "#2"},
				"west": {"uv": [9, 14, 9.5, 14.25], "texture": "#2"},
				"up": {"uv": [9.75, 14.5, 9.5, 14], "texture": "#2"},
				"down": {"uv": [14.25, 10, 14, 10.5], "texture": "#2"}
			}
		},
		{
			"from": [7.5, 4.5, 13.5],
			"to": [8.5, 5.75, 14],
			"rotation": {"angle": 0, "axis": "y", "origin": [7, 0, 21.5]},
			"faces": {
				"north": {"uv": [13.5, 12, 14, 12.75], "texture": "#2"},
				"east": {"uv": [3.5, 14, 3.75, 14.75], "texture": "#2"},
				"south": {"uv": [13, 13.5, 13.5, 14.25], "texture": "#2"},
				"west": {"uv": [14, 3.5, 14.25, 4.25], "texture": "#2"},
				"down": {"uv": [8.5, 14, 8, 14.25], "texture": "#2"}
			}
		},
		{
			"from": [7.5, 4.5, 15.75],
			"to": [8.5, 5.75, 16.25],
			"rotation": {"angle": 0, "axis": "y", "origin": [7, 0, 21.5]},
			"faces": {
				"north": {"uv": [11, 13.5, 11.5, 14.25], "texture": "#2"},
				"east": {"uv": [14, 2.5, 14.25, 3.25], "texture": "#2"},
				"south": {"uv": [11.5, 13.5, 12, 14.25], "texture": "#2"},
				"west": {"uv": [3, 14, 3.25, 14.75], "texture": "#2"},
				"down": {"uv": [14.5, 4.5, 14, 4.75], "texture": "#2"}
			}
		},
		{
			"from": [7.5, 4, 13.75],
			"to": [8.5, 4.5, 16],
			"rotation": {"angle": 0, "axis": "y", "origin": [7, 0, 21.5]},
			"faces": {
				"north": {"uv": [14, 7, 14.5, 7.25], "texture": "#2"},
				"east": {"uv": [13.5, 13, 14.75, 13.25], "texture": "#2"},
				"south": {"uv": [7.5, 14, 8, 14.25], "texture": "#2"},
				"west": {"uv": [13.5, 13.5, 14.75, 13.75], "texture": "#2"},
				"up": {"uv": [12.5, 14.25, 12, 13], "texture": "#2"},
				"down": {"uv": [13.5, 12, 13, 13.25], "texture": "#2"}
			}
		},
		{
			"from": [7.625, 7, -10.5],
			"to": [8.375, 7.75, -9.5],
			"rotation": {"angle": 0, "axis": "y", "origin": [6.875, 0, 21.5]},
			"faces": {
				"north": {"uv": [14, 1.5, 14.5, 2], "texture": "#2"},
				"east": {"uv": [2, 14, 2.5, 14.5], "texture": "#2"},
				"south": {"uv": [14, 2, 14.5, 2.5], "texture": "#2"},
				"west": {"uv": [2.5, 14, 3, 14.5], "texture": "#2"}
			}
		},
		{
			"from": [7.75, 5, 14.95],
			"to": [8.25, 5.75, 15.45],
			"rotation": {"angle": 0, "axis": "y", "origin": [7.25, 0, 21.5]},
			"faces": {
				"north": {"uv": [14, 5, 14.25, 5.5], "texture": "#2"},
				"east": {"uv": [14, 5.5, 14.25, 6], "texture": "#2"},
				"south": {"uv": [14, 6.5, 14.25, 7], "texture": "#2"},
				"west": {"uv": [7, 14, 7.25, 14.5], "texture": "#2"},
				"down": {"uv": [14.25, 10.5, 14, 10.75], "texture": "#2"}
			}
		},
		{
			"from": [7.625, 6.25, -11.5],
			"to": [8.375, 7, -9.5],
			"rotation": {"angle": 0, "axis": "y", "origin": [6.875, 0, 21.5]},
			"faces": {
				"north": {"uv": [14, 0.5, 14.5, 1], "texture": "#2"},
				"east": {"uv": [12, 3.5, 13, 4], "texture": "#2"},
				"south": {"uv": [14, 1, 14.5, 1.5], "texture": "#2"},
				"west": {"uv": [13.5, 6, 14.5, 6.5], "texture": "#2"},
				"up": {"uv": [2, 14.5, 1.5, 13.5], "texture": "#2"},
				"down": {"uv": [14, 6.5, 13.5, 7.5], "texture": "#2"}
			}
		}
	],
	"gui_light": "front",
	"display": {
		"thirdperson_righthand": {
			"translation": [0, 1.75, -4.5],
			"scale": [0.75, 0.75, 0.65]
		},
		"thirdperson_lefthand": {
			"translation": [0, 2, -4.5],
			"scale": [0.8, 0.8, 0.7]
		},
		"firstperson_righthand": {
			"translation": [0.75, 3.25, -0.25]
		},
		"firstperson_lefthand": {
			"translation": [0, 3.75, 0]
		},
		"ground": {
			"translation": [0, 2.25, 0],
			"scale": [0.5, 0.5, 0.5]
		},
		"gui": {
			"rotation": [0, 90, 0]
		},
		"fixed": {
			"rotation": [0, 90, 0],
			"translation": [-0.5, 0.5, -1.25],
			"scale": [1.2, 1.2, 1.2]
		}
	},
	"groups": [
		0,
		{
			"name": "wood",
			"origin": [8, 8, 8],
			"color": 0,
			"children": [1, 2, 3, 4, 5, 6]
		},
		{
			"name": "jinshu",
			"origin": [7, 0, 21.5],
			"color": 0,
			"children": [7, 8]
		},
		{
			"name": "qg",
			"origin": [6.875, 0, 21.5],
			"color": 0,
			"children": [9, 10, 11, 12, 13, 14, 15, 16, 17, 18, 19]
		}
	]
}