{
	"credit": "Made with Blockbench",
	"texture_size": [32, 32],
	"textures": {
		"1": "block/color/armycamoone",
		"2": "block/color/wood_one",
		"3": "block/color/graymedium_one",
		"4": "block/color/lightergray",
		"particle": "block/color/wood_one"
	},
	"elements": [
		{
			"from": [7.25, 10.5, 4],
			"to": [8.75, 12, 14.5],
			"rotation": {"angle": 0, "axis": "y", "origin": [-9.25, 0, 0]},
			"faces": {
				"north": {"uv": [5, 7, 5.5, 7.5], "texture": "#1"},
				"east": {"uv": [0, 7, 5, 7.5], "texture": "#1"},
				"south": {"uv": [10.5, 7, 11, 7.5], "texture": "#1"},
				"west": {"uv": [5.5, 7, 10.5, 7.5], "texture": "#1"},
				"up": {"uv": [5.5, 7, 5, 2], "texture": "#1"},
				"down": {"uv": [6, 2, 5.5, 7], "texture": "#1"}
			}
		},
		{
			"from": [7.375, 10, 4],
			"to": [8.625, 10.5, 14.5],
			"rotation": {"angle": 0, "axis": "y", "origin": [-5.375, 0, 0]},
			"faces": {
				"north": {"uv": [8, 5, 8.5, 5], "texture": "#3"},
				"east": {"uv": [3, 5, 8, 5], "texture": "#3"},
				"south": {"uv": [13.5, 5, 14, 5], "texture": "#3"},
				"west": {"uv": [8.5, 5, 13.5, 5], "texture": "#3"},
				"up": {"uv": [8.5, 5, 8, 0], "texture": "#3"},
				"down": {"uv": [9, 0, 8.5, 5], "texture": "#3"}
			}
		},
		{
			"from": [7.625, 9.5, 15],
			"to": [8.375, 10, 15.5],
			"rotation": {"angle": 0, "axis": "y", "origin": [-5.625, 0, 0]},
			"faces": {
				"north": {"uv": [6.25, 7.5, 6.25, 7.5], "texture": "#1"},
				"east": {"uv": [6.25, 7.5, 6.25, 7.5], "texture": "#1"},
				"south": {"uv": [6.25, 7.5, 6.25, 7.5], "texture": "#1"},
				"west": {"uv": [6.25, 7.5, 6.25, 7.5], "texture": "#1"},
				"up": {"uv": [6.25, 7.5, 6.25, 7.5], "texture": "#1"},
				"down": {"uv": [6.25, 7.5, 6.25, 7.5], "texture": "#1"}
			}
		},
		{
			"from": [7.5, 8.5, 11.5],
			"to": [8.5, 10, 12],
			"rotation": {"angle": 0, "axis": "y", "origin": [-1, 0, 0]},
			"faces": {
				"north": {"uv": [2.5, 0, 3, 0.5], "texture": "#1"},
				"east": {"uv": [2.5, 0, 2.5, 0.5], "texture": "#1"},
				"south": {"uv": [3, 0, 3.5, 0.5], "texture": "#1"},
				"west": {"uv": [3, 0, 3, 0.5], "texture": "#1"},
				"up": {"uv": [3, 0, 2.5, 0], "texture": "#1"},
				"down": {"uv": [3.5, 0, 3, 0], "texture": "#1"}
			}
		},
		{
			"from": [7.5, 9.5, 14],
			"to": [8.5, 10.5, 15],
			"rotation": {"angle": 0, "axis": "y", "origin": [-2, 0, 0]},
			"faces": {
				"north": {"uv": [7, 1, 7.5, 1.5], "texture": "#1"},
				"east": {"uv": [6.5, 1, 7, 1.5], "texture": "#1"},
				"south": {"uv": [8, 1, 8.5, 1.5], "texture": "#1"},
				"west": {"uv": [7.5, 1, 8, 1.5], "texture": "#1"},
				"up": {"uv": [7.5, 1, 7, 0.5], "texture": "#1"},
				"down": {"uv": [8, 0.5, 7.5, 1], "texture": "#1"}
			}
		},
		{
			"from": [7.625, 9, 13.5],
			"to": [8.375, 10, 14.5],
			"rotation": {"angle": 45, "axis": "x", "origin": [13.125, 9.25, 14.25]},
			"faces": {
				"north": {"uv": [2, 0.5, 2, 1], "texture": "#1"},
				"east": {"uv": [1.5, 0.5, 2, 1], "texture": "#1"},
				"south": {"uv": [2.5, 0.5, 2.5, 1], "texture": "#1"},
				"west": {"uv": [2, 0.5, 2.5, 1], "texture": "#1"},
				"up": {"uv": [2, 0.5, 2, 0], "texture": "#1"},
				"down": {"uv": [2, 0, 2, 0.5], "texture": "#1"}
			}
		},
		{
			"from": [7.375, 8.5, 11.75],
			"to": [8.625, 10, 14],
			"rotation": {"angle": 0, "axis": "y", "origin": [8.125, 0.13372, 0]},
			"faces": {
				"north": {"uv": [6.5, 1, 7, 1.5], "texture": "#2"},
				"east": {"uv": [5.5, 1, 6.5, 1.5], "texture": "#2"},
				"south": {"uv": [8, 1, 8.5, 1.5], "texture": "#2"},
				"west": {"uv": [7, 1, 8, 1.5], "texture": "#2"},
				"up": {"uv": [7, 1, 6.5, 0], "texture": "#2"},
				"down": {"uv": [7.5, 0, 7, 1], "texture": "#2"}
			}
		},
		{
			"from": [7.425, 3.61628, 12.82089],
			"to": [8.575, 8.11628, 15.32089],
			"rotation": {"angle": -22.5, "axis": "x", "origin": [9.325, 5.61628, 11.32089]},
			"faces": {
				"north": {"uv": [4, 6.5, 4.5, 8.5], "texture": "#2"},
				"east": {"uv": [3, 6.5, 4, 8.5], "texture": "#2"},
				"south": {"uv": [5.5, 6.5, 6, 8.5], "texture": "#2"},
				"west": {"uv": [4.5, 6.5, 5.5, 8.5], "texture": "#2"},
				"up": {"uv": [4.5, 6.5, 4, 5.5], "texture": "#2"},
				"down": {"uv": [5, 5.5, 4.5, 6.5], "texture": "#2"}
			}
		},
		{
			"from": [7.5, 3.56628, 12.57089],
			"to": [8.5, 3.81628, 15.07089],
			"rotation": {"angle": -22.5, "axis": "x", "origin": [8, 5.61628, 11.32089]},
			"faces": {
				"north": {"uv": [1, 3, 1.5, 3], "texture": "#3"},
				"east": {"uv": [0, 3, 1, 3], "texture": "#3"},
				"south": {"uv": [2.5, 3, 3, 3], "texture": "#3"},
				"west": {"uv": [1.5, 3, 2.5, 3], "texture": "#3"},
				"up": {"uv": [1.5, 3, 1, 2], "texture": "#3"},
				"down": {"uv": [2, 2, 1.5, 3], "texture": "#3"}
			}
		},
		{
			"from": [8.2, 12, 12.5],
			"to": [8.5, 12.5, 13],
			"rotation": {"angle": 0, "axis": "y", "origin": [17, 0, 0]},
			"faces": {
				"north": {"uv": [6.75, 0.5, 6.75, 0.5], "texture": "#4"},
				"east": {"uv": [6.75, 0.5, 6.75, 0.5], "texture": "#4"},
				"south": {"uv": [6.75, 0.5, 6.75, 0.5], "texture": "#4"},
				"west": {"uv": [6.75, 0.5, 6.75, 0.5], "texture": "#4"},
				"up": {"uv": [6.75, 0.5, 6.75, 0.5], "texture": "#4"},
				"down": {"uv": [6.75, 0.5, 6.75, 0.5], "texture": "#4"}
			}
		},
		{
			"from": [7.375, 10.6, 9.2],
			"to": [8.625, 12.1, 11.45],
			"rotation": {"angle": 0, "axis": "y", "origin": [8.125, 2.13372, -3]},
			"faces": {
				"north": {"uv": [6.5, 1, 7, 1.5], "texture": "#4"},
				"east": {"uv": [5.5, 1, 6.5, 1.5], "texture": "#4"},
				"south": {"uv": [8, 1, 8.5, 1.5], "texture": "#4"},
				"west": {"uv": [7, 1, 8, 1.5], "texture": "#4"},
				"up": {"uv": [7, 1, 6.5, 0], "texture": "#4"},
				"down": {"uv": [7.5, 0, 7, 1], "texture": "#4"}
			}
		},
		{
			"from": [7.5, 12, 12.5],
			"to": [8.5, 12.2, 13],
			"rotation": {"angle": 0, "axis": "y", "origin": [-1, 0, 0]},
			"faces": {
				"north": {"uv": [7.25, 0.5, 6.75, 0.5], "texture": "#4"},
				"east": {"uv": [7.25, 0.5, 7.25, 0.5], "texture": "#4"},
				"south": {"uv": [7.75, 0.5, 7.25, 0.5], "texture": "#4"},
				"west": {"uv": [6.75, 0.5, 6.75, 0.5], "texture": "#4"},
				"up": {"uv": [6.75, 0.5, 7.25, 0.5], "texture": "#4"},
				"down": {"uv": [7.25, 0.5, 7.75, 0.5], "texture": "#4"}
			}
		},
		{
			"from": [7.75, 10.75995, 14.41326],
			"to": [8.25, 11.25995, 15.41326],
			"rotation": {"angle": -22.5, "axis": "x", "origin": [7, 11.35995, 14.16326]},
			"faces": {
				"east": {"uv": [8, 1, 8.5, 1.25], "texture": "#4"},
				"south": {"uv": [8, 8, 8.25, 8.25], "texture": "#4"},
				"west": {"uv": [1.5, 8, 2, 8.25], "texture": "#4"},
				"up": {"uv": [8.25, 2, 8, 1.5], "texture": "#4"},
				"down": {"uv": [2.25, 8, 2, 8.5], "texture": "#4"}
			}
		},
		{
			"from": [7.85, 12, 4.5],
			"to": [8.15, 12.5, 5],
			"rotation": {"angle": 0, "axis": "y", "origin": [-1.25, 0, 0]},
			"faces": {
				"north": {"uv": [7, 7.5, 7, 7.5], "texture": "#4"},
				"east": {"uv": [7, 7.5, 7, 7.5], "texture": "#4"},
				"south": {"uv": [7, 7.5, 7, 7.5], "texture": "#4"},
				"west": {"uv": [7, 7.5, 7, 7.5], "texture": "#4"},
				"up": {"uv": [7, 7.5, 7, 7.5], "texture": "#4"},
				"down": {"uv": [7, 7.5, 7, 7.5], "texture": "#4"}
			}
		},
		{
			"from": [7.75, 8.5, 11],
			"to": [8.25, 10, 11.5],
			"rotation": {"angle": 0, "axis": "y", "origin": [-1.25, 0, 0]},
			"faces": {
				"north": {"uv": [5, 7.5, 5.25, 8.25], "texture": "#4"},
				"east": {"uv": [5.5, 7.5, 5.75, 8.25], "texture": "#4"},
				"west": {"uv": [7.5, 5.5, 7.75, 6.25], "texture": "#4"}
			}
		},
		{
			"from": [7.75, 10.5, 14.25],
			"to": [8.25, 11.5, 14.75],
			"rotation": {"angle": 0, "axis": "y", "origin": [1.25, 0, 0]},
			"faces": {
				"east": {"uv": [8, 3, 8.25, 3.5], "texture": "#4"},
				"south": {"uv": [3.5, 8, 3.75, 8.5], "texture": "#4"},
				"west": {"uv": [8, 3.5, 8.25, 4], "texture": "#4"},
				"up": {"uv": [0.25, 8.75, 0, 8.5], "texture": "#4"}
			}
		},
		{
			"from": [7.5, 12, 12.5],
			"to": [7.8, 12.5, 13],
			"rotation": {"angle": 0, "axis": "y", "origin": [-1, 0, 0]},
			"faces": {
				"north": {"uv": [6.75, 0.5, 6.75, 0.5], "texture": "#4"},
				"east": {"uv": [6.75, 0.5, 6.75, 0.5], "texture": "#4"},
				"south": {"uv": [6.75, 0.5, 6.75, 0.5], "texture": "#4"},
				"west": {"uv": [6.75, 0.5, 6.75, 0.5], "texture": "#4"},
				"up": {"uv": [6.75, 0.5, 6.75, 0.5], "texture": "#4"},
				"down": {"uv": [6.75, 0.5, 6.75, 0.5], "texture": "#4"}
			}
		},
		{
			"from": [7.625, 8.5, 9],
			"to": [8.375, 10, 9.5],
			"rotation": {"angle": 0, "axis": "y", "origin": [-1.125, 0, 0]},
			"faces": {
				"north": {"uv": [4, 0, 4, 0.5], "texture": "#1"},
				"east": {"uv": [4, 0, 4, 0.5], "texture": "#1"},
				"south": {"uv": [4, 0, 4, 0.5], "texture": "#1"},
				"west": {"uv": [4, 0, 4, 0.5], "texture": "#1"},
				"up": {"uv": [4, 0, 4, 0], "texture": "#1"},
				"down": {"uv": [4, 0, 4, 0], "texture": "#1"}
			}
		},
		{
			"from": [7.625, 8, 9.5],
			"to": [8.375, 8.5, 12.5],
			"rotation": {"angle": 0, "axis": "y", "origin": [-1.125, 0, 0]},
			"faces": {
				"north": {"uv": [5.5, 7, 5.5, 7], "texture": "#1"},
				"east": {"uv": [4, 7, 5.5, 7], "texture": "#1"},
				"south": {"uv": [7, 7, 7, 7], "texture": "#1"},
				"west": {"uv": [5.5, 7, 7, 7], "texture": "#1"},
				"up": {"uv": [5.5, 7, 5.5, 5.5], "texture": "#1"},
				"down": {"uv": [5.5, 5.5, 5.5, 7], "texture": "#1"}
			}
		}
	],
	"gui_light": "front",
	"display": {
		"thirdperson_righthand": {
			"translation": [0, -0.75, -2.5]
		},
		"thirdperson_lefthand": {
			"translation": [0, -2, -3.25]
		},
		"firstperson_righthand": {
			"translation": [0, 1.5, -3.5]
		},
		"firstperson_lefthand": {
			"translation": [0, 1.75, -3.5]
		},
		"ground": {
			"translation": [0, 2.25, 0],
			"scale": [0.5, 0.5, 0.5]
		},
		"gui": {
			"rotation": [0, 90, 0],
			"translation": [-1.75, 0, 0]
		},
		"fixed": {
			"rotation": [0, 90, 0],
			"translation": [-2.25, 0, 0]
		}
	},
	"groups": [
		0,
		1,
		2,
		3,
		4,
		5,
		6,
		7,
		8,
		{
			"name": "group",
			"origin": [-1, 0, 0],
			"color": 0,
			"children": [9, 10, 11, 12, 13, 14, 15, 16]
		},
		17,
		18
	]
}