{
	"credit": "Made with Blockbench",
	"texture_size": [32, 32],
	"textures": {
		"0": "block/color/wood_tommygun",
		"1": "block/color/lightergray",
		"2": "block/color/graymedium_two",
		"particle": "block/color/wood_tommygun"
	},
	"elements": [
		{
			"from": [7.5, 4.75, 15.75],
			"to": [8.5, 6, 16.25],
			"rotation": {"angle": 0, "axis": "y", "origin": [7, 0, 21.5]},
			"faces": {
				"north": {"uv": [9.5, 13.5, 10, 14.25], "texture": "#1"},
				"east": {"uv": [3.5, 14.5, 3.75, 15.25], "texture": "#1"},
				"south": {"uv": [13.5, 12.5, 14, 13.25], "texture": "#1"},
				"west": {"uv": [5, 14.5, 5.25, 15.25], "texture": "#1"},
				"up": {"uv": [9.5, 14.75, 9, 14.5], "texture": "#1"},
				"down": {"uv": [10, 14.5, 9.5, 14.75], "texture": "#1"}
			}
		},
		{
			"from": [10, 7.8, 4.5],
			"to": [10.3, 8.2, 5.8],
			"rotation": {"angle": 0, "axis": "z", "origin": [10.41427, 8.24913, 5.4875]},
			"faces": {
				"north": {"uv": [14.5, 7.5, 14.75, 8], "rotation": 90, "texture": "#1"},
				"east": {"uv": [14.75, 14, 14.5, 14.25], "rotation": 270, "texture": "#1"},
				"south": {"uv": [8.5, 14.5, 8.75, 15], "rotation": 270, "texture": "#1"},
				"west": {"uv": [14.75, 13.75, 14.5, 13.5], "rotation": 270, "texture": "#1"},
				"up": {"uv": [14.5, 8, 14.75, 8.5], "rotation": 270, "texture": "#1"},
				"down": {"uv": [14.5, 8.5, 14.75, 9], "rotation": 270, "texture": "#1"}
			}
		},
		{
			"from": [9, 7.5, 5.03663],
			"to": [9.3, 8.1, 5.43663],
			"rotation": {"angle": 0, "axis": "x", "origin": [9.41427, 8.24913, 5.4875]},
			"faces": {
				"north": {"uv": [14.5, 8, 14.75, 8.5], "rotation": 90, "texture": "#1"},
				"east": {"uv": [14.75, 14, 14.5, 14.25], "texture": "#1"},
				"south": {"uv": [14.5, 8.5, 14.75, 9], "rotation": 270, "texture": "#1"},
				"west": {"uv": [14.75, 13.75, 14.5, 13.5], "rotation": 180, "texture": "#1"},
				"up": {"uv": [8.5, 14.5, 8.75, 15], "rotation": 270, "texture": "#1"},
				"down": {"uv": [14.5, 7.5, 14.75, 8], "rotation": 270, "texture": "#1"}
			}
		},
		{
			"from": [9, 7.8, 4.5],
			"to": [9.3, 8.2, 5.8],
			"rotation": {"angle": 0, "axis": "z", "origin": [9.41427, 8.24913, 5.4875]},
			"faces": {
				"north": {"uv": [14.5, 7.5, 14.75, 8], "rotation": 90, "texture": "#1"},
				"east": {"uv": [14.75, 14, 14.5, 14.25], "rotation": 270, "texture": "#1"},
				"south": {"uv": [8.5, 14.5, 8.75, 15], "rotation": 270, "texture": "#1"},
				"west": {"uv": [14.75, 13.75, 14.5, 13.5], "rotation": 270, "texture": "#missing"},
				"up": {"uv": [14.5, 8, 14.75, 8.5], "rotation": 270, "texture": "#1"},
				"down": {"uv": [14.5, 8.5, 14.75, 9], "rotation": 270, "texture": "#1"}
			}
		},
		{
			"from": [10, 7, 5.03663],
			"to": [10.3, 7.8, 5.43663],
			"rotation": {"angle": 0, "axis": "x", "origin": [10.41427, 8.24913, 5.4875]},
			"faces": {
				"north": {"uv": [14.5, 8, 14.75, 8.5], "rotation": 90, "texture": "#1"},
				"east": {"uv": [14.75, 14, 14.5, 14.25], "texture": "#1"},
				"south": {"uv": [14.5, 8.5, 14.75, 9], "rotation": 270, "texture": "#1"},
				"west": {"uv": [14.75, 13.75, 14.5, 13.5], "rotation": 180, "texture": "#1"},
				"up": {"uv": [8.5, 14.5, 8.75, 15], "rotation": 270, "texture": "#1"},
				"down": {"uv": [14.5, 7.5, 14.75, 8], "rotation": 270, "texture": "#1"}
			}
		},
		{
			"from": [8, 7.8, 4.8],
			"to": [10, 8.2, 6],
			"rotation": {"angle": 0, "axis": "z", "origin": [9.41427, 8.24913, 5.4875]},
			"faces": {
				"north": {"uv": [14.5, 7.5, 14.75, 8], "rotation": 90, "texture": "#1"},
				"east": {"uv": [14.75, 14, 14.5, 14.25], "rotation": 270, "texture": "#1"},
				"south": {"uv": [8.5, 14.5, 8.75, 15], "rotation": 270, "texture": "#1"},
				"west": {"uv": [14.75, 13.75, 14.5, 13.5], "rotation": 270, "texture": "#1"},
				"up": {"uv": [14.5, 8, 14.75, 8.5], "rotation": 270, "texture": "#1"},
				"down": {"uv": [14.5, 8.5, 14.75, 9], "rotation": 270, "texture": "#1"}
			}
		},
		{
			"from": [7.65, 8.15, 16.2],
			"to": [8.35, 8.85, 16.7],
			"rotation": {"angle": 0, "axis": "y", "origin": [5, 0, 22.5]},
			"faces": {
				"north": {"uv": [10.5, 14, 11, 14.5], "texture": "#1"},
				"east": {"uv": [8, 3.5, 11.75, 4], "texture": "#1"},
				"south": {"uv": [14, 10.5, 14.5, 11], "texture": "#1"},
				"west": {"uv": [8.5, 8, 12.25, 8.5], "texture": "#1"},
				"up": {"uv": [6.5, 11.75, 6, 8], "texture": "#1"},
				"down": {"uv": [8, 9.5, 7.5, 13.25], "texture": "#1"}
			}
		},
		{
			"from": [7.2, 7.65, 15.9],
			"to": [8.8, 9.25, 16.4],
			"rotation": {"angle": 0, "axis": "y", "origin": [5, 0, 22.5]},
			"faces": {
				"north": {"uv": [10.5, 14, 11, 14.5], "texture": "#1"},
				"east": {"uv": [8, 3.5, 11.75, 4], "texture": "#1"},
				"south": {"uv": [14, 10.5, 14.5, 11], "texture": "#1"},
				"west": {"uv": [8.5, 8, 12.25, 8.5], "texture": "#1"},
				"up": {"uv": [6.5, 11.75, 6, 8], "texture": "#1"},
				"down": {"uv": [8, 9.5, 7.5, 13.25], "texture": "#1"}
			}
		},
		{
			"from": [7.5, 4.75, 13.5],
			"to": [8.5, 6, 14],
			"rotation": {"angle": 0, "axis": "y", "origin": [7, 0, 21.5]},
			"faces": {
				"north": {"uv": [13.5, 13.5, 14, 14.25], "texture": "#1"},
				"east": {"uv": [14.5, 5, 14.75, 5.75], "texture": "#1"},
				"south": {"uv": [0, 14, 0.5, 14.75], "texture": "#1"},
				"west": {"uv": [5.5, 14.5, 5.75, 15.25], "texture": "#1"},
				"up": {"uv": [12, 14.75, 11.5, 14.5], "texture": "#1"},
				"down": {"uv": [15, 11.5, 14.5, 11.75], "texture": "#1"}
			}
		},
		{
			"from": [7.5, 4.25, 13.75],
			"to": [8.5, 4.75, 16],
			"rotation": {"angle": 0, "axis": "y", "origin": [7, 0, 21.5]},
			"faces": {
				"north": {"uv": [11, 14.5, 11.5, 14.75], "texture": "#1"},
				"east": {"uv": [1, 14, 2.25, 14.25], "texture": "#1"},
				"south": {"uv": [14.5, 11, 15, 11.25], "texture": "#1"},
				"west": {"uv": [14, 2, 15.25, 2.25], "texture": "#1"},
				"up": {"uv": [12, 13.75, 11.5, 12.5], "texture": "#1"},
				"down": {"uv": [12.5, 12.5, 12, 13.75], "texture": "#1"}
			}
		},
		{
			"from": [7.75, 6.75, -10],
			"to": [8.25, 7.25, -9],
			"rotation": {"angle": 0, "axis": "y", "origin": [6.75, 0, 18.5]},
			"faces": {
				"north": {"uv": [12, 14.5, 12.25, 14.75], "texture": "#2"},
				"east": {"uv": [14, 2.5, 15, 2.75], "texture": "#2"},
				"south": {"uv": [14.5, 12, 14.75, 12.25], "texture": "#2"},
				"west": {"uv": [3, 14, 4, 14.25], "texture": "#2"},
				"up": {"uv": [4.25, 15, 4, 14], "texture": "#2"},
				"down": {"uv": [4.75, 14, 4.5, 15], "texture": "#2"}
			}
		},
		{
			"from": [6.875, 6.2, -4.5],
			"to": [9.075, 9, -4],
			"rotation": {"angle": 0, "axis": "y", "origin": [7.125, 0, 16.5]},
			"faces": {
				"north": {"uv": [1, 11.5, 2, 12.75], "texture": "#2"},
				"east": {"uv": [0.5, 14, 0.75, 15.25], "texture": "#2"},
				"south": {"uv": [11.5, 5, 12.5, 6.25], "texture": "#2"},
				"west": {"uv": [14, 0.5, 14.25, 1.75], "texture": "#2"},
				"up": {"uv": [15, 9.25, 14, 9], "texture": "#2"},
				"down": {"uv": [15, 9.5, 14, 9.75], "texture": "#2"}
			}
		},
		{
			"from": [7.25, 6.65, -9.3],
			"to": [8.8, 8.95, -8.9],
			"rotation": {"angle": 0, "axis": "y", "origin": [7, 0, 16.5]},
			"faces": {
				"north": {"uv": [12, 9.5, 12.75, 10.75], "texture": "#2"},
				"east": {"uv": [6, 12, 6.5, 13.25], "texture": "#2"},
				"south": {"uv": [12, 11, 12.75, 12.25], "texture": "#2"},
				"west": {"uv": [10, 12.5, 10.5, 13.75], "texture": "#2"},
				"up": {"uv": [13.75, 12, 13, 11.5], "texture": "#2"},
				"down": {"uv": [13.75, 12, 13, 12.5], "texture": "#2"}
			}
		},
		{
			"from": [7.75, 5.25, 14.95],
			"to": [8.25, 6, 15.45],
			"rotation": {"angle": 0, "axis": "y", "origin": [7.25, 0, 21.5]},
			"faces": {
				"north": {"uv": [10, 14.5, 10.25, 15], "texture": "#2"},
				"east": {"uv": [14.5, 10, 14.75, 10.5], "texture": "#2"},
				"south": {"uv": [10.5, 14.5, 10.75, 15], "texture": "#2"},
				"west": {"uv": [14.5, 10.5, 14.75, 11], "texture": "#2"},
				"up": {"uv": [3.25, 15.25, 3, 15], "texture": "#2"},
				"down": {"uv": [15.25, 3, 15, 3.25], "texture": "#2"}
			}
		},
		{
			"from": [7.8, 8.4, -15.25],
			"to": [8.2, 9.4, -14.75],
			"rotation": {"angle": 0, "axis": "y", "origin": [6.75, 0, 14.5]},
			"faces": {
				"north": {"uv": [15, 0.5, 15.25, 0.75], "texture": "#2"},
				"east": {"uv": [1, 15, 1.25, 15.25], "texture": "#2"},
				"south": {"uv": [1.5, 15, 1.75, 15.25], "texture": "#2"},
				"west": {"uv": [2, 15, 2.25, 15.25], "texture": "#2"},
				"up": {"uv": [2.75, 15.25, 2.5, 15], "texture": "#2"},
				"down": {"uv": [15.25, 2.5, 15, 2.75], "texture": "#2"}
			}
		},
		{
			"from": [7.8, 7.4, -12.25],
			"to": [8.2, 8.4, -11.75],
			"rotation": {"angle": 0, "axis": "y", "origin": [6.75, -1, 17.5]},
			"faces": {
				"north": {"uv": [15, 0.5, 15.25, 0.75], "texture": "#2"},
				"east": {"uv": [1, 15, 1.25, 15.25], "texture": "#2"},
				"south": {"uv": [1.5, 15, 1.75, 15.25], "texture": "#2"},
				"west": {"uv": [2, 15, 2.25, 15.25], "texture": "#2"},
				"up": {"uv": [2.75, 15.25, 2.5, 15], "texture": "#2"},
				"down": {"uv": [15.25, 2.5, 15, 2.75], "texture": "#2"}
			}
		},
		{
			"from": [8.3, 8.75, 2.5],
			"to": [8.5, 9.35, 3],
			"rotation": {"angle": 0, "axis": "y", "origin": [11, 1, 8.5]},
			"faces": {
				"north": {"uv": [11, 14, 10.5, 14.5], "texture": "#2"},
				"east": {"uv": [12.25, 8, 8.5, 8.5], "texture": "#2"},
				"south": {"uv": [14.5, 10.5, 14, 11], "texture": "#2"},
				"west": {"uv": [11.75, 3.5, 8, 4], "texture": "#2"},
				"up": {"uv": [6, 11.75, 6.5, 8], "texture": "#2"},
				"down": {"uv": [7.5, 9.5, 8, 13.25], "texture": "#2"}
			}
		},
		{
			"from": [7.3, 6.75, 10.5],
			"to": [8.7, 9.15, 16],
			"rotation": {"angle": 0, "axis": "y", "origin": [5, 0, 21.5]},
			"faces": {
				"north": {"uv": [10.5, 14, 11, 14.5], "texture": "#2"},
				"east": {"uv": [8, 3.5, 11.75, 4], "texture": "#2"},
				"south": {"uv": [14, 10.5, 14.5, 11], "texture": "#2"},
				"west": {"uv": [8.5, 8, 12.25, 8.5], "texture": "#2"},
				"up": {"uv": [6.5, 11.75, 6, 8], "texture": "#2"},
				"down": {"uv": [8, 9.5, 7.5, 13.25], "texture": "#2"}
			}
		},
		{
			"from": [7.3, 6.75, 4.5],
			"to": [8.7, 9.15, 5.2],
			"rotation": {"angle": 0, "axis": "y", "origin": [5, 0, 15.5]},
			"faces": {
				"north": {"uv": [10.5, 14, 11, 14.5], "texture": "#2"},
				"east": {"uv": [8, 3.5, 11.75, 4], "texture": "#2"},
				"south": {"uv": [14, 10.5, 14.5, 11], "texture": "#2"},
				"west": {"uv": [8.5, 8, 12.25, 8.5], "texture": "#2"},
				"up": {"uv": [6.5, 11.75, 6, 8], "texture": "#2"},
				"down": {"uv": [8, 9.5, 7.5, 13.25], "texture": "#2"}
			}
		},
		{
			"from": [7.3, 6.75, 4.5],
			"to": [8.7, 8.15, 11],
			"rotation": {"angle": 0, "axis": "y", "origin": [5, 0, 21.5]},
			"faces": {
				"north": {"uv": [10.5, 14, 11, 14.5], "texture": "#2"},
				"east": {"uv": [8, 3.5, 11.75, 4], "texture": "#2"},
				"south": {"uv": [14, 10.5, 14.5, 11], "texture": "#2"},
				"west": {"uv": [8.5, 8, 12.25, 8.5], "texture": "#2"},
				"up": {"uv": [6.5, 11.75, 6, 8], "texture": "#2"},
				"down": {"uv": [8, 9.5, 7.5, 13.25], "texture": "#2"}
			}
		},
		{
			"from": [7.3, 6.75, 10.5],
			"to": [8.7, 9.15, 16],
			"rotation": {"angle": 0, "axis": "y", "origin": [11, 0, 21.5]},
			"faces": {
				"north": {"uv": [11, 14, 10.5, 14.5], "texture": "#2"},
				"east": {"uv": [12.25, 8, 8.5, 8.5], "texture": "#2"},
				"south": {"uv": [14.5, 10.5, 14, 11], "texture": "#2"},
				"west": {"uv": [11.75, 3.5, 8, 4], "texture": "#2"},
				"up": {"uv": [6, 11.75, 6.5, 8], "texture": "#2"},
				"down": {"uv": [7.5, 9.5, 8, 13.25], "texture": "#2"}
			}
		},
		{
			"from": [8.5, 8.75, 2.5],
			"to": [8.7, 9.55, 3],
			"rotation": {"angle": 0, "axis": "y", "origin": [11, 1, 8.5]},
			"faces": {
				"north": {"uv": [11, 14, 10.5, 14.5], "texture": "#2"},
				"east": {"uv": [12.25, 8, 8.5, 8.5], "texture": "#2"},
				"south": {"uv": [14.5, 10.5, 14, 11], "texture": "#2"},
				"west": {"uv": [11.75, 3.5, 8, 4], "texture": "#2"},
				"up": {"uv": [6, 11.75, 6.5, 8], "texture": "#2"},
				"down": {"uv": [7.5, 9.5, 8, 13.25], "texture": "#2"}
			}
		},
		{
			"from": [7.3, 7.75, 0.5],
			"to": [8.7, 9.15, 3],
			"rotation": {"angle": 0, "axis": "y", "origin": [5, 0, 8.5]},
			"faces": {
				"north": {"uv": [10.5, 14, 11, 14.5], "texture": "#2"},
				"east": {"uv": [8, 3.5, 11.75, 4], "texture": "#2"},
				"south": {"uv": [14, 10.5, 14.5, 11], "texture": "#2"},
				"west": {"uv": [8.5, 8, 12.25, 8.5], "texture": "#2"},
				"up": {"uv": [6.5, 11.75, 6, 8], "texture": "#2"},
				"down": {"uv": [8, 9.5, 7.5, 13.25], "texture": "#2"}
			}
		},
		{
			"from": [7.3, 8.75, 2.5],
			"to": [7.5, 9.55, 3],
			"rotation": {"angle": 0, "axis": "y", "origin": [5, 1, 8.5]},
			"faces": {
				"north": {"uv": [10.5, 14, 11, 14.5], "texture": "#2"},
				"east": {"uv": [8, 3.5, 11.75, 4], "texture": "#2"},
				"south": {"uv": [14, 10.5, 14.5, 11], "texture": "#2"},
				"west": {"uv": [8.5, 8, 12.25, 8.5], "texture": "#2"},
				"up": {"uv": [6.5, 11.75, 6, 8], "texture": "#2"},
				"down": {"uv": [8, 9.5, 7.5, 13.25], "texture": "#2"}
			}
		},
		{
			"from": [7.5, 8.75, 2.5],
			"to": [7.7, 9.35, 3],
			"rotation": {"angle": 0, "axis": "y", "origin": [5, 1, 8.5]},
			"faces": {
				"north": {"uv": [10.5, 14, 11, 14.5], "texture": "#2"},
				"east": {"uv": [8, 3.5, 11.75, 4], "texture": "#2"},
				"south": {"uv": [14, 10.5, 14.5, 11], "texture": "#2"},
				"west": {"uv": [8.5, 8, 12.25, 8.5], "texture": "#2"},
				"up": {"uv": [6.5, 11.75, 6, 8], "texture": "#2"},
				"down": {"uv": [8, 9.5, 7.5, 13.25], "texture": "#2"}
			}
		},
		{
			"from": [7.5, 7.75, -16],
			"to": [8.5, 8.75, 12.5],
			"rotation": {"angle": 0, "axis": "y", "origin": [7, 0, 14.5]},
			"faces": {
				"north": {"uv": [0, 13, 1, 14], "texture": "#2"},
				"east": {"uv": [6.5, 4, 14.75, 4.5], "texture": "#2"},
				"south": {"uv": [2.5, 14, 3, 14.5], "texture": "#2"},
				"west": {"uv": [6.5, 4.5, 14.75, 5], "texture": "#2"},
				"up": {"uv": [7, 13.25, 6.5, 5], "texture": "#2"},
				"down": {"uv": [7.5, 5, 7, 13.25], "texture": "#2"}
			}
		},
		{
			"from": [7.25, 4.4, 9],
			"to": [8.75, 6.1, 12.5],
			"rotation": {"angle": 0, "axis": "y", "origin": [6.75, 0, 21.5]},
			"faces": {
				"north": {"uv": [14.5, 1.5, 15.25, 1.75], "texture": "#2"},
				"east": {"uv": [13, 3, 14.75, 3.25], "texture": "#2"},
				"south": {"uv": [2.5, 14.5, 3.25, 14.75], "texture": "#2"},
				"west": {"uv": [13, 3.5, 14.75, 3.75], "texture": "#2"},
				"up": {"uv": [11.75, 10.25, 11, 8.5], "texture": "#missing"},
				"down": {"uv": [11.75, 10.5, 11, 12.25], "texture": "#2"}
			}
		},
		{
			"from": [7.25, 6.7, -9],
			"to": [8.75, 8.9, -4],
			"rotation": {"angle": 0, "axis": "y", "origin": [8.75, 0, 16.5]},
			"faces": {
				"north": {"uv": [12.5, 12.5, 13.25, 13.25], "texture": "#0"},
				"east": {"uv": [7.5, 8.5, 10, 9.25], "texture": "#0"},
				"south": {"uv": [0, 13, 0.75, 13.75], "texture": "#0"},
				"west": {"uv": [9, 0, 11.5, 0.75], "texture": "#0"},
				"up": {"uv": [0.75, 11.5, 0, 9], "texture": "#0"},
				"down": {"uv": [1.75, 9, 1, 11.5], "texture": "#0"}
			}
		},
		{
			"from": [7.05, 4.5, 21],
			"to": [8.95, 7, 24.5],
			"rotation": {"angle": 0, "axis": "y", "origin": [8.9, 0, 21.5]},
			"faces": {
				"north": {"uv": [11, 2, 12, 3.25], "texture": "#0"},
				"east": {"uv": [8.5, 5, 10.25, 6.25], "texture": "#0"},
				"south": {"uv": [0, 11.5, 1, 12.75], "texture": "#0"},
				"west": {"uv": [8.5, 6.5, 10.25, 7.75], "texture": "#0"},
				"up": {"uv": [9, 11.25, 8, 9.5], "texture": "#0"},
				"down": {"uv": [10, 9.5, 9, 11.25], "texture": "#0"}
			}
		},
		{
			"from": [7, 6.5, -4],
			"to": [9, 8.8, 4.5],
			"rotation": {"angle": 0, "axis": "y", "origin": [7, 0, 21.5]},
			"faces": {
				"north": {"uv": [8, 12.5, 9, 13.25], "texture": "#0"},
				"east": {"uv": [10.5, 7, 12.25, 7.75], "texture": "#0"},
				"south": {"uv": [9, 12.5, 10, 13.25], "texture": "#0"},
				"west": {"uv": [11, 1, 12.75, 1.75], "texture": "#0"},
				"up": {"uv": [5, 12.25, 4, 10.5], "texture": "#0"},
				"down": {"uv": [6, 10.5, 5, 12.25], "texture": "#0"}
			}
		},
		{
			"from": [7.05, 4.27289, 15.05292],
			"to": [8.95, 6.02289, 30.05292],
			"rotation": {"angle": 22.5, "axis": "x", "origin": [7.2, 3.52289, 20.55292]},
			"faces": {
				"north": {"uv": [11.5, 0, 12.5, 1], "texture": "#0"},
				"east": {"uv": [0, 0, 6.75, 1], "texture": "#0"},
				"south": {"uv": [8, 11.5, 9, 12.5], "texture": "#0"},
				"west": {"uv": [0, 1, 6.75, 2], "texture": "#0"},
				"up": {"uv": [1, 8.75, 0, 2], "texture": "#0"},
				"down": {"uv": [2, 2, 1, 8.75], "texture": "#0"}
			}
		},
		{
			"from": [7.05, 3, 24.5],
			"to": [8.95, 7, 30.5],
			"rotation": {"angle": 0, "axis": "y", "origin": [2.4, 0, 21.5]},
			"faces": {
				"north": {"uv": [7, 0, 8, 1.75], "texture": "#0"},
				"east": {"uv": [4, 4, 6.5, 5.75], "texture": "#0"},
				"south": {"uv": [9, 1, 10, 2.75], "texture": "#0"},
				"west": {"uv": [4, 6, 6.5, 7.75], "texture": "#0"},
				"up": {"uv": [5, 10.5, 4, 8], "texture": "#0"},
				"down": {"uv": [6, 8, 5, 10.5], "texture": "#0"}
			}
		},
		{
			"from": [7.05, 5.04917, 20.80806],
			"to": [8.95, 6.29917, 21.80806],
			"rotation": {"angle": -45, "axis": "x", "origin": [14.35, 5.67417, 20.55806]},
			"faces": {
				"north": {"uv": [1, 13, 1.75, 13.75], "texture": "#0"},
				"east": {"uv": [3, 13, 3.5, 13.75], "texture": "#0"},
				"south": {"uv": [13, 1, 13.75, 1.75], "texture": "#0"},
				"west": {"uv": [3.5, 13, 4, 13.75], "texture": "#0"},
				"up": {"uv": [13.75, 9, 13, 8.5], "texture": "#0"},
				"down": {"uv": [13.75, 9, 13, 9.5], "texture": "#0"}
			}
		},
		{
			"from": [7.05, 2, 28.4],
			"to": [8.95, 3.2, 30.4],
			"rotation": {"angle": 0, "axis": "x", "origin": [8, 3, 29.5]},
			"faces": {
				"north": {"uv": [12, 2, 13, 3], "texture": "#0"},
				"east": {"uv": [4, 12.5, 4.75, 13.5], "texture": "#0"},
				"south": {"uv": [3, 12, 4, 13], "texture": "#0"},
				"west": {"uv": [5, 12.5, 5.75, 13.5], "texture": "#0"},
				"up": {"uv": [13.5, 5.75, 12.5, 5], "texture": "#0"},
				"down": {"uv": [13.5, 7, 12.5, 7.75], "texture": "#0"}
			}
		},
		{
			"from": [7.05, 0.6, 29.4],
			"to": [8.95, 3.1, 30.5],
			"rotation": {"angle": 0, "axis": "x", "origin": [8, 3, 30.5]},
			"faces": {
				"north": {"uv": [12, 2, 13, 3], "texture": "#0"},
				"east": {"uv": [4, 12.5, 4.75, 13.5], "texture": "#0"},
				"south": {"uv": [3, 12, 4, 13], "texture": "#0"},
				"west": {"uv": [5, 12.5, 5.75, 13.5], "texture": "#0"},
				"up": {"uv": [13.5, 5.75, 12.5, 5], "texture": "#0"},
				"down": {"uv": [13.5, 7, 12.5, 7.75], "texture": "#0"}
			}
		},
		{
			"from": [7, 6, 4.5],
			"to": [9, 7.8, 16.5],
			"rotation": {"angle": 0, "axis": "y", "origin": [7, 0, 21.5]},
			"faces": {
				"north": {"uv": [12, 3, 13, 4], "texture": "#0"},
				"east": {"uv": [2, 2, 8, 3], "texture": "#0"},
				"south": {"uv": [12, 8.5, 13, 9.5], "texture": "#0"},
				"west": {"uv": [2, 3, 8, 4], "texture": "#0"},
				"up": {"uv": [3, 10, 2, 4], "texture": "#0"},
				"down": {"uv": [4, 4, 3, 10], "texture": "#0"}
			}
		},
		{
			"from": [7, 6, 4.5],
			"to": [7.5, 8.8, 15.9],
			"rotation": {"angle": 0, "axis": "y", "origin": [7, 0, 21.5]},
			"faces": {
				"north": {"uv": [12, 3, 13, 4], "texture": "#0"},
				"east": {"uv": [2, 2, 8, 3], "texture": "#0"},
				"south": {"uv": [12, 8.5, 13, 9.5], "texture": "#0"},
				"west": {"uv": [2, 3, 8, 4], "texture": "#0"},
				"up": {"uv": [3, 10, 2, 4], "texture": "#0"},
				"down": {"uv": [4, 4, 3, 10], "texture": "#0"}
			}
		}
	],
	"gui_light": "front",
	"display": {
		"thirdperson_righthand": {
			"translation": [0, 2, -4],
			"scale": [0.8, 0.8, 0.65]
		},
		"thirdperson_lefthand": {
			"translation": [0, 1.5, -4],
			"scale": [0.8, 0.8, 0.65]
		},
		"firstperson_righthand": {
			"translation": [1, 4.5, 0]
		},
		"firstperson_lefthand": {
			"translation": [0.5, 3.25, 0]
		},
		"ground": {
			"translation": [0, 2.25, 0],
			"scale": [0.5, 0.5, 0.5]
		},
		"gui": {
			"rotation": [0, 90, 0]
		},
		"fixed": {
			"rotation": [0, 90, 0],
			"translation": [-0.5, 0.5, -1.25],
			"scale": [1.3, 1.3, 1.3]
		}
	},
	"groups": [
		{
			"name": "jinshu",
			"origin": [7.25, 0, 21.5],
			"color": 0,
			"children": [
				0,
				1,
				2,
				3,
				4,
				5,
				6,
				7,
				8,
				9,
				{
					"name": "group",
					"origin": [7.25, 0, 21.5],
					"color": 0,
					"children": []
				}
			]
		},
		{
			"name": "qg",
			"origin": [7, 0, 21.5],
			"color": 0,
			"children": [10, 11, 12, 13, 14, 15, 16, 17, 18, 19, 20, 21, 22, 23, 24, 25]
		},
		{
			"name": "danjia",
			"origin": [6.75, 0, 21.5],
			"color": 0,
			"children": [26]
		},
		{
			"name": "qiangshen",
			"origin": [8, 8, 8],
			"color": 0,
			"children": [27, 28, 29, 30, 31, 32, 33, 34, 35, 36]
		}
	]
}