{
	"credit": "Made with Blockbench",
	"texture_size": [32, 32],
	"textures": {
		"0": "block/color/graymedium_three",
		"1": "block/color/gray_two",
		"2": "block/color/wood_one",
		"3": "block/color/gray_concrete",
		"4": "block/color/armycamothree",
		"particle": "block/color/graymedium_three"
	},
	"elements": [
		{
			"from": [7.25, 7.5, -0.75],
			"to": [7.35, 9, 1.25],
			"rotation": {"angle": 0, "axis": "y", "origin": [11, 0, 27.5]},
			"faces": {
				"north": {"uv": [11.75, 12, 11, 12.75], "texture": "#3"},
				"east": {"uv": [10.5, 1, 0, 1.75], "texture": "#3"},
				"south": {"uv": [12.75, 12, 12, 12.75], "texture": "#3"},
				"west": {"uv": [10.5, 0, 0, 0.75], "texture": "#3"},
				"up": {"uv": [0, 12.5, 0.75, 2], "texture": "#3"},
				"down": {"uv": [1, 2, 1.75, 12.5], "texture": "#3"}
			}
		},
		{
			"from": [7.25, 7.5, -3.75],
			"to": [7.35, 9, -1.75],
			"rotation": {"angle": 0, "axis": "y", "origin": [7.3, 8.25, -1.25]},
			"faces": {
				"north": {"uv": [11.75, 12, 11, 12.75], "texture": "#3"},
				"east": {"uv": [10.5, 1, 0, 1.75], "texture": "#3"},
				"south": {"uv": [12.75, 12, 12, 12.75], "texture": "#3"},
				"west": {"uv": [10.5, 0, 0, 0.75], "texture": "#3"},
				"up": {"uv": [0, 12.5, 0.75, 2], "texture": "#3"},
				"down": {"uv": [1, 2, 1.75, 12.5], "texture": "#3"}
			}
		},
		{
			"from": [7.25, 7.5, -5.75],
			"to": [7.35, 8, 3.25],
			"rotation": {"angle": 0, "axis": "y", "origin": [11, 0, 24.5]},
			"faces": {
				"north": {"uv": [11.75, 12, 11, 12.75], "texture": "#3"},
				"east": {"uv": [10.5, 1, 0, 1.75], "texture": "#3"},
				"south": {"uv": [12.75, 12, 12, 12.75], "texture": "#3"},
				"west": {"uv": [10.5, 0, 0, 0.75], "texture": "#3"},
				"up": {"uv": [0, 12.5, 0.75, 2], "texture": "#3"},
				"down": {"uv": [1, 2, 1.75, 12.5], "texture": "#3"}
			}
		},
		{
			"from": [7.25, 8.5, -5.75],
			"to": [7.35, 9, 2.25],
			"rotation": {"angle": 0, "axis": "y", "origin": [11, 0, 24.5]},
			"faces": {
				"north": {"uv": [11.75, 12, 11, 12.75], "texture": "#3"},
				"east": {"uv": [10.5, 1, 0, 1.75], "texture": "#3"},
				"south": {"uv": [12.75, 12, 12, 12.75], "texture": "#3"},
				"west": {"uv": [10.5, 0, 0, 0.75], "texture": "#3"},
				"up": {"uv": [0, 12.5, 0.75, 2], "texture": "#3"},
				"down": {"uv": [1, 2, 1.75, 12.5], "texture": "#3"}
			}
		},
		{
			"from": [7.25, 7.5, -6.75],
			"to": [7.35, 9, -4.75],
			"rotation": {"angle": 0, "axis": "y", "origin": [7.3, 8.25, -1.25]},
			"faces": {
				"north": {"uv": [11.75, 12, 11, 12.75], "texture": "#3"},
				"east": {"uv": [10.5, 1, 0, 1.75], "texture": "#3"},
				"south": {"uv": [12.75, 12, 12, 12.75], "texture": "#3"},
				"west": {"uv": [10.5, 0, 0, 0.75], "texture": "#3"},
				"up": {"uv": [0, 12.5, 0.75, 2], "texture": "#3"},
				"down": {"uv": [1, 2, 1.75, 12.5], "texture": "#3"}
			}
		},
		{
			"from": [7.25, 8.9, 2.25],
			"to": [8.75, 9.03, 4.25],
			"rotation": {"angle": 0, "axis": "z", "origin": [7.7, 9.25, -1.25]},
			"faces": {
				"north": {"uv": [11, 12, 11.75, 12.75], "rotation": 90, "texture": "#3"},
				"east": {"uv": [1.75, 2, 1, 12.5], "rotation": 270, "texture": "#3"},
				"south": {"uv": [12, 12, 12.75, 12.75], "rotation": 270, "texture": "#3"},
				"west": {"uv": [0.75, 12.5, 0, 2], "rotation": 270, "texture": "#3"},
				"up": {"uv": [0, 0, 10.5, 0.75], "rotation": 270, "texture": "#3"},
				"down": {"uv": [0, 1, 10.5, 1.75], "rotation": 270, "texture": "#3"}
			}
		},
		{
			"from": [7.25, 8.9, -0.75],
			"to": [8.75, 9, 1.25],
			"rotation": {"angle": 0, "axis": "z", "origin": [7.7, 9.25, -1.25]},
			"faces": {
				"north": {"uv": [11, 12, 11.75, 12.75], "rotation": 90, "texture": "#3"},
				"east": {"uv": [1.75, 2, 1, 12.5], "rotation": 270, "texture": "#3"},
				"south": {"uv": [12, 12, 12.75, 12.75], "rotation": 270, "texture": "#3"},
				"west": {"uv": [0.75, 12.5, 0, 2], "rotation": 270, "texture": "#3"},
				"up": {"uv": [0, 0, 10.5, 0.75], "rotation": 270, "texture": "#3"},
				"down": {"uv": [0, 1, 10.5, 1.75], "rotation": 270, "texture": "#3"}
			}
		},
		{
			"from": [7.25, 8.9, -5.75],
			"to": [7.75, 9, 2.25],
			"rotation": {"angle": 0, "axis": "z", "origin": [7.7, 9.25, -1.25]},
			"faces": {
				"north": {"uv": [11, 12, 11.75, 12.75], "rotation": 90, "texture": "#3"},
				"east": {"uv": [1.75, 2, 1, 12.5], "rotation": 270, "texture": "#3"},
				"south": {"uv": [12, 12, 12.75, 12.75], "rotation": 270, "texture": "#3"},
				"west": {"uv": [0.75, 12.5, 0, 2], "rotation": 270, "texture": "#3"},
				"up": {"uv": [0, 0, 10.5, 0.75], "rotation": 270, "texture": "#3"},
				"down": {"uv": [0, 1, 10.5, 1.75], "rotation": 270, "texture": "#3"}
			}
		},
		{
			"from": [7.25, 8.9, -3.75],
			"to": [8.75, 9, -1.75],
			"rotation": {"angle": 0, "axis": "z", "origin": [7.7, 9.25, -1.25]},
			"faces": {
				"north": {"uv": [11, 12, 11.75, 12.75], "rotation": 90, "texture": "#3"},
				"east": {"uv": [1.75, 2, 1, 12.5], "rotation": 270, "texture": "#3"},
				"south": {"uv": [12, 12, 12.75, 12.75], "rotation": 270, "texture": "#3"},
				"west": {"uv": [0.75, 12.5, 0, 2], "rotation": 270, "texture": "#3"},
				"up": {"uv": [0, 0, 10.5, 0.75], "rotation": 270, "texture": "#3"},
				"down": {"uv": [0, 1, 10.5, 1.75], "rotation": 270, "texture": "#3"}
			}
		},
		{
			"from": [8.25, 8.9, -5.75],
			"to": [8.75, 9, 3.25],
			"rotation": {"angle": 0, "axis": "z", "origin": [7.7, 9.25, -1.25]},
			"faces": {
				"north": {"uv": [11, 12, 11.75, 12.75], "rotation": 90, "texture": "#3"},
				"east": {"uv": [1.75, 2, 1, 12.5], "rotation": 270, "texture": "#3"},
				"south": {"uv": [12, 12, 12.75, 12.75], "rotation": 270, "texture": "#3"},
				"west": {"uv": [0.75, 12.5, 0, 2], "rotation": 270, "texture": "#3"},
				"up": {"uv": [0, 0, 10.5, 0.75], "rotation": 270, "texture": "#3"},
				"down": {"uv": [0, 1, 10.5, 1.75], "rotation": 270, "texture": "#3"}
			}
		},
		{
			"from": [7.25, 8.9, -6.75],
			"to": [8.75, 9, -4.75],
			"rotation": {"angle": 0, "axis": "z", "origin": [7.7, 9.25, -1.25]},
			"faces": {
				"north": {"uv": [11, 12, 11.75, 12.75], "rotation": 90, "texture": "#3"},
				"east": {"uv": [1.75, 2, 1, 12.5], "rotation": 270, "texture": "#3"},
				"south": {"uv": [12, 12, 12.75, 12.75], "rotation": 270, "texture": "#3"},
				"west": {"uv": [0.75, 12.5, 0, 2], "rotation": 270, "texture": "#3"},
				"up": {"uv": [0, 0, 10.5, 0.75], "rotation": 270, "texture": "#3"},
				"down": {"uv": [0, 1, 10.5, 1.75], "rotation": 270, "texture": "#3"}
			}
		},
		{
			"from": [7.25, 7.43, 2.25],
			"to": [8.75, 7.53, 3.25],
			"rotation": {"angle": 0, "axis": "z", "origin": [7.7, 9.25, -1.25]},
			"faces": {
				"north": {"uv": [11, 12, 11.75, 12.75], "rotation": 90, "texture": "#3"},
				"east": {"uv": [1.75, 2, 1, 12.5], "rotation": 270, "texture": "#3"},
				"south": {"uv": [12, 12, 12.75, 12.75], "rotation": 270, "texture": "#3"},
				"west": {"uv": [0.75, 12.5, 0, 2], "rotation": 270, "texture": "#3"},
				"up": {"uv": [0, 0, 10.5, 0.75], "rotation": 270, "texture": "#3"},
				"down": {"uv": [0, 1, 10.5, 1.75], "rotation": 270, "texture": "#3"}
			}
		},
		{
			"from": [7.25, 7.5, -0.75],
			"to": [8.75, 7.6, 1.25],
			"rotation": {"angle": 0, "axis": "z", "origin": [7.7, 9.25, -1.25]},
			"faces": {
				"north": {"uv": [11, 12, 11.75, 12.75], "rotation": 90, "texture": "#3"},
				"east": {"uv": [1.75, 2, 1, 12.5], "rotation": 270, "texture": "#3"},
				"south": {"uv": [12, 12, 12.75, 12.75], "rotation": 270, "texture": "#3"},
				"west": {"uv": [0.75, 12.5, 0, 2], "rotation": 270, "texture": "#3"},
				"up": {"uv": [0, 0, 10.5, 0.75], "rotation": 270, "texture": "#3"},
				"down": {"uv": [0, 1, 10.5, 1.75], "rotation": 270, "texture": "#3"}
			}
		},
		{
			"from": [7.25, 7.5, -5.75],
			"to": [7.75, 7.6, 2.25],
			"rotation": {"angle": 0, "axis": "z", "origin": [7.7, 9.25, -1.25]},
			"faces": {
				"north": {"uv": [11, 12, 11.75, 12.75], "rotation": 90, "texture": "#3"},
				"east": {"uv": [1.75, 2, 1, 12.5], "rotation": 270, "texture": "#3"},
				"south": {"uv": [12, 12, 12.75, 12.75], "rotation": 270, "texture": "#3"},
				"west": {"uv": [0.75, 12.5, 0, 2], "rotation": 270, "texture": "#3"},
				"up": {"uv": [0, 0, 10.5, 0.75], "rotation": 270, "texture": "#3"},
				"down": {"uv": [0, 1, 10.5, 1.75], "rotation": 270, "texture": "#3"}
			}
		},
		{
			"from": [7.25, 7.5, -3.75],
			"to": [8.75, 7.6, -1.75],
			"rotation": {"angle": 0, "axis": "z", "origin": [7.7, 9.25, -1.25]},
			"faces": {
				"north": {"uv": [11, 12, 11.75, 12.75], "rotation": 90, "texture": "#3"},
				"east": {"uv": [1.75, 2, 1, 12.5], "rotation": 270, "texture": "#3"},
				"south": {"uv": [12, 12, 12.75, 12.75], "rotation": 270, "texture": "#3"},
				"west": {"uv": [0.75, 12.5, 0, 2], "rotation": 270, "texture": "#3"},
				"up": {"uv": [0, 0, 10.5, 0.75], "rotation": 270, "texture": "#3"},
				"down": {"uv": [0, 1, 10.5, 1.75], "rotation": 270, "texture": "#3"}
			}
		},
		{
			"from": [8.25, 7.5, -5.75],
			"to": [8.75, 7.6, 3.25],
			"rotation": {"angle": 0, "axis": "z", "origin": [7.7, 9.25, -1.25]},
			"faces": {
				"north": {"uv": [11, 12, 11.75, 12.75], "rotation": 90, "texture": "#3"},
				"east": {"uv": [1.75, 2, 1, 12.5], "rotation": 270, "texture": "#3"},
				"south": {"uv": [12, 12, 12.75, 12.75], "rotation": 270, "texture": "#3"},
				"west": {"uv": [0.75, 12.5, 0, 2], "rotation": 270, "texture": "#3"},
				"up": {"uv": [0, 0, 10.5, 0.75], "rotation": 270, "texture": "#3"},
				"down": {"uv": [0, 1, 10.5, 1.75], "rotation": 270, "texture": "#3"}
			}
		},
		{
			"from": [7.25, 7.5, -6.75],
			"to": [8.75, 7.6, -4.75],
			"rotation": {"angle": 0, "axis": "z", "origin": [7.7, 9.25, -1.25]},
			"faces": {
				"north": {"uv": [11, 12, 11.75, 12.75], "rotation": 90, "texture": "#3"},
				"east": {"uv": [1.75, 2, 1, 12.5], "rotation": 270, "texture": "#3"},
				"south": {"uv": [12, 12, 12.75, 12.75], "rotation": 270, "texture": "#3"},
				"west": {"uv": [0.75, 12.5, 0, 2], "rotation": 270, "texture": "#3"},
				"up": {"uv": [0, 0, 10.5, 0.75], "rotation": 270, "texture": "#3"},
				"down": {"uv": [0, 1, 10.5, 1.75], "rotation": 270, "texture": "#3"}
			}
		},
		{
			"from": [8.65, 7.5, 2.25],
			"to": [8.78, 9, 4.25],
			"rotation": {"angle": 0, "axis": "y", "origin": [8.7, 8.25, -1.25]},
			"faces": {
				"north": {"uv": [11, 12, 11.75, 12.75], "texture": "#3"},
				"east": {"uv": [0, 0, 10.5, 0.75], "texture": "#3"},
				"south": {"uv": [12, 12, 12.75, 12.75], "texture": "#3"},
				"west": {"uv": [0, 1, 10.5, 1.75], "texture": "#3"},
				"up": {"uv": [0.75, 12.5, 0, 2], "texture": "#3"},
				"down": {"uv": [1.75, 2, 1, 12.5], "texture": "#3"}
			}
		},
		{
			"from": [8.65, 7.5, -0.75],
			"to": [8.75, 9, 1.25],
			"rotation": {"angle": 0, "axis": "y", "origin": [8.7, 8.25, -1.25]},
			"faces": {
				"north": {"uv": [11, 12, 11.75, 12.75], "texture": "#3"},
				"east": {"uv": [0, 0, 10.5, 0.75], "texture": "#3"},
				"south": {"uv": [12, 12, 12.75, 12.75], "texture": "#3"},
				"west": {"uv": [0, 1, 10.5, 1.75], "texture": "#3"},
				"up": {"uv": [0.75, 12.5, 0, 2], "texture": "#3"},
				"down": {"uv": [1.75, 2, 1, 12.5], "texture": "#3"}
			}
		},
		{
			"from": [8.65, 8.5, -5.75],
			"to": [8.75, 9, 2.25],
			"rotation": {"angle": 0, "axis": "y", "origin": [8.7, 8.25, -1.25]},
			"faces": {
				"north": {"uv": [11, 12, 11.75, 12.75], "texture": "#3"},
				"east": {"uv": [0, 0, 10.5, 0.75], "texture": "#3"},
				"south": {"uv": [12, 12, 12.75, 12.75], "texture": "#3"},
				"west": {"uv": [0, 1, 10.5, 1.75], "texture": "#3"},
				"up": {"uv": [0.75, 12.5, 0, 2], "texture": "#3"},
				"down": {"uv": [1.75, 2, 1, 12.5], "texture": "#3"}
			}
		},
		{
			"from": [8.65, 7.5, -3.75],
			"to": [8.75, 9, -1.75],
			"rotation": {"angle": 0, "axis": "y", "origin": [8.7, 8.25, -1.25]},
			"faces": {
				"north": {"uv": [11, 12, 11.75, 12.75], "texture": "#3"},
				"east": {"uv": [0, 0, 10.5, 0.75], "texture": "#3"},
				"south": {"uv": [12, 12, 12.75, 12.75], "texture": "#3"},
				"west": {"uv": [0, 1, 10.5, 1.75], "texture": "#3"},
				"up": {"uv": [0.75, 12.5, 0, 2], "texture": "#3"},
				"down": {"uv": [1.75, 2, 1, 12.5], "texture": "#3"}
			}
		},
		{
			"from": [8.65, 7.5, -5.75],
			"to": [8.75, 8, 3.25],
			"rotation": {"angle": 0, "axis": "y", "origin": [8.7, 8.25, -1.25]},
			"faces": {
				"north": {"uv": [11, 12, 11.75, 12.75], "texture": "#3"},
				"east": {"uv": [0, 0, 10.5, 0.75], "texture": "#3"},
				"south": {"uv": [12, 12, 12.75, 12.75], "texture": "#3"},
				"west": {"uv": [0, 1, 10.5, 1.75], "texture": "#3"},
				"up": {"uv": [0.75, 12.5, 0, 2], "texture": "#3"},
				"down": {"uv": [1.75, 2, 1, 12.5], "texture": "#3"}
			}
		},
		{
			"from": [8.65, 7.5, -6.75],
			"to": [8.75, 9, -4.75],
			"rotation": {"angle": 0, "axis": "y", "origin": [8.7, 8.25, -1.25]},
			"faces": {
				"north": {"uv": [11, 12, 11.75, 12.75], "texture": "#3"},
				"east": {"uv": [0, 0, 10.5, 0.75], "texture": "#3"},
				"south": {"uv": [12, 12, 12.75, 12.75], "texture": "#3"},
				"west": {"uv": [0, 1, 10.5, 1.75], "texture": "#3"},
				"up": {"uv": [0.75, 12.5, 0, 2], "texture": "#3"},
				"down": {"uv": [1.75, 2, 1, 12.5], "texture": "#3"}
			}
		},
		{
			"from": [7, 6, 4.5],
			"to": [9, 8, 16.5],
			"rotation": {"angle": 0, "axis": "y", "origin": [7, 0, 21.5]},
			"faces": {
				"north": {"uv": [11.5, 9, 12.5, 10], "texture": "#2"},
				"east": {"uv": [2, 2, 8, 3], "texture": "#2"},
				"south": {"uv": [11.5, 11, 12.5, 12], "texture": "#2"},
				"west": {"uv": [2, 3, 8, 4], "texture": "#2"},
				"up": {"uv": [3, 10, 2, 4], "texture": "#2"},
				"down": {"uv": [4, 4, 3, 10], "texture": "#2"}
			}
		},
		{
			"from": [7.05, 4.27289, 15.05292],
			"to": [8.95, 6.02289, 26.30292],
			"rotation": {"angle": 22.5, "axis": "x", "origin": [7.2, 3.52289, 20.55292]},
			"faces": {
				"east": {"uv": [4, 4, 9.75, 5], "texture": "#2"},
				"south": {"uv": [10.5, 9, 11.5, 10], "texture": "#2"},
				"west": {"uv": [4, 5, 9.75, 6], "texture": "#2"},
				"up": {"uv": [5, 11.75, 4, 6], "texture": "#2"},
				"down": {"uv": [6, 6, 5, 11.75], "texture": "#2"}
			}
		},
		{
			"from": [7.1, 3.76537, 22.65224],
			"to": [8.9, 6.96537, 27.65224],
			"rotation": {"angle": 0, "axis": "y", "origin": [2.4, -0.23463, 19.65224]},
			"faces": {
				"north": {"uv": [7.5, 9, 8.5, 10.5], "texture": "#2"},
				"east": {"uv": [6, 6, 8.5, 7.5], "texture": "#2"},
				"south": {"uv": [2, 10, 3, 11.5], "texture": "#2"},
				"west": {"uv": [6, 7.5, 8.5, 9], "texture": "#2"},
				"up": {"uv": [9.5, 8.5, 8.5, 6], "texture": "#2"}
			}
		},
		{
			"from": [7.1, 4.96537, 20.15224],
			"to": [8.9, 6.96537, 22.65224],
			"rotation": {"angle": 0, "axis": "y", "origin": [8.9, -0.23463, 19.65224]},
			"faces": {
				"east": {"uv": [9.5, 10, 10.75, 11], "texture": "#2"},
				"south": {"uv": [9.5, 11, 10.5, 12], "texture": "#2"},
				"west": {"uv": [10.5, 0, 11.75, 1], "texture": "#2"},
				"up": {"uv": [8.5, 11.75, 7.5, 10.5], "texture": "#2"}
			}
		},
		{
			"from": [7.075, 4.4762, 18.94302],
			"to": [8.925, 6.4762, 21.44302],
			"rotation": {"angle": -22.5, "axis": "x", "origin": [7.15, 3.4762, 19.56802]},
			"faces": {
				"north": {"uv": [11, 10, 12, 11], "texture": "#2"},
				"east": {"uv": [10.5, 1, 11.75, 2], "texture": "#2"},
				"west": {"uv": [10.5, 8, 11.75, 9], "texture": "#2"},
				"up": {"uv": [7, 12.25, 6, 11], "texture": "#2"},
				"down": {"uv": [12, 6, 11, 7.25], "texture": "#2"}
			}
		},
		{
			"from": [7.1, 2.01537, 26.15224],
			"to": [8.9, 3.76537, 27.65224],
			"rotation": {"angle": 0, "axis": "y", "origin": [7.9, -0.23463, 19.65224]},
			"faces": {
				"north": {"uv": [10.5, 11, 11.5, 12], "texture": "#2"},
				"east": {"uv": [12, 5.5, 12.75, 6.5], "texture": "#2"},
				"south": {"uv": [2, 11.5, 3, 12.5], "texture": "#2"},
				"west": {"uv": [12, 6.5, 12.75, 7.5], "texture": "#2"},
				"down": {"uv": [8, 12, 7, 12.75], "texture": "#2"}
			}
		},
		{
			"from": [2.425, 7.725, 2.1],
			"to": [4.925, 8.725, 3.4],
			"rotation": {"angle": 22.5, "axis": "y", "origin": [7.175, 8.225, 2.75]},
			"faces": {
				"north": {"uv": [9, 12, 10.25, 12.5], "texture": "#3"},
				"south": {"uv": [12, 10, 13.25, 10.5], "texture": "#3"},
				"west": {"uv": [13, 4, 13.75, 4.5], "texture": "#4"},
				"up": {"uv": [13.25, 1.75, 12, 1], "texture": "#4"},
				"down": {"uv": [13.25, 2, 12, 2.75], "texture": "#4"}
			}
		},
		{
			"from": [1.91957, 7.725, 4.24198],
			"to": [3.21957, 8.725, 5.74198],
			"rotation": {"angle": -22.5, "axis": "y", "origin": [4.56957, 8.225, 4.99198]},
			"faces": {
				"north": {"uv": [13, 5.5, 13.75, 6], "texture": "#3"},
				"south": {"uv": [6, 13, 6.75, 13.5], "texture": "#3"},
				"west": {"uv": [13, 6, 13.75, 6.5], "texture": "#4"},
				"up": {"uv": [0.75, 13.25, 0, 12.5], "texture": "#4"},
				"down": {"uv": [1.75, 12.5, 1, 13.25], "texture": "#4"}
			}
		},
		{
			"from": [-0.30977, 7.725, 2.8938],
			"to": [2.19023, 11.225, 4.3438],
			"rotation": {"angle": -22.5, "axis": "y", "origin": [1.19023, 9.325, 3.61878]},
			"faces": {
				"north": {"uv": [6, 9, 7.25, 10.75], "texture": "#3"},
				"east": {"uv": [3, 10, 3.75, 11.75], "texture": "#4"},
				"south": {"uv": [9.5, 6, 10.75, 7.75], "texture": "#3"},
				"west": {"uv": [8.5, 10, 9.25, 11.75], "texture": "#4"},
				"up": {"uv": [5.25, 12.75, 4, 12], "texture": "#4"},
				"down": {"uv": [13.25, 4.5, 12, 5.25], "texture": "#4"}
			}
		},
		{
			"from": [-0.80977, 8.225, 2.86876],
			"to": [2.69023, 10.725, 4.36876],
			"rotation": {"angle": -22.5, "axis": "y", "origin": [1.19023, 9.325, 3.61878]},
			"faces": {
				"north": {"uv": [8, 2, 9.75, 3.25], "texture": "#3"},
				"east": {"uv": [3, 12, 3.75, 13.25], "texture": "#4"},
				"south": {"uv": [8.5, 8.5, 10.25, 9.75], "texture": "#3"},
				"west": {"uv": [12, 3, 12.75, 4.25], "texture": "#4"},
				"up": {"uv": [11.75, 4.75, 10, 4], "texture": "#4"},
				"down": {"uv": [11.75, 5, 10, 5.75], "texture": "#4"}
			}
		},
		{
			"from": [7.65, 7.9, -6.75],
			"to": [8.35, 8.6, 14.75],
			"rotation": {"angle": 0, "axis": "y", "origin": [9, 0, 21.5]},
			"faces": {
				"north": {"uv": [24.5, 15.5, 24.5, 15.5], "texture": "#1"},
				"east": {"uv": [35.5, 15.5, 24.5, 15.5], "texture": "#1"},
				"south": {"uv": [35.5, 15.5, 35.5, 15.5], "texture": "#1"},
				"west": {"uv": [24.5, 15.5, 13.5, 15.5], "texture": "#1"},
				"up": {"uv": [24.5, 15.5, 24.5, 4.5], "texture": "#1"},
				"down": {"uv": [24.5, 4.5, 24.5, 15.5], "texture": "#1"}
			}
		},
		{
			"from": [7, 8, 14.25],
			"to": [9, 9.25, 15.35],
			"rotation": {"angle": 0, "axis": "y", "origin": [7, 0, 21.5]},
			"faces": {
				"north": {"uv": [8, 12, 9, 12.75], "texture": "#1"},
				"east": {"uv": [2, 12.5, 2.5, 13.25], "texture": "#1"},
				"south": {"uv": [12, 8, 13, 8.75], "texture": "#1"},
				"west": {"uv": [2.5, 12.5, 3, 13.25], "texture": "#1"},
				"up": {"uv": [10.5, 8.5, 9.5, 8], "texture": "#1"}
			}
		},
		{
			"from": [7.75, 8, 15.25],
			"to": [8.25, 9, 15.75],
			"rotation": {"angle": 0, "axis": "y", "origin": [7, 0, 21.5]},
			"faces": {
				"north": {"uv": [9.5, 13.5, 9.75, 14], "texture": "#1"},
				"east": {"uv": [13.5, 9.5, 13.75, 10], "texture": "#1"},
				"south": {"uv": [10, 13.5, 10.25, 14], "texture": "#1"},
				"west": {"uv": [13.5, 10, 13.75, 10.5], "texture": "#1"},
				"up": {"uv": [14.25, 4.75, 14, 4.5], "texture": "#1"}
			}
		},
		{
			"from": [7.25, 8.9, 2.25],
			"to": [8.75, 9, 14.25],
			"rotation": {"angle": 0, "axis": "z", "origin": [7.7, 9.25, -1.25]},
			"faces": {
				"north": {"uv": [11, 12, 11.75, 12.75], "rotation": 90, "texture": "#missing"},
				"east": {"uv": [1.75, 2, 1, 12.5], "rotation": 270, "texture": "#3"},
				"south": {"uv": [12, 12, 12.75, 12.75], "rotation": 270, "texture": "#missing"},
				"west": {"uv": [0.75, 12.5, 0, 2], "rotation": 270, "texture": "#3"},
				"up": {"uv": [0, 0, 10.5, 0.75], "rotation": 270, "texture": "#3"},
				"down": {"uv": [0, 1, 10.5, 1.75], "rotation": 270, "texture": "#3"}
			}
		},
		{
			"from": [7.25, 7.43, 3.25],
			"to": [8.75, 7.53, 5.25],
			"rotation": {"angle": 0, "axis": "z", "origin": [7.7, 9.25, -0.25]},
			"faces": {
				"north": {"uv": [11, 12, 11.75, 12.75], "rotation": 90, "texture": "#0"},
				"east": {"uv": [1.75, 2, 1, 12.5], "rotation": 270, "texture": "#3"},
				"south": {"uv": [12, 12, 12.75, 12.75], "rotation": 270, "texture": "#0"},
				"west": {"uv": [0.75, 12.5, 0, 2], "rotation": 270, "texture": "#3"},
				"up": {"uv": [0, 0, 10.5, 0.75], "rotation": 270, "texture": "#3"},
				"down": {"uv": [0, 1, 10.5, 1.75], "rotation": 270, "texture": "#3"}
			}
		},
		{
			"from": [7.25, 7.5, 3.25],
			"to": [7.35, 9, 15.25],
			"rotation": {"angle": 0, "axis": "y", "origin": [11, 0, 31.5]},
			"faces": {
				"north": {"uv": [11.75, 12, 11, 12.75], "texture": "#missing"},
				"east": {"uv": [10.5, 1, 0, 1.75], "texture": "#3"},
				"south": {"uv": [12.75, 12, 12, 12.75], "texture": "#missing"},
				"west": {"uv": [10.5, 0, 0, 0.75], "texture": "#3"},
				"up": {"uv": [0, 12.5, 0.75, 2], "texture": "#3"},
				"down": {"uv": [1, 2, 1.75, 12.5], "texture": "#3"}
			}
		},
		{
			"from": [8.65, 7.5, 3.25],
			"to": [8.75, 9, 15.25],
			"rotation": {"angle": 0, "axis": "y", "origin": [5, 0, 31.5]},
			"faces": {
				"north": {"uv": [11, 12, 11.75, 12.75], "texture": "#missing"},
				"east": {"uv": [0, 0, 10.5, 0.75], "texture": "#3"},
				"south": {"uv": [12, 12, 12.75, 12.75], "texture": "#missing"},
				"west": {"uv": [0, 1, 10.5, 1.75], "texture": "#3"},
				"up": {"uv": [0.75, 12.5, 0, 2], "texture": "#3"},
				"down": {"uv": [1.75, 2, 1, 12.5], "texture": "#3"}
			}
		},
		{
			"from": [8.75, 8, 6],
			"to": [10.75, 8.5, 6.5],
			"rotation": {"angle": 0, "axis": "y", "origin": [7, 0, 21.5]},
			"faces": {
				"north": {"uv": [12, 13, 13, 13.25], "texture": "#3"},
				"east": {"uv": [5, 14, 5.25, 14.25], "texture": "#3"},
				"south": {"uv": [13, 12, 14, 12.25], "texture": "#3"},
				"up": {"uv": [14, 12.75, 13, 12.5], "texture": "#3"},
				"down": {"uv": [14, 13, 13, 13.25], "texture": "#3"}
			}
		},
		{
			"from": [7.675, 9.25, 10.25],
			"to": [8.275, 9.47, 10.5],
			"rotation": {"angle": 0, "axis": "y", "origin": [9.125, 0, 21.5]},
			"faces": {
				"north": {"uv": [8.75, 14, 8.5, 14.25], "texture": "#3"},
				"east": {"uv": [14.25, 9, 14, 9.25], "texture": "#3"},
				"south": {"uv": [9.25, 14, 9, 14.25], "texture": "#3"},
				"west": {"uv": [14.25, 8.5, 14, 8.75], "texture": "#3"},
				"up": {"uv": [9.5, 14.25, 9.75, 14], "texture": "#3"}
			}
		},
		{
			"from": [7.25, 8, 14.75],
			"to": [8.75, 8.25, 16.5],
			"rotation": {"angle": 0, "axis": "y", "origin": [7, 0, 21.5]},
			"faces": {
				"north": {"uv": [2, 13.5, 2.75, 13.75], "texture": "#3"},
				"east": {"uv": [10.5, 13.5, 11, 13.75], "texture": "#3"},
				"south": {"uv": [13.5, 2, 14.25, 2.25], "texture": "#3"},
				"west": {"uv": [11, 13.5, 11.5, 13.75], "texture": "#3"},
				"up": {"uv": [13.25, 10, 12.5, 9.5], "texture": "#3"}
			}
		},
		{
			"from": [7.75, 6.5, 3.5],
			"to": [8.25, 7.5, 4.5],
			"rotation": {"angle": 0, "axis": "y", "origin": [7, 0, 21.5]},
			"faces": {
				"north": {"uv": [13.5, 6.5, 13.75, 7], "texture": "#3"},
				"east": {"uv": [11, 13, 11.5, 13.5], "texture": "#3"},
				"west": {"uv": [13, 11, 13.5, 11.5], "texture": "#3"},
				"down": {"uv": [13.75, 7, 13.5, 7.5], "texture": "#3"}
			}
		},
		{
			"from": [6.55, 8.2, 2.25],
			"to": [8.05, 8.3, 4.25],
			"rotation": {"angle": 0, "axis": "z", "origin": [7.3, 8.25, -1.25]},
			"faces": {
				"north": {"uv": [11, 12.75, 11.75, 12], "rotation": 90, "texture": "#3"},
				"east": {"uv": [0.75, 2, 0, 12.5], "rotation": 270, "texture": "#3"},
				"south": {"uv": [12, 12.75, 12.75, 12], "rotation": 270, "texture": "#3"},
				"west": {"uv": [1.75, 12.5, 1, 2], "rotation": 270, "texture": "#3"},
				"up": {"uv": [0, 0.75, 10.5, 0], "rotation": 270, "texture": "#3"},
				"down": {"uv": [0, 1.75, 10.5, 1], "rotation": 270, "texture": "#3"}
			}
		},
		{
			"from": [4.25, 7.625, 2.25],
			"to": [7.75, 8.825, 3.75],
			"rotation": {"angle": 22.5, "axis": "y", "origin": [6.5, 8.1, 3]},
			"faces": {
				"north": {"uv": [8, 3.5, 9.75, 4], "texture": "#3"},
				"south": {"uv": [11, 7.5, 12.75, 8], "texture": "#3"},
				"west": {"uv": [4, 13, 4.75, 13.5], "texture": "#3"},
				"up": {"uv": [11.75, 2.75, 10, 2], "texture": "#3"},
				"down": {"uv": [11.75, 3, 10, 3.75], "texture": "#3"}
			}
		},
		{
			"from": [8.2, 9.25, 10.25],
			"to": [8.35, 9.55, 10.5],
			"rotation": {"angle": 0, "axis": "y", "origin": [9.125, 0, 21.5]},
			"faces": {
				"north": {"uv": [14.25, 9.5, 14, 9.75], "texture": "#3"},
				"east": {"uv": [10.75, 14, 10.5, 14.25], "texture": "#3"},
				"south": {"uv": [14.25, 10, 14, 10.25], "texture": "#3"},
				"west": {"uv": [10.25, 14, 10, 14.25], "texture": "#3"},
				"up": {"uv": [11, 14.25, 11.25, 14], "texture": "#3"}
			}
		},
		{
			"from": [7.5, 9, 8.75],
			"to": [8.5, 9.25, 10.75],
			"rotation": {"angle": 0, "axis": "y", "origin": [7, 0, 21.5]},
			"faces": {
				"north": {"uv": [13.5, 11, 14, 11.25], "texture": "#3"},
				"east": {"uv": [0, 13.5, 1, 13.75], "texture": "#3"},
				"south": {"uv": [11.5, 13.5, 12, 13.75], "texture": "#3"},
				"west": {"uv": [13.5, 0, 14.5, 0.25], "texture": "#3"},
				"up": {"uv": [7.5, 12, 7, 11], "texture": "#3"}
			}
		},
		{
			"from": [8.3, 9.25, 10.25],
			"to": [8.45, 9.75, 10.5],
			"rotation": {"angle": 0, "axis": "y", "origin": [9.125, 0, 21.5]},
			"faces": {
				"north": {"uv": [14.25, 9.5, 14, 9.75], "texture": "#3"},
				"east": {"uv": [10.75, 14, 10.5, 14.25], "texture": "#3"},
				"south": {"uv": [14.25, 10, 14, 10.25], "texture": "#3"},
				"west": {"uv": [10.25, 14, 10, 14.25], "texture": "#3"},
				"up": {"uv": [11, 14.25, 11.25, 14], "texture": "#3"}
			}
		},
		{
			"from": [7.65, 9.25, 10.25],
			"to": [7.8, 9.55, 10.5],
			"rotation": {"angle": 0, "axis": "y", "origin": [6.875, 0, 21.5]},
			"faces": {
				"north": {"uv": [14, 9.5, 14.25, 9.75], "texture": "#3"},
				"east": {"uv": [10, 14, 10.25, 14.25], "texture": "#3"},
				"south": {"uv": [14, 10, 14.25, 10.25], "texture": "#3"},
				"west": {"uv": [10.5, 14, 10.75, 14.25], "texture": "#3"},
				"up": {"uv": [11.25, 14.25, 11, 14], "texture": "#3"}
			}
		},
		{
			"from": [7.55, 9.25, 10.25],
			"to": [7.7, 9.75, 10.5],
			"rotation": {"angle": 0, "axis": "y", "origin": [6.875, 0, 21.5]},
			"faces": {
				"north": {"uv": [14, 9.5, 14.25, 9.75], "texture": "#3"},
				"east": {"uv": [10, 14, 10.25, 14.25], "texture": "#3"},
				"south": {"uv": [14, 10, 14.25, 10.25], "texture": "#3"},
				"west": {"uv": [10.5, 14, 10.75, 14.25], "texture": "#3"},
				"up": {"uv": [11.25, 14.25, 11, 14], "texture": "#3"}
			}
		},
		{
			"from": [7.5, 4.75, 13],
			"to": [8.5, 6, 13.5],
			"rotation": {"angle": 0, "axis": "y", "origin": [9, 0, 21.5]},
			"faces": {
				"north": {"uv": [7, 13, 7.5, 13.75], "texture": "#3"},
				"east": {"uv": [4.5, 13.5, 4.75, 14.25], "texture": "#3"},
				"south": {"uv": [7.5, 13, 8, 13.75], "texture": "#3"},
				"west": {"uv": [13.5, 4.5, 13.75, 5.25], "texture": "#3"},
				"down": {"uv": [3, 14, 2.5, 14.25], "texture": "#3"}
			}
		},
		{
			"from": [7.75, 5.25, 14.45],
			"to": [8.25, 6, 14.95],
			"rotation": {"angle": 0, "axis": "y", "origin": [7.25, 0, 21.5]},
			"faces": {
				"north": {"uv": [13.5, 13.5, 13.75, 14], "texture": "#3"},
				"east": {"uv": [0, 14, 0.25, 14.5], "texture": "#3"},
				"south": {"uv": [0.5, 14, 0.75, 14.5], "texture": "#3"},
				"west": {"uv": [1, 14, 1.25, 14.5], "texture": "#3"},
				"down": {"uv": [14.25, 11, 14, 11.25], "texture": "#3"}
			}
		},
		{
			"from": [7.75, 7, 0.5],
			"to": [8.25, 7.5, 1.5],
			"rotation": {"angle": 0, "axis": "y", "origin": [7, 0, 21.5]},
			"faces": {
				"north": {"uv": [14, 2.5, 14.25, 2.75], "texture": "#3"},
				"east": {"uv": [13.5, 7.5, 14, 7.75], "texture": "#3"},
				"south": {"uv": [14, 3, 14.25, 3.25], "texture": "#3"},
				"west": {"uv": [13.5, 8, 14, 8.25], "texture": "#3"},
				"down": {"uv": [8.75, 13.5, 8.5, 14], "texture": "#3"}
			}
		},
		{
			"from": [7.5, 4.25, 13.25],
			"to": [8.5, 4.75, 15.5],
			"rotation": {"angle": 0, "axis": "y", "origin": [9, 0, 21.5]},
			"faces": {
				"north": {"uv": [1.5, 14, 2, 14.25], "texture": "#3"},
				"east": {"uv": [8.5, 13, 9.75, 13.25], "texture": "#3"},
				"south": {"uv": [2, 14, 2.5, 14.25], "texture": "#3"},
				"west": {"uv": [13, 10.5, 14.25, 10.75], "texture": "#3"},
				"up": {"uv": [6, 13.25, 5.5, 12], "texture": "#3"},
				"down": {"uv": [11, 12, 10.5, 13.25], "texture": "#3"}
			}
		},
		{
			"from": [7.5, 4.75, 15.25],
			"to": [8.5, 6, 15.75],
			"rotation": {"angle": 0, "axis": "y", "origin": [9, 0, 21.5]},
			"faces": {
				"north": {"uv": [5, 13, 5.5, 13.75], "texture": "#3"},
				"east": {"uv": [3.5, 13.5, 3.75, 14.25], "texture": "#3"},
				"south": {"uv": [13, 6.5, 13.5, 7.25], "texture": "#3"},
				"west": {"uv": [4, 13.5, 4.25, 14.25], "texture": "#3"},
				"down": {"uv": [13.5, 13.5, 13, 13.75], "texture": "#3"}
			}
		},
		{
			"from": [7.25, 6.15, 0.75],
			"to": [8.75, 7.15, 1.25],
			"rotation": {"angle": 0, "axis": "y", "origin": [7, 0, 21.5]},
			"faces": {
				"north": {"uv": [0, 15.25, 1, 16], "texture": "#3"},
				"east": {"uv": [0, 15.25, 0.25, 16], "texture": "#3"},
				"south": {"uv": [0, 15.25, 1, 16], "texture": "#3"},
				"west": {"uv": [0, 15.25, 0.25, 16], "texture": "#3"},
				"up": {"uv": [14.25, 0.75, 13.5, 0.5], "texture": "#3"},
				"down": {"uv": [1.75, 13.5, 1, 13.75], "texture": "#3"}
			}
		},
		{
			"from": [7.55, 9.25, 10.45],
			"to": [8.45, 9.41, 10.7],
			"rotation": {"angle": 0, "axis": "y", "origin": [9.125, 0, 21.5]},
			"faces": {
				"north": {"uv": [8.75, 14, 8.5, 14.25], "texture": "#3"},
				"east": {"uv": [14.25, 9, 14, 9.25], "texture": "#3"},
				"south": {"uv": [9.25, 14, 9, 14.25], "texture": "#3"},
				"west": {"uv": [14.25, 8.5, 14, 8.75], "texture": "#3"},
				"up": {"uv": [9.5, 14.25, 9.75, 14], "texture": "#3"}
			}
		},
		{
			"from": [7.25, 2.65, 21.5],
			"to": [8.75, 3.65, 22],
			"rotation": {"angle": 0, "axis": "y", "origin": [7, 0, 21.5]},
			"faces": {
				"north": {"uv": [0, 15.25, 1, 16], "texture": "#3"},
				"east": {"uv": [0, 15.25, 0.25, 16], "texture": "#3"},
				"south": {"uv": [0, 15.25, 1, 16], "texture": "#3"},
				"west": {"uv": [0, 15.25, 0.25, 16], "texture": "#3"},
				"up": {"uv": [14.25, 0.75, 13.5, 0.5], "texture": "#3"},
				"down": {"uv": [14.25, 1.5, 13.5, 1.75], "texture": "#3"}
			}
		},
		{
			"from": [7.75, 3.55, 21.2],
			"to": [8.25, 4.05, 22.2],
			"rotation": {"angle": 0, "axis": "y", "origin": [8, 3.7, 21]},
			"faces": {
				"north": {"uv": [14, 3.5, 14.25, 3.75], "texture": "#3"},
				"east": {"uv": [13.5, 8.5, 14, 8.75], "texture": "#3"},
				"south": {"uv": [14, 4, 14.25, 4.25], "texture": "#3"},
				"west": {"uv": [9, 13.5, 9.5, 13.75], "texture": "#3"},
				"down": {"uv": [13.75, 9, 13.5, 9.5], "texture": "#3"}
			}
		},
		{
			"from": [6.75, 7.6, 1.25],
			"to": [7.3, 8.9, 4.25],
			"rotation": {"angle": 0, "axis": "y", "origin": [7, -0.15, 21.25]},
			"faces": {
				"north": {"uv": [13.5, 2.5, 13.75, 3.25], "texture": "#3"},
				"south": {"uv": [3, 13.5, 3.25, 14.25], "texture": "#3"},
				"west": {"uv": [12, 0, 13.25, 0.75], "texture": "#3"},
				"up": {"uv": [13.25, 8.75, 13, 7.5], "texture": "#3"},
				"down": {"uv": [8.25, 13, 8, 14.25], "texture": "#3"}
			}
		},
		{
			"from": [5.75, 7.6, 1.75],
			"to": [6.75, 8.85, 2.75],
			"rotation": {"angle": 0, "axis": "y", "origin": [7, -0.15, 21.25]},
			"faces": {
				"north": {"uv": [10, 12.5, 10.5, 13.25], "texture": "#3"},
				"south": {"uv": [12.5, 11, 13, 11.75], "texture": "#3"},
				"west": {"uv": [13, 3, 13.5, 3.75], "texture": "#3"},
				"up": {"uv": [12, 13.5, 11.5, 13], "texture": "#3"},
				"down": {"uv": [13.5, 11.5, 13, 12], "texture": "#3"}
			}
		},
		{
			"from": [7.5, 9, -6.25],
			"to": [8.5, 9.25, -6],
			"rotation": {"angle": 0, "axis": "y", "origin": [7, 0, 21.5]},
			"faces": {
				"north": {"uv": [13.5, 11.5, 14, 11.75], "texture": "#3"},
				"east": {"uv": [14, 5, 14.25, 5.25], "texture": "#3"},
				"south": {"uv": [12, 13.5, 12.5, 13.75], "texture": "#3"},
				"west": {"uv": [5.5, 14, 5.75, 14.25], "texture": "#3"},
				"up": {"uv": [13, 13.75, 12.5, 13.5], "texture": "#3"}
			}
		},
		{
			"from": [7.875, 9.25, -6.25],
			"to": [8.125, 9.75, -6],
			"rotation": {"angle": 0, "axis": "y", "origin": [6.875, 0, 21.5]},
			"faces": {
				"north": {"uv": [14, 5.5, 14.25, 5.75], "texture": "#3"},
				"east": {"uv": [6, 14, 6.25, 14.25], "texture": "#3"},
				"south": {"uv": [14, 6, 14.25, 6.25], "texture": "#3"},
				"west": {"uv": [6.5, 14, 6.75, 14.25], "texture": "#3"},
				"up": {"uv": [14.25, 6.75, 14, 6.5], "texture": "#3"}
			}
		}
	],
	"gui_light": "front",
	"display": {
		"thirdperson_righthand": {
			"translation": [0, 1.75, -3.25],
			"scale": [0.8, 0.8, 0.7]
		},
		"thirdperson_lefthand": {
			"translation": [0, 1.25, -3.25],
			"scale": [0.8, 0.8, 0.7]
		},
		"firstperson_righthand": {
			"translation": [0.75, 2.5, 1],
			"scale": [1, 1, 0.8]
		},
		"firstperson_lefthand": {
			"translation": [-2.5, 5, 0],
			"scale": [1, 1, 0.8]
		},
		"ground": {
			"translation": [0, 2.25, 0],
			"scale": [0.5, 0.5, 0.5]
		},
		"gui": {
			"rotation": [0, 90, 0]
		},
		"fixed": {
			"rotation": [0, 90, 0],
			"translation": [-2, 0.5, -1.25],
			"scale": [1.3, 1.3, 1.3]
		}
	},
	"groups": [
		{
			"name": "qitong",
			"origin": [5, 0, 21.5],
			"color": 0,
			"children": [
				0,
				1,
				2,
				3,
				{
					"name": "group",
					"origin": [11, 0, 21.5],
					"color": 0,
					"children": [4]
				},
				{
					"name": "group",
					"origin": [5, 0, 21.5],
					"color": 0,
					"children": [
						5,
						6,
						7,
						8,
						9,
						10,
						{
							"name": "group",
							"origin": [5, 0, 21.5],
							"color": 0,
							"children": [11, 12, 13, 14, 15, 16]
						}
					]
				},
				{
					"name": "group",
					"origin": [5, 0, 21.5],
					"color": 0,
					"children": [17, 18, 19, 20, 21, 22]
				}
			]
		},
		{
			"name": "wood",
			"origin": [7, 0, 21.5],
			"color": 0,
			"children": [23, 24, 25, 26, 27, 28]
		},
		{
			"name": "danxia",
			"origin": [7, -0.15, 21.25],
			"color": 0,
			"children": [29, 30, 31, 32]
		},
		{
			"name": "qiangguan",
			"origin": [9, 0, 21.5],
			"color": 0,
			"children": [33, 34, 35]
		},
		{
			"name": "qiangshen",
			"origin": [8, 8, 8],
			"color": 0,
			"children": [36, 37, 38, 39]
		},
		{
			"name": "jinshu",
			"origin": [8, 8, 8],
			"color": 0,
			"children": [40, 41, 42, 43, 44, 45, 46, 47, 48, 49, 50, 51, 52, 53, 54, 55, 56, 57, 58, 59, 60, 61, 62, 63]
		}
	]
}