{
	"credit": "Made with Blockbench",
	"textures": {
		"0": "block/color/wood_one",
		"1": "block/color/gray_concrete",
		"2": "block/color/gray",
		"particle": "block/color/wood_one"
	},
	"elements": [
		{
			"from": [7.5, 5.75, 15.75],
			"to": [8.5, 6, 20.75],
			"rotation": {"angle": 22.5, "axis": "x", "origin": [8, 5.375, 16]},
			"faces": {
				"north": {"uv": [9.5, 13.5, 10, 14.25], "texture": "#1"},
				"east": {"uv": [3.5, 14.5, 3.75, 15.25], "texture": "#1"},
				"south": {"uv": [13.5, 12.5, 14, 13.25], "texture": "#1"},
				"west": {"uv": [5, 14.5, 5.25, 15.25], "texture": "#1"},
				"up": {"uv": [9.5, 14.75, 9, 14.5], "texture": "#1"},
				"down": {"uv": [10, 14.5, 9.5, 14.75], "texture": "#1"}
			}
		},
		{
			"from": [7.5, 4.4, 15.75],
			"to": [8.5, 4.65, 20.25],
			"rotation": {"angle": 22.5, "axis": "x", "origin": [8, 4.375, 16]},
			"faces": {
				"north": {"uv": [9.5, 13.5, 10, 14.25], "texture": "#1"},
				"east": {"uv": [3.5, 14.5, 3.75, 15.25], "texture": "#1"},
				"south": {"uv": [13.5, 12.5, 14, 13.25], "texture": "#1"},
				"west": {"uv": [5, 14.5, 5.25, 15.25], "texture": "#1"},
				"up": {"uv": [9.5, 14.75, 9, 14.5], "texture": "#1"},
				"down": {"uv": [10, 14.5, 9.5, 14.75], "texture": "#1"}
			}
		},
		{
			"from": [6.7, 7.4, 10],
			"to": [7, 9.1, 11.5],
			"rotation": {"angle": 0, "axis": "z", "origin": [6.85, 8.25, 12.75]},
			"faces": {
				"north": {"uv": [9, 12.5, 8, 13.25], "rotation": 180, "texture": "#1"},
				"east": {"uv": [12.25, 7, 10.5, 7.75], "rotation": 180, "texture": "#1"},
				"south": {"uv": [10, 12.5, 9, 13.25], "rotation": 180, "texture": "#1"},
				"west": {"uv": [12.75, 1, 11, 1.75], "rotation": 180, "texture": "#1"},
				"up": {"uv": [5, 10.5, 6, 12.25], "rotation": 180, "texture": "#1"},
				"down": {"uv": [4, 12.25, 5, 10.5], "rotation": 180, "texture": "#1"}
			}
		},
		{
			"from": [7.5, 2.7, 19.725],
			"to": [8.5, 4.2, 19.975],
			"rotation": {"angle": 22.5, "axis": "x", "origin": [8, 2.375, 20]},
			"faces": {
				"north": {"uv": [9.5, 14.75, 9, 14.5], "rotation": 180, "texture": "#1"},
				"east": {"uv": [3.5, 14.5, 3.75, 15.25], "rotation": 90, "texture": "#1"},
				"south": {"uv": [10, 14.5, 9.5, 14.75], "texture": "#1"},
				"west": {"uv": [5, 14.5, 5.25, 15.25], "rotation": 270, "texture": "#1"},
				"up": {"uv": [13.5, 12.5, 14, 13.25], "texture": "#1"},
				"down": {"uv": [9.5, 13.5, 10, 14.25], "rotation": 180, "texture": "#1"}
			}
		},
		{
			"from": [7.3, 9.1, 10],
			"to": [9.2, 9.34, 11.5],
			"rotation": {"angle": 0, "axis": "z", "origin": [8.15, 9.25, 12.75]},
			"faces": {
				"north": {"uv": [8, 12.5, 9, 13.25], "rotation": 270, "texture": "#1"},
				"east": {"uv": [5, 12.25, 4, 10.5], "rotation": 90, "texture": "#1"},
				"south": {"uv": [9, 12.5, 10, 13.25], "rotation": 90, "texture": "#1"},
				"west": {"uv": [6, 10.5, 5, 12.25], "rotation": 90, "texture": "#1"},
				"up": {"uv": [11, 1, 12.75, 1.75], "rotation": 90, "texture": "#1"},
				"down": {"uv": [10.5, 7, 12.25, 7.75], "rotation": 90, "texture": "#1"}
			}
		},
		{
			"from": [7.1, 6.4, 12],
			"to": [8.9, 7.1, 16.5],
			"rotation": {"angle": 22.5, "axis": "x", "origin": [8, 7.25, 14.75]},
			"faces": {
				"north": {"uv": [8, 12.5, 9, 13.25], "texture": "#0"},
				"east": {"uv": [10.5, 7, 12.25, 7.75], "texture": "#1"},
				"south": {"uv": [9, 12.5, 10, 13.25], "texture": "#1"},
				"west": {"uv": [11, 1, 12.75, 1.75], "texture": "#1"},
				"up": {"uv": [5, 12.25, 4, 10.5], "texture": "#0"},
				"down": {"uv": [6, 10.5, 5, 12.25], "texture": "#1"}
			}
		},
		{
			"from": [7.1, 6.4, 10],
			"to": [9, 8.1, 16.5],
			"rotation": {"angle": 0, "axis": "y", "origin": [9, 0, 37.5]},
			"faces": {
				"north": {"uv": [9, 12.5, 8, 13.25], "texture": "#1"},
				"east": {"uv": [12.75, 1, 11, 1.75], "texture": "#1"},
				"south": {"uv": [10, 12.5, 9, 13.25], "texture": "#1"},
				"west": {"uv": [12.25, 7, 10.5, 7.75], "texture": "#1"},
				"up": {"uv": [4, 12.25, 5, 10.5], "texture": "#1"},
				"down": {"uv": [5, 10.5, 6, 12.25], "texture": "#1"}
			}
		},
		{
			"from": [7.35, 5.78, 17.05292],
			"to": [8.65, 5.88, 18.30292],
			"rotation": {"angle": 22.5, "axis": "x", "origin": [7.2, 5.52289, 21.55292]},
			"faces": {
				"north": {"uv": [11.5, 0, 12.5, 1], "texture": "#1"},
				"east": {"uv": [0, 0, 6.75, 1], "texture": "#1"},
				"south": {"uv": [8, 11.5, 9, 12.5], "texture": "#1"},
				"west": {"uv": [0, 1, 6.75, 2], "texture": "#1"},
				"up": {"uv": [1, 8.75, 0, 2], "texture": "#1"},
				"down": {"uv": [2, 2, 1, 8.75], "texture": "#1"}
			}
		},
		{
			"from": [6.8, 9.1, 10],
			"to": [8.7, 9.34, 11.5],
			"rotation": {"angle": 0, "axis": "z", "origin": [7.85, 9.25, 12.75]},
			"faces": {
				"north": {"uv": [8, 13.25, 9, 12.5], "rotation": 270, "texture": "#1"},
				"east": {"uv": [6, 12.25, 5, 10.5], "rotation": 90, "texture": "#1"},
				"south": {"uv": [9, 13.25, 10, 12.5], "rotation": 90, "texture": "#1"},
				"west": {"uv": [5, 10.5, 4, 12.25], "rotation": 90, "texture": "#1"},
				"up": {"uv": [11, 1.75, 12.75, 1], "rotation": 90, "texture": "#1"},
				"down": {"uv": [10.5, 7.75, 12.25, 7], "rotation": 90, "texture": "#1"}
			}
		},
		{
			"from": [6.9, 6.55, 2.5],
			"to": [9.2, 9.15, 3],
			"rotation": {"angle": 0, "axis": "y", "origin": [9, 0, 28.5]},
			"faces": {
				"north": {"uv": [12.75, 9.5, 12, 10.75], "texture": "#1"},
				"east": {"uv": [10.5, 12.5, 10, 13.75], "texture": "#1"},
				"south": {"uv": [12.75, 11, 12, 12.25], "texture": "#1"},
				"west": {"uv": [6.5, 12, 6, 13.25], "texture": "#1"},
				"up": {"uv": [13, 12, 13.75, 11.5], "texture": "#1"},
				"down": {"uv": [13, 12, 13.75, 12.5], "texture": "#1"}
			}
		},
		{
			"from": [8.7, 7.4, 10],
			"to": [9, 9.1, 16.5],
			"rotation": {"angle": 0, "axis": "y", "origin": [9, 1, 36.5]},
			"faces": {
				"north": {"uv": [9, 12.5, 8, 13.25], "texture": "#1"},
				"east": {"uv": [12.75, 1, 11, 1.75], "texture": "#1"},
				"south": {"uv": [10, 12.5, 9, 13.25], "texture": "#1"},
				"west": {"uv": [12.25, 7, 10.5, 7.75], "texture": "#1"},
				"up": {"uv": [4, 12.25, 5, 10.5], "texture": "#1"},
				"down": {"uv": [5, 10.5, 6, 12.25], "texture": "#1"}
			}
		},
		{
			"from": [7, 7.4, 10],
			"to": [7.3, 9.1, 16.5],
			"rotation": {"angle": 0, "axis": "y", "origin": [7, 1, 36.5]},
			"faces": {
				"north": {"uv": [8, 12.5, 9, 13.25], "texture": "#1"},
				"east": {"uv": [10.5, 7, 12.25, 7.75], "texture": "#1"},
				"south": {"uv": [9, 12.5, 10, 13.25], "texture": "#1"},
				"west": {"uv": [11, 1, 12.75, 1.75], "texture": "#1"},
				"up": {"uv": [5, 12.25, 4, 10.5], "texture": "#1"},
				"down": {"uv": [6, 10.5, 5, 12.25], "texture": "#1"}
			}
		},
		{
			"from": [7.15, 6.1729, 15.8],
			"to": [8.85, 6.2729, 18.1],
			"rotation": {"angle": 22.5, "axis": "x", "origin": [7.2, 5.52289, 20.55292]},
			"faces": {
				"north": {"uv": [11.5, 0, 12.5, 1], "texture": "#1"},
				"east": {"uv": [0, 0, 6.75, 1], "texture": "#1"},
				"south": {"uv": [8, 11.5, 9, 12.5], "texture": "#1"},
				"west": {"uv": [0, 1, 6.75, 2], "texture": "#1"},
				"up": {"uv": [1, 8.75, 0, 2], "texture": "#1"},
				"down": {"uv": [2, 2, 1, 8.75], "texture": "#1"}
			}
		},
		{
			"from": [7.5, 3.95, 11.1],
			"to": [8.5, 6.15, 14],
			"rotation": {"angle": 22.5, "axis": "x", "origin": [8, 4.375, 15.25]},
			"faces": {
				"north": {"uv": [13.5, 13.5, 14, 14.25], "texture": "#1"},
				"east": {"uv": [14.5, 5, 14.75, 5.75], "texture": "#1"},
				"south": {"uv": [0, 14, 0.5, 14.75], "texture": "#1"},
				"west": {"uv": [5.5, 14.5, 5.75, 15.25], "texture": "#1"},
				"up": {"uv": [12, 14.75, 11.5, 14.5], "texture": "#1"},
				"down": {"uv": [15, 11.5, 14.5, 11.75], "texture": "#1"}
			}
		},
		{
			"from": [7.5, 5.9, 9.1],
			"to": [8.5, 7.9, 12.1],
			"rotation": {"angle": 45, "axis": "x", "origin": [8, 6.73228, 11.21446]},
			"faces": {
				"north": {"uv": [13.5, 13.5, 14, 14.25], "texture": "#1"},
				"east": {"uv": [14.5, 5, 14.75, 5.75], "texture": "#1"},
				"south": {"uv": [0, 14, 0.5, 14.75], "texture": "#1"},
				"west": {"uv": [5.5, 14.5, 5.75, 15.25], "texture": "#1"},
				"up": {"uv": [12, 14.75, 11.5, 14.5], "texture": "#1"},
				"down": {"uv": [15, 11.5, 14.5, 11.75], "texture": "#1"}
			}
		},
		{
			"from": [7.25, 8, 7.5],
			"to": [8.75, 9, 8.5],
			"rotation": {"angle": 0, "axis": "y", "origin": [7, 0, 21.5]},
			"faces": {
				"north": {"uv": [13, 9.5, 13.75, 10], "texture": "#1"},
				"east": {"uv": [7, 14, 7.5, 14.5], "texture": "#1"},
				"south": {"uv": [13, 10, 13.75, 10.5], "texture": "#1"},
				"west": {"uv": [14, 8.5, 14.5, 9], "texture": "#1"},
				"up": {"uv": [13.75, 11, 13, 10.5], "texture": "#1"},
				"down": {"uv": [13.75, 11, 13, 11.5], "texture": "#1"}
			}
		},
		{
			"from": [7.5, 4.4, 13.75],
			"to": [8.5, 4.7, 16],
			"rotation": {"angle": 0, "axis": "y", "origin": [7, 0, 21.5]},
			"faces": {
				"north": {"uv": [11, 14.5, 11.5, 14.75], "texture": "#1"},
				"east": {"uv": [1, 14, 2.25, 14.25], "texture": "#1"},
				"south": {"uv": [14.5, 11, 15, 11.25], "texture": "#1"},
				"west": {"uv": [14, 2, 15.25, 2.25], "texture": "#1"},
				"up": {"uv": [12, 13.75, 11.5, 12.5], "texture": "#1"},
				"down": {"uv": [12.5, 12.5, 12, 13.75], "texture": "#1"}
			}
		},
		{
			"from": [7.5, 4.9, 15.625],
			"to": [8.5, 6.9, 16.125],
			"rotation": {"angle": -22.5, "axis": "x", "origin": [8, 5.65, 15.875]},
			"faces": {
				"north": {"uv": [12, 13.75, 11.5, 12.5], "rotation": 180, "texture": "#1"},
				"east": {"uv": [1, 14, 2.25, 14.25], "rotation": 90, "texture": "#1"},
				"south": {"uv": [12.5, 12.5, 12, 13.75], "texture": "#1"},
				"west": {"uv": [14, 2, 15.25, 2.25], "rotation": 270, "texture": "#1"},
				"up": {"uv": [14.5, 11, 15, 11.25], "texture": "#1"},
				"down": {"uv": [11, 14.5, 11.5, 14.75], "rotation": 180, "texture": "#1"}
			}
		},
		{
			"from": [7.2, 7.6, 9.95],
			"to": [8.9, 9.15, 15.75],
			"rotation": {"angle": 0, "axis": "y", "origin": [8.375, 0, 21.5]},
			"faces": {
				"north": {"uv": [2, 13, 2.75, 13.75], "texture": "#1"},
				"east": {"uv": [8.5, 13.5, 9, 14.25], "texture": "#1"},
				"south": {"uv": [13, 2, 13.75, 2.75], "texture": "#1"},
				"west": {"uv": [9, 13.5, 9.5, 14.25], "texture": "#1"},
				"up": {"uv": [14.25, 8, 13.5, 7.5], "texture": "#1"},
				"down": {"uv": [13.25, 13.5, 12.5, 14], "texture": "#1"}
			}
		},
		{
			"from": [7.2, 7.6, 9.95],
			"to": [8.9, 9, 16.05],
			"rotation": {"angle": 0, "axis": "y", "origin": [8.375, 0, 21.5]},
			"faces": {
				"north": {"uv": [2, 13, 2.75, 13.75], "texture": "#1"},
				"east": {"uv": [8.5, 13.5, 9, 14.25], "texture": "#1"},
				"south": {"uv": [13, 2, 13.75, 2.75], "texture": "#1"},
				"west": {"uv": [9, 13.5, 9.5, 14.25], "texture": "#1"},
				"up": {"uv": [14.25, 8, 13.5, 7.5], "texture": "#1"},
				"down": {"uv": [13.25, 13.5, 12.5, 14], "texture": "#1"}
			}
		},
		{
			"from": [6.8, 6.55, 2.5],
			"to": [9.1, 9.15, 3],
			"rotation": {"angle": 0, "axis": "y", "origin": [7, 0, 28.5]},
			"faces": {
				"north": {"uv": [12, 9.5, 12.75, 10.75], "texture": "#1"},
				"east": {"uv": [6, 12, 6.5, 13.25], "texture": "#1"},
				"south": {"uv": [12, 11, 12.75, 12.25], "texture": "#1"},
				"west": {"uv": [10, 12.5, 10.5, 13.75], "texture": "#1"},
				"up": {"uv": [13.75, 12, 13, 11.5], "texture": "#1"},
				"down": {"uv": [13.75, 12, 13, 12.5], "texture": "#1"}
			}
		},
		{
			"from": [6.8, 6.7, -10.4],
			"to": [9.15, 8.9, -10],
			"rotation": {"angle": 0, "axis": "y", "origin": [7, 0, 15.5]},
			"faces": {
				"north": {"uv": [12, 9.5, 12.75, 10.75], "texture": "#1"},
				"east": {"uv": [6, 12, 6.5, 13.25], "texture": "#1"},
				"south": {"uv": [12, 11, 12.75, 12.25], "texture": "#1"},
				"west": {"uv": [10, 12.5, 10.5, 13.75], "texture": "#1"},
				"up": {"uv": [13.75, 12, 13, 11.5], "texture": "#1"},
				"down": {"uv": [13.75, 12, 13, 12.5], "texture": "#1"}
			}
		},
		{
			"from": [6.8, 6.7, -12.4],
			"to": [9.15, 8.9, -12],
			"rotation": {"angle": 0, "axis": "y", "origin": [7, 0, 13.5]},
			"faces": {
				"north": {"uv": [12, 9.5, 12.75, 10.75], "texture": "#1"},
				"east": {"uv": [6, 12, 6.5, 13.25], "texture": "#1"},
				"south": {"uv": [12, 11, 12.75, 12.25], "texture": "#1"},
				"west": {"uv": [10, 12.5, 10.5, 13.75], "texture": "#1"},
				"up": {"uv": [13.75, 12, 13, 11.5], "texture": "#1"},
				"down": {"uv": [13.75, 12, 13, 12.5], "texture": "#1"}
			}
		},
		{
			"from": [9, 7.4, 10],
			"to": [9.3, 9.1, 11.5],
			"rotation": {"angle": 0, "axis": "z", "origin": [9.15, 8.25, 12.75]},
			"faces": {
				"north": {"uv": [8, 12.5, 9, 13.25], "rotation": 180, "texture": "#1"},
				"east": {"uv": [11, 1, 12.75, 1.75], "rotation": 180, "texture": "#1"},
				"south": {"uv": [9, 12.5, 10, 13.25], "rotation": 180, "texture": "#1"},
				"west": {"uv": [10.5, 7, 12.25, 7.75], "rotation": 180, "texture": "#1"},
				"up": {"uv": [6, 10.5, 5, 12.25], "rotation": 180, "texture": "#1"},
				"down": {"uv": [5, 12.25, 4, 10.5], "rotation": 180, "texture": "#1"}
			}
		},
		{
			"from": [8.2, 9.06037, 12.25],
			"to": [9.2, 9.56037, 12.75],
			"rotation": {"angle": 0, "axis": "z", "origin": [8.29349, 9.31037, 12.5]},
			"faces": {
				"north": {"uv": [14.75, 7.5, 14.5, 8], "rotation": 180, "texture": "#2"},
				"east": {"uv": [14.75, 8, 14.5, 8.5], "rotation": 180, "texture": "#2"},
				"south": {"uv": [8.75, 14.5, 8.5, 15], "rotation": 180, "texture": "#2"},
				"west": {"uv": [14.75, 8.5, 14.5, 9], "rotation": 180, "texture": "#2"},
				"up": {"uv": [14.5, 14, 14.75, 14.25], "rotation": 180, "texture": "#2"},
				"down": {"uv": [14.5, 13.75, 14.75, 13.5], "rotation": 180, "texture": "#2"}
			}
		},
		{
			"from": [7.75, 9, -15.25],
			"to": [8.25, 9.5, -14.75],
			"rotation": {"angle": 0, "axis": "y", "origin": [6.75, 0, 14.5]},
			"faces": {
				"north": {"uv": [15, 0.5, 15.25, 0.75], "texture": "#2"},
				"east": {"uv": [1, 15, 1.25, 15.25], "texture": "#2"},
				"south": {"uv": [1.5, 15, 1.75, 15.25], "texture": "#2"},
				"west": {"uv": [2, 15, 2.25, 15.25], "texture": "#2"},
				"up": {"uv": [2.75, 15.25, 2.5, 15], "texture": "#2"},
				"down": {"uv": [15.25, 2.5, 15, 2.75], "texture": "#2"}
			}
		},
		{
			"from": [6.7, 8, 12.25],
			"to": [7.2, 9.5, 12.75],
			"rotation": {"angle": 0, "axis": "z", "origin": [6.58573, 8.24913, 12.4875]},
			"faces": {
				"north": {"uv": [14.5, 8, 14.75, 7.5], "rotation": 90, "texture": "#2"},
				"east": {"uv": [14.75, 13.5, 14.5, 13.75], "rotation": 270, "texture": "#2"},
				"south": {"uv": [8.5, 15, 8.75, 14.5], "rotation": 270, "texture": "#2"},
				"west": {"uv": [14.75, 14.25, 14.5, 14], "rotation": 270, "texture": "#2"},
				"up": {"uv": [14.5, 8.5, 14.75, 8], "rotation": 270, "texture": "#2"},
				"down": {"uv": [14.5, 9, 14.75, 8.5], "rotation": 270, "texture": "#2"}
			}
		},
		{
			"from": [7.85, 8.4, 16.25],
			"to": [8.15, 8.55, 17.15],
			"rotation": {"angle": 0, "axis": "x", "origin": [8, 10.25, 16.5]},
			"faces": {
				"north": {"uv": [14.5, 7.5, 14.75, 8], "rotation": 90, "texture": "#2"},
				"east": {"uv": [14.75, 14, 14.5, 14.25], "rotation": 270, "texture": "#2"},
				"south": {"uv": [8.5, 14.5, 8.75, 15], "rotation": 270, "texture": "#2"},
				"west": {"uv": [14.75, 13.75, 14.5, 13.5], "rotation": 270, "texture": "#2"},
				"up": {"uv": [14.5, 8, 14.75, 8.5], "rotation": 270, "texture": "#2"},
				"down": {"uv": [14.5, 8.5, 14.75, 9], "rotation": 270, "texture": "#2"}
			}
		},
		{
			"from": [7.85, 7, 16.25],
			"to": [8.15, 8.5, 16.75],
			"rotation": {"angle": -22.5, "axis": "x", "origin": [8, 8.25, 16.5]},
			"faces": {
				"north": {"uv": [14.5, 7.5, 14.75, 8], "rotation": 90, "texture": "#2"},
				"east": {"uv": [14.75, 14, 14.5, 14.25], "rotation": 270, "texture": "#2"},
				"south": {"uv": [8.5, 14.5, 8.75, 15], "rotation": 270, "texture": "#2"},
				"west": {"uv": [14.75, 13.75, 14.5, 13.5], "rotation": 270, "texture": "#2"},
				"up": {"uv": [14.5, 8, 14.75, 8.5], "rotation": 270, "texture": "#2"},
				"down": {"uv": [14.5, 8.5, 14.75, 9], "rotation": 270, "texture": "#2"}
			}
		},
		{
			"from": [7.65, 8.5, -15.25],
			"to": [8.35, 9, -14.5],
			"rotation": {"angle": 0, "axis": "y", "origin": [6.75, 0, 14.5]},
			"faces": {
				"north": {"uv": [14.5, 14.5, 14.75, 14.75], "texture": "#2"},
				"east": {"uv": [12.5, 14, 13.5, 14.25], "texture": "#2"},
				"south": {"uv": [0, 15, 0.25, 15.25], "texture": "#2"},
				"west": {"uv": [14, 12.5, 15, 12.75], "texture": "#2"},
				"up": {"uv": [14.25, 14, 14, 13], "texture": "#2"},
				"down": {"uv": [14.25, 14, 14, 15], "texture": "#2"}
			}
		},
		{
			"from": [7.45, 7.75, -16],
			"to": [8.45, 8.75, 7.5],
			"rotation": {"angle": 0, "axis": "y", "origin": [7, 0, 21.5]},
			"faces": {
				"north": {"uv": [0, 13, 1, 14], "texture": "#2"},
				"east": {"uv": [6.5, 4, 14.75, 4.5], "texture": "#2"},
				"south": {"uv": [2.5, 14, 3, 14.5], "texture": "#2"},
				"west": {"uv": [6.5, 4.5, 14.75, 5], "texture": "#2"},
				"up": {"uv": [7, 13.25, 6.5, 5], "texture": "#2"},
				"down": {"uv": [7.5, 5, 7, 13.25], "texture": "#2"}
			}
		},
		{
			"from": [6.8, 9.06037, 12.25],
			"to": [7.8, 9.56037, 12.75],
			"rotation": {"angle": 0, "axis": "z", "origin": [7.70651, 9.31037, 12.5]},
			"faces": {
				"north": {"uv": [14.5, 7.5, 14.75, 8], "rotation": 180, "texture": "#2"},
				"east": {"uv": [14.5, 8.5, 14.75, 9], "rotation": 180, "texture": "#2"},
				"south": {"uv": [8.5, 14.5, 8.75, 15], "rotation": 180, "texture": "#2"},
				"west": {"uv": [14.5, 8, 14.75, 8.5], "rotation": 180, "texture": "#2"},
				"up": {"uv": [14.75, 14, 14.5, 14.25], "rotation": 180, "texture": "#2"},
				"down": {"uv": [14.75, 13.75, 14.5, 13.5], "rotation": 180, "texture": "#2"}
			}
		},
		{
			"from": [8.8, 8, 12.25],
			"to": [9.3, 9.5, 12.75],
			"rotation": {"angle": 0, "axis": "z", "origin": [9.41427, 8.24913, 12.4875]},
			"faces": {
				"north": {"uv": [14.5, 7.5, 14.75, 8], "rotation": 90, "texture": "#2"},
				"east": {"uv": [14.75, 14, 14.5, 14.25], "rotation": 270, "texture": "#2"},
				"south": {"uv": [8.5, 14.5, 8.75, 15], "rotation": 270, "texture": "#2"},
				"west": {"uv": [14.75, 13.75, 14.5, 13.5], "rotation": 270, "texture": "#2"},
				"up": {"uv": [14.5, 8, 14.75, 8.5], "rotation": 270, "texture": "#2"},
				"down": {"uv": [14.5, 8.5, 14.75, 9], "rotation": 270, "texture": "#2"}
			}
		},
		{
			"from": [7.05, 4.5, 21],
			"to": [8.95, 7, 24.5],
			"rotation": {"angle": 0, "axis": "y", "origin": [8.9, 0, 21.5]},
			"faces": {
				"north": {"uv": [11, 2, 12, 3.25], "texture": "#0"},
				"east": {"uv": [8.5, 5, 10.25, 6.25], "texture": "#0"},
				"south": {"uv": [0, 11.5, 1, 12.75], "texture": "#0"},
				"west": {"uv": [8.5, 6.5, 10.25, 7.75], "texture": "#0"},
				"up": {"uv": [9, 11.25, 8, 9.5], "texture": "#0"},
				"down": {"uv": [10, 9.5, 9, 11.25], "texture": "#0"}
			}
		},
		{
			"from": [7, 6.4, 7],
			"to": [8.9, 8.1, 10],
			"rotation": {"angle": 0, "axis": "y", "origin": [7, 0, 33.5]},
			"faces": {
				"north": {"uv": [8, 12.5, 9, 13.25], "texture": "#0"},
				"east": {"uv": [10.5, 7, 12.25, 7.75], "texture": "#0"},
				"south": {"uv": [9, 12.5, 10, 13.25], "texture": "#0"},
				"west": {"uv": [11, 1, 12.75, 1.75], "texture": "#0"},
				"up": {"uv": [5, 12.25, 4, 10.5], "texture": "#0"},
				"down": {"uv": [6, 10.5, 5, 12.25], "texture": "#0"}
			}
		},
		{
			"from": [7, 6.8, -14],
			"to": [8.9, 8.3, 2.5],
			"rotation": {"angle": 0, "axis": "y", "origin": [7, 0, 23.5]},
			"faces": {
				"north": {"uv": [8, 12.5, 9, 13.25], "texture": "#0"},
				"east": {"uv": [10.5, 7, 12.25, 7.75], "texture": "#0"},
				"south": {"uv": [9, 12.5, 10, 13.25], "texture": "#0"},
				"west": {"uv": [11, 1, 12.75, 1.75], "texture": "#0"},
				"up": {"uv": [5, 12.25, 4, 10.5], "texture": "#0"},
				"down": {"uv": [6, 10.5, 5, 12.25], "texture": "#0"}
			}
		},
		{
			"from": [7, 6.8, 3],
			"to": [8.9, 8.3, 10],
			"rotation": {"angle": 0, "axis": "y", "origin": [7, 0, 36.5]},
			"faces": {
				"north": {"uv": [8, 12.5, 9, 13.25], "texture": "#0"},
				"east": {"uv": [10.5, 7, 12.25, 7.75], "texture": "#0"},
				"south": {"uv": [9, 12.5, 10, 13.25], "texture": "#0"},
				"west": {"uv": [11, 1, 12.75, 1.75], "texture": "#0"},
				"up": {"uv": [5, 12.25, 4, 10.5], "texture": "#0"},
				"down": {"uv": [6, 10.5, 5, 12.25], "texture": "#0"}
			}
		},
		{
			"from": [7.1, 7.8, 3],
			"to": [8.8, 9.2, 10.5],
			"rotation": {"angle": 0, "axis": "y", "origin": [7, 1, 36.5]},
			"faces": {
				"north": {"uv": [8, 12.5, 9, 13.25], "texture": "#0"},
				"east": {"uv": [10.5, 7, 12.25, 7.75], "texture": "#0"},
				"south": {"uv": [9, 12.5, 10, 13.25], "texture": "#0"},
				"west": {"uv": [11, 1, 12.75, 1.75], "texture": "#0"},
				"up": {"uv": [5, 12.25, 4, 10.5], "texture": "#0"},
				"down": {"uv": [6, 10.5, 5, 12.25], "texture": "#0"}
			}
		},
		{
			"from": [7.05, 4.27289, 15.05292],
			"to": [8.95, 6.02289, 28.30292],
			"rotation": {"angle": 22.5, "axis": "x", "origin": [7.2, 3.52289, 20.55292]},
			"faces": {
				"north": {"uv": [11.5, 0, 12.5, 1], "texture": "#0"},
				"east": {"uv": [0, 0, 6.75, 1], "texture": "#0"},
				"south": {"uv": [8, 11.5, 9, 12.5], "texture": "#0"},
				"west": {"uv": [0, 1, 6.75, 2], "texture": "#0"},
				"up": {"uv": [1, 8.75, 0, 2], "texture": "#0"},
				"down": {"uv": [2, 2, 1, 8.75], "texture": "#0"}
			}
		},
		{
			"from": [7.05, 3, 24.5],
			"to": [8.95, 7, 29.5],
			"rotation": {"angle": 0, "axis": "x", "origin": [8, 5, 27]},
			"faces": {
				"north": {"uv": [7, 0, 8, 1.75], "texture": "#0"},
				"east": {"uv": [4, 4, 6.5, 5.75], "texture": "#0"},
				"south": {"uv": [9, 1, 10, 2.75], "texture": "#0"},
				"west": {"uv": [4, 6, 6.5, 7.75], "texture": "#0"},
				"up": {"uv": [5, 10.5, 4, 8], "texture": "#0"},
				"down": {"uv": [6, 8, 5, 10.5], "texture": "#0"}
			}
		},
		{
			"from": [7.05, 5.04917, 20.80806],
			"to": [8.95, 6.29917, 21.80806],
			"rotation": {"angle": -45, "axis": "x", "origin": [14.35, 5.67417, 20.55806]},
			"faces": {
				"north": {"uv": [1, 13, 1.75, 13.75], "texture": "#0"},
				"east": {"uv": [3, 13, 3.5, 13.75], "texture": "#0"},
				"south": {"uv": [13, 1, 13.75, 1.75], "texture": "#0"},
				"west": {"uv": [3.5, 13, 4, 13.75], "texture": "#0"},
				"up": {"uv": [13.75, 9, 13, 8.5], "texture": "#0"},
				"down": {"uv": [13.75, 9, 13, 9.5], "texture": "#0"}
			}
		},
		{
			"from": [7.05, 1.25, 28],
			"to": [8.95, 3, 29.5],
			"rotation": {"angle": 0, "axis": "y", "origin": [7.9, 0, 21.5]},
			"faces": {
				"north": {"uv": [12, 2, 13, 3], "texture": "#0"},
				"east": {"uv": [4, 12.5, 4.75, 13.5], "texture": "#0"},
				"south": {"uv": [3, 12, 4, 13], "texture": "#0"},
				"west": {"uv": [5, 12.5, 5.75, 13.5], "texture": "#0"},
				"up": {"uv": [13.5, 5.75, 12.5, 5], "texture": "#0"},
				"down": {"uv": [13.5, 7, 12.5, 7.75], "texture": "#0"}
			}
		}
	],
	"gui_light": "front",
	"display": {
		"thirdperson_righthand": {
			"translation": [0, 0, -3.25],
			"scale": [0.8, 0.8, 0.65]
		},
		"thirdperson_lefthand": {
			"translation": [0, 0.25, -1.5],
			"scale": [0.8, 0.8, 0.65]
		},
		"firstperson_righthand": {
			"translation": [-1, 5.25, 0]
		},
		"firstperson_lefthand": {
			"translation": [0, 3.5, -1.75]
		},
		"ground": {
			"translation": [0, 2.25, 0],
			"scale": [0.5, 0.5, 0.5]
		},
		"gui": {
			"rotation": [0, 90, 0]
		},
		"fixed": {
			"rotation": [0, 90, 0],
			"translation": [-0.5, 0.5, -1.25],
			"scale": [1.3, 1.3, 1.3]
		}
	},
	"groups": [
		{
			"name": "gewehr",
			"origin": [8, 8, 8],
			"color": 0,
			"children": [
				{
					"name": "jinshu",
					"origin": [7.25, 0, 21.5],
					"color": 0,
					"children": [0, 1, 2, 3, 4, 5, 6, 7, 8, 9, 10, 11, 12, 13, 14, 15, 16, 17, 18, 19, 20, 21, 22, 23]
				},
				{
					"name": "qg",
					"origin": [7, 0, 21.5],
					"color": 0,
					"children": [24, 25, 26, 27, 28, 29, 30, 31, 32]
				},
				{
					"name": "danjia",
					"origin": [6.75, 0, 21.5],
					"color": 0,
					"children": []
				},
				{
					"name": "qiangshen",
					"origin": [8, 8, 8],
					"color": 0,
					"children": [33, 34, 35, 36, 37, 38, 39, 40, 41]
				},
				{
					"name": "qg",
					"origin": [9, 0, 21.5],
					"color": 0,
					"children": []
				},
				{
					"name": "jinshu",
					"origin": [8.75, 0, 21.5],
					"color": 0,
					"children": []
				}
			]
		}
	]
}