{
	"credit": "Made with Blockbench",
	"texture_size": [64, 64],
	"textures": {
		"1": "block/color/graymedium_three",
		"3": "block/color/lightgray",
		"4": "block/color/gray_concrete",
		"5": "block/color/wood_four",
		"particle": "block/color/wood_tommygun"
	},
	"elements": [
		{
			"from": [7.1, 6.83169, 25.72604],
			"to": [8.9, 10.83169, 30.22604],
			"rotation": {"angle": 0, "axis": "y", "origin": [2.4, 4.33169, 22.22604]},
			"faces": {
				"east": {"uv": [2.5, 4, 3.625, 5], "texture": "#5"},
				"south": {"uv": [5.75, 2, 6.25, 3], "texture": "#5"},
				"west": {"uv": [4.5, 2, 5.625, 3], "texture": "#5"},
				"up": {"uv": [3, 7.125, 2.5, 6], "texture": "#5"}
			}
		},
		{
			"from": [7.1, 9.33169, 19.72604],
			"to": [8.9, 10.83169, 22.72604],
			"rotation": {"angle": 0, "axis": "y", "origin": [8.9, 4.33169, 22.22604]},
			"faces": {
				"east": {"uv": [7, 6.25, 7.75, 6.625], "texture": "#5"},
				"west": {"uv": [7, 6.75, 7.75, 7.125], "texture": "#5"},
				"up": {"uv": [6.75, 0.75, 6.25, 0], "texture": "#5"}
			}
		},
		{
			"from": [7, 8.75, 0.5],
			"to": [9, 11.5, 8.5],
			"rotation": {"angle": 0, "axis": "y", "origin": [7, 3, 22.5]},
			"faces": {
				"north": {"uv": [6.25, 2, 6.75, 2.75], "texture": "#5"},
				"east": {"uv": [2, 2.5, 4, 3.25], "texture": "#5"},
				"west": {"uv": [2, 3.25, 4, 4], "texture": "#5"},
				"up": {"uv": [5, 5, 4.5, 3], "texture": "#5"},
				"down": {"uv": [4.25, 4.75, 3.75, 6.75], "texture": "#5"}
			}
		},
		{
			"from": [7.1, 5.08169, 28.72604],
			"to": [8.9, 6.83169, 30.22604],
			"rotation": {"angle": 0, "axis": "y", "origin": [4.9, 8.83169, 22.22604]},
			"faces": {
				"east": {"uv": [7.25, 1.75, 7.625, 2.25], "texture": "#5"},
				"south": {"uv": [7.25, 0, 7.75, 0.5], "texture": "#5"},
				"west": {"uv": [7.25, 2.25, 7.625, 2.75], "texture": "#5"},
				"down": {"uv": [3, 7.25, 2.5, 7.625], "texture": "#5"}
			}
		},
		{
			"from": [7.1, 6.30235, 20.97007],
			"to": [8.9, 8.80235, 22.97007],
			"rotation": {"angle": -22.5, "axis": "x", "origin": [5.15, 7.30235, 20.24507]},
			"faces": {
				"north": {"uv": [4, 6.75, 4.5, 7.375], "texture": "#5"},
				"east": {"uv": [4.5, 6.75, 5, 7.375], "texture": "#5"},
				"west": {"uv": [7, 1, 7.5, 1.625], "texture": "#5"},
				"down": {"uv": [0.5, 7.25, 0, 7.75], "texture": "#5"}
			}
		},
		{
			"from": [7.1, 8.33169, 22.72604],
			"to": [8.9, 10.83169, 25.72604],
			"rotation": {"angle": 0, "axis": "y", "origin": [8.9, 4.33169, 22.22604]},
			"faces": {
				"east": {"uv": [3, 6, 3.75, 6.625], "texture": "#5"},
				"south": {"uv": [3.5, 6.75, 4, 7.375], "texture": "#5"},
				"west": {"uv": [4.25, 6, 5, 6.625], "texture": "#5"},
				"up": {"uv": [6.5, 6.25, 6, 5.5], "texture": "#5"}
			}
		},
		{
			"from": [7.05, 7.43488, 20.89575],
			"to": [8.95, 9.93488, 28.89575],
			"rotation": {"angle": 22.5, "axis": "x", "origin": [7.2, 6.68488, 22.89575]},
			"faces": {
				"east": {"uv": [1, 1, 4, 1.625], "texture": "#5"},
				"south": {"uv": [6.75, 2, 7.25, 2.625], "texture": "#5"},
				"west": {"uv": [1, 1.75, 4, 2.375], "texture": "#5"},
				"up": {"uv": [1.5, 5.5, 1, 2.5], "texture": "#5"},
				"down": {"uv": [2, 2.5, 1.5, 5.5], "texture": "#5"}
			}
		},
		{
			"from": [7.25, 5.5, 8.75],
			"to": [8.75, 9, 13.25],
			"rotation": {"angle": 0, "axis": "y", "origin": [7, 3, 22.5]},
			"faces": {
				"north": {"uv": [6.5, 6.5, 6.875, 7.375], "texture": "#4"},
				"east": {"uv": [2.5, 5, 3.625, 5.875], "texture": "#4"},
				"south": {"uv": [6.75, 0, 7.125, 0.875], "texture": "#4"},
				"west": {"uv": [5, 3, 6.125, 3.875], "texture": "#4"},
				"up": {"uv": [5.375, 7.125, 5, 6], "texture": "#4"},
				"down": {"uv": [5.875, 6, 5.5, 7.125], "texture": "#4"}
			}
		},
		{
			"from": [7.25, 4.5, 10.75],
			"to": [8.75, 5, 13.25],
			"rotation": {"angle": 0, "axis": "y", "origin": [7, 3, 22.5]},
			"faces": {
				"north": {"uv": [7.75, 6.75, 8.125, 6.875], "texture": "#4"},
				"east": {"uv": [7.5, 5, 8.125, 5.125], "texture": "#4"},
				"south": {"uv": [7.75, 7, 8.125, 7.125], "texture": "#4"},
				"west": {"uv": [2.25, 7.75, 2.875, 7.875], "texture": "#4"},
				"down": {"uv": [1.375, 7.25, 1, 7.875], "texture": "#4"}
			}
		},
		{
			"from": [7.25, 4.4, 8.6],
			"to": [8.75, 5.1, 12.1],
			"rotation": {"angle": 22.5, "axis": "x", "origin": [8, 4.75, 11]},
			"faces": {
				"north": {"uv": [7.75, 6.75, 8.125, 6.875], "texture": "#4"},
				"east": {"uv": [7.5, 5, 8.125, 5.125], "texture": "#4"},
				"south": {"uv": [7.75, 7, 8.125, 7.125], "texture": "#4"},
				"west": {"uv": [2.25, 7.75, 2.875, 7.875], "texture": "#4"},
				"down": {"uv": [1.375, 7.25, 1, 7.875], "texture": "#4"}
			}
		},
		{
			"from": [7.25, 4, 11.75],
			"to": [8.75, 4.5, 13.25],
			"rotation": {"angle": 0, "axis": "y", "origin": [7, 3, 22.5]},
			"faces": {
				"north": {"uv": [7.25, 7.75, 7.625, 7.875], "texture": "#4"},
				"east": {"uv": [7.75, 7.25, 8.125, 7.375], "texture": "#4"},
				"south": {"uv": [7.75, 7.5, 8.125, 7.625], "texture": "#4"},
				"west": {"uv": [7.75, 7.75, 8.125, 7.875], "texture": "#4"},
				"down": {"uv": [3.875, 7.5, 3.5, 7.875], "texture": "#4"}
			}
		},
		{
			"from": [7.25, 5, 9.75],
			"to": [8.75, 5.5, 13.25],
			"rotation": {"angle": 0, "axis": "y", "origin": [7, 3, 22.5]},
			"faces": {
				"north": {"uv": [7.75, 6.25, 8.125, 6.375], "texture": "#4"},
				"east": {"uv": [6.25, 3.75, 7.125, 3.875], "texture": "#4"},
				"south": {"uv": [7.75, 6.5, 8.125, 6.625], "texture": "#4"},
				"west": {"uv": [7.25, 3.75, 8.125, 3.875], "texture": "#4"},
				"down": {"uv": [3.375, 6.75, 3, 7.625], "texture": "#4"}
			}
		},
		{
			"from": [7, 12, 12],
			"to": [9, 12.25, 14.5],
			"rotation": {"angle": 0, "axis": "y", "origin": [6.75, 3, 22.5]},
			"faces": {
				"north": {"uv": [7.75, 5.5, 8.25, 5.625], "texture": "#4"},
				"east": {"uv": [7.75, 2.25, 8.375, 2.375], "texture": "#4"},
				"south": {"uv": [5.75, 7.75, 6.25, 7.875], "texture": "#4"},
				"west": {"uv": [7.75, 2.5, 8.375, 2.625], "texture": "#4"},
				"up": {"uv": [2.5, 7.625, 2, 7], "texture": "#4"}
			}
		},
		{
			"from": [7, 12, 16],
			"to": [9, 12.25, 18.5],
			"rotation": {"angle": 0, "axis": "y", "origin": [6.75, 2.75, 22.5]},
			"faces": {
				"north": {"uv": [7.75, 5.75, 8.25, 5.875], "texture": "#4"},
				"east": {"uv": [7.75, 2.75, 8.375, 2.875], "texture": "#4"},
				"south": {"uv": [7.75, 6, 8.25, 6.125], "texture": "#4"},
				"west": {"uv": [7.75, 3, 8.375, 3.125], "texture": "#4"},
				"up": {"uv": [7.5, 5.125, 7, 4.5], "texture": "#4"}
			}
		},
		{
			"from": [8.5, 12.25, 16],
			"to": [9, 12.75, 18.5],
			"rotation": {"angle": 0, "axis": "y", "origin": [6.75, 2.75, 22.5]},
			"faces": {
				"north": {"uv": [0.25, 8.25, 0.375, 8.375], "texture": "#4"},
				"east": {"uv": [7.75, 3.25, 8.375, 3.375], "texture": "#4"},
				"south": {"uv": [8.25, 0.25, 8.375, 0.375], "texture": "#4"},
				"west": {"uv": [7.75, 3.5, 8.375, 3.625], "texture": "#4"},
				"up": {"uv": [3.125, 8.375, 3, 7.75], "texture": "#4"}
			}
		},
		{
			"from": [7, 12.25, 16],
			"to": [7.5, 12.75, 18.5],
			"rotation": {"angle": 0, "axis": "y", "origin": [6.75, 2.75, 22.5]},
			"faces": {
				"north": {"uv": [0.5, 8.25, 0.625, 8.375], "texture": "#4"},
				"east": {"uv": [7.75, 4, 8.375, 4.125], "texture": "#4"},
				"south": {"uv": [8.25, 0.5, 8.375, 0.625], "texture": "#4"},
				"west": {"uv": [7.75, 4.25, 8.375, 4.375], "texture": "#4"},
				"up": {"uv": [3.375, 8.375, 3.25, 7.75], "texture": "#4"}
			}
		},
		{
			"from": [7.025, 12.44396, 16.96142],
			"to": [7.475, 12.94396, 18.46142],
			"rotation": {"angle": -22.5, "axis": "x", "origin": [8, 12.69396, 17.71142]},
			"faces": {
				"east": {"uv": [8, 2, 8.375, 2.125], "texture": "#4"},
				"south": {"uv": [0.75, 8.25, 0.875, 8.375], "texture": "#4"},
				"west": {"uv": [2.25, 8, 2.625, 8.125], "texture": "#4"},
				"up": {"uv": [1.875, 8.375, 1.75, 8], "texture": "#4"}
			}
		},
		{
			"from": [8.525, 12.44396, 16.96142],
			"to": [8.975, 12.94396, 18.46142],
			"rotation": {"angle": -22.5, "axis": "x", "origin": [8, 12.69396, 17.71142]},
			"faces": {
				"east": {"uv": [3.5, 8, 3.875, 8.125], "texture": "#4"},
				"south": {"uv": [8.25, 0.75, 8.375, 0.875], "texture": "#4"},
				"west": {"uv": [4, 8, 4.375, 8.125], "texture": "#4"},
				"up": {"uv": [2.875, 8.375, 2.75, 8], "texture": "#4"}
			}
		},
		{
			"from": [7.375, 10.5, -16],
			"to": [8.625, 11.75, 8.5],
			"rotation": {"angle": 0, "axis": "y", "origin": [6.875, 3, 22.5]},
			"faces": {
				"north": {"uv": [0, 8.5, 0.5, 9], "texture": "#1"},
				"east": {"uv": [0, 0, 6.125, 0.375], "texture": "#1"},
				"west": {"uv": [0, 0.5, 6.125, 0.875], "texture": "#1"},
				"up": {"uv": [0.375, 7.125, 0, 1], "texture": "#1"},
				"down": {"uv": [0.875, 1, 0.5, 7.125], "texture": "#1"}
			}
		},
		{
			"from": [7.25, 8.85, -6.5],
			"to": [8.75, 10.1, 0.5],
			"rotation": {"angle": 0, "axis": "y", "origin": [7, 3, 22.5]},
			"faces": {
				"north": {"uv": [7.5, 1, 7.875, 1.375], "texture": "#1"},
				"east": {"uv": [5, 4.5, 6.75, 4.875], "texture": "#1"},
				"west": {"uv": [4.25, 5.5, 6, 5.875], "texture": "#1"},
				"up": {"uv": [1.375, 7.25, 1, 5.5], "texture": "#1"},
				"down": {"uv": [1.875, 5.5, 1.5, 7.25], "texture": "#1"}
			}
		},
		{
			"from": [7, 10.5, 8.5],
			"to": [9, 12, 19],
			"rotation": {"angle": 0, "axis": "y", "origin": [7, 3, 22.5]},
			"faces": {
				"north": {"uv": [7.25, 2.75, 7.75, 3.125], "texture": "#1"},
				"east": {"uv": [5, 4, 7.625, 4.375], "texture": "#1"},
				"south": {"uv": [7.25, 3.25, 7.75, 3.625], "texture": "#1"},
				"west": {"uv": [4.25, 5, 6.875, 5.375], "texture": "#1"},
				"up": {"uv": [4.5, 4.625, 4, 2], "texture": "#1"}
			}
		},
		{
			"from": [7.25, 10.35, -14],
			"to": [8.75, 11.85, -10],
			"rotation": {"angle": 0, "axis": "y", "origin": [6.75, 3, 22.5]},
			"faces": {
				"north": {"uv": [4, 7.5, 4.375, 7.875], "texture": "#1"},
				"east": {"uv": [6.25, 2.75, 7.25, 3.125], "texture": "#1"},
				"south": {"uv": [4.5, 7.5, 4.875, 7.875], "texture": "#1"},
				"west": {"uv": [6.25, 3.25, 7.25, 3.625], "texture": "#1"},
				"up": {"uv": [6.375, 7.25, 6, 6.25], "texture": "#1"},
				"down": {"uv": [6.875, 5.5, 6.5, 6.5], "texture": "#1"}
			}
		},
		{
			"from": [6.5, 10.45, -13],
			"to": [9.5, 11.95, -12],
			"rotation": {"angle": 0, "axis": "y", "origin": [6.75, 3, 22.5]},
			"faces": {
				"north": {"uv": [4, 7.5, 4.375, 7.875], "texture": "#1"},
				"east": {"uv": [6.25, 2.75, 7.25, 3.125], "texture": "#1"},
				"south": {"uv": [4.5, 7.5, 4.875, 7.875], "texture": "#1"},
				"west": {"uv": [6.25, 3.25, 7.25, 3.625], "texture": "#1"},
				"up": {"uv": [6.375, 7.25, 6, 6.25], "texture": "#1"},
				"down": {"uv": [6.875, 5.5, 6.5, 6.5], "texture": "#1"}
			}
		},
		{
			"from": [7.5, 13.05, -11.25],
			"to": [8.5, 13.3, -10],
			"rotation": {"angle": 0, "axis": "y", "origin": [6.75, 2.75, 22.5]},
			"faces": {
				"north": {"uv": [5.25, 8, 5.5, 8.125], "texture": "#1"},
				"east": {"uv": [8, 1.5, 8.375, 1.625], "texture": "#1"},
				"south": {"uv": [5.5, 8, 5.75, 8.125], "texture": "#1"},
				"west": {"uv": [8, 1.75, 8.375, 1.875], "texture": "#1"},
				"up": {"uv": [8, 0.875, 7.75, 0.5], "texture": "#1"},
				"down": {"uv": [1, 7.75, 0.75, 8.125], "texture": "#1"}
			}
		},
		{
			"from": [8.5, 11.8, -11.25],
			"to": [8.75, 13.05, -10],
			"rotation": {"angle": 0, "axis": "y", "origin": [6.75, 2.75, 22.5]},
			"faces": {
				"north": {"uv": [8, 1, 8.125, 1.375], "texture": "#1"},
				"east": {"uv": [0, 7.75, 0.375, 8.125], "texture": "#1"},
				"south": {"uv": [1.25, 8, 1.375, 8.375], "texture": "#1"},
				"west": {"uv": [7.75, 0, 8.125, 0.375], "texture": "#1"},
				"up": {"uv": [1.625, 8.375, 1.5, 8], "texture": "#1"}
			}
		},
		{
			"from": [7.5, 7, 12.25],
			"to": [9, 8.75, 14.75],
			"rotation": {"angle": 0, "axis": "y", "origin": [7, 3, 22.5]},
			"faces": {
				"east": {"uv": [7, 5.25, 7.625, 5.75], "texture": "#1"},
				"south": {"uv": [6, 7.25, 6.375, 7.75], "texture": "#1"},
				"west": {"uv": [7, 5.75, 7.625, 6.25], "texture": "#1"},
				"down": {"uv": [1.875, 7.25, 1.5, 7.875], "texture": "#1"}
			}
		},
		{
			"from": [7.25, 11.8, -11.25],
			"to": [7.5, 13.05, -10],
			"rotation": {"angle": 0, "axis": "y", "origin": [6.75, 2.75, 22.5]},
			"faces": {
				"north": {"uv": [6.25, 7.75, 6.375, 8.125], "texture": "#1"},
				"east": {"uv": [7.5, 4.5, 7.875, 4.875], "texture": "#1"},
				"south": {"uv": [8, 0.5, 8.125, 0.875], "texture": "#1"},
				"west": {"uv": [6.5, 7.5, 6.875, 7.875], "texture": "#1"},
				"up": {"uv": [1.125, 8.375, 1, 8], "texture": "#1"}
			}
		},
		{
			"from": [7, 8.75, 8.5],
			"to": [9, 10.5, 20],
			"rotation": {"angle": 0, "axis": "y", "origin": [7, 3, 22.5]},
			"faces": {
				"north": {"uv": [0.5, 7.25, 1, 7.75], "texture": "#1"},
				"east": {"uv": [4, 1, 6.875, 1.5], "texture": "#1"},
				"south": {"uv": [7.25, 0.5, 7.75, 1], "texture": "#1"},
				"west": {"uv": [4, 1.5, 6.875, 2], "texture": "#1"},
				"down": {"uv": [2.5, 4, 2, 6.875], "texture": "#1"}
			}
		},
		{
			"from": [7.875, 11.8, -10.75],
			"to": [8.125, 12.55, -10.25],
			"rotation": {"angle": 0, "axis": "y", "origin": [6.625, 3, 22.5]},
			"faces": {
				"north": {"uv": [5.75, 8, 5.875, 8.25], "texture": "#1"},
				"east": {"uv": [6, 8, 6.125, 8.25], "texture": "#1"},
				"south": {"uv": [6.5, 8, 6.625, 8.25], "texture": "#1"},
				"west": {"uv": [6.75, 8, 6.875, 8.25], "texture": "#1"},
				"up": {"uv": [8.375, 1.125, 8.25, 1], "texture": "#1"}
			}
		},
		{
			"from": [7.05, 8.43488, 16.89575],
			"to": [8.95, 10.93488, 20.89575],
			"rotation": {"angle": 22.5, "axis": "x", "origin": [7.2, 7.68488, 20.89575]},
			"faces": {
				"east": {"uv": [1, 1, 4, 1.625], "texture": "#1"},
				"south": {"uv": [6.75, 2, 7.25, 2.625], "texture": "#1"},
				"west": {"uv": [1, 1.75, 4, 2.375], "texture": "#1"},
				"up": {"uv": [1.5, 5.5, 1, 2.5], "texture": "#1"},
				"down": {"uv": [2, 2.5, 1.5, 5.5], "texture": "#1"}
			}
		},
		{
			"from": [7.25, 10.1, -6],
			"to": [8.75, 11.85, -5],
			"rotation": {"angle": 0, "axis": "y", "origin": [6.75, 3, 22.5]},
			"faces": {
				"north": {"uv": [5, 7.25, 5.375, 7.75], "texture": "#1"},
				"east": {"uv": [6.75, 4.5, 7, 5], "texture": "#1"},
				"south": {"uv": [5.5, 7.25, 5.875, 7.75], "texture": "#1"},
				"west": {"uv": [0.5, 7.75, 0.75, 8.25], "texture": "#1"},
				"up": {"uv": [6.625, 1, 6.25, 0.75], "texture": "#1"},
				"down": {"uv": [7.875, 1.5, 7.5, 1.75], "texture": "#1"}
			}
		},
		{
			"from": [6.25, 10.25, 13],
			"to": [7, 10.75, 13.5],
			"rotation": {"angle": 0, "axis": "y", "origin": [6.75, 3, 22.5]},
			"faces": {
				"north": {"uv": [4.25, 4.75, 4.5, 4.875], "texture": "#3"},
				"south": {"uv": [7, 1.75, 7.25, 1.875], "texture": "#3"},
				"west": {"uv": [8.25, 0, 8.375, 0.125], "texture": "#3"},
				"up": {"uv": [5, 8.125, 4.75, 8], "texture": "#3"},
				"down": {"uv": [5.25, 8, 5, 8.125], "texture": "#3"}
			}
		},
		{
			"from": [7.75, 8, 15.95],
			"to": [8.25, 8.75, 16.45],
			"rotation": {"angle": 0, "axis": "y", "origin": [7.25, 3, 22.5]},
			"faces": {
				"north": {"uv": [7.25, 8, 7.375, 8.25], "texture": "#3"},
				"east": {"uv": [7.5, 8, 7.625, 8.25], "texture": "#3"},
				"south": {"uv": [7.75, 8, 7.875, 8.25], "texture": "#3"},
				"west": {"uv": [8, 8, 8.125, 8.25], "texture": "#3"},
				"down": {"uv": [8.375, 1.25, 8.25, 1.375], "texture": "#3"}
			}
		},
		{
			"from": [7.5, 7, 14.75],
			"to": [8.5, 7.5, 17],
			"rotation": {"angle": 0, "axis": "y", "origin": [7, 3, 22.5]},
			"faces": {
				"east": {"uv": [5, 7.75, 5.625, 7.875], "texture": "#3"},
				"south": {"uv": [0, 8.25, 0.25, 8.375], "texture": "#3"},
				"west": {"uv": [7.75, 5.25, 8.375, 5.375], "texture": "#3"},
				"up": {"uv": [4, 4.625, 3.75, 4], "texture": "#3"},
				"down": {"uv": [7.25, 7.25, 7, 7.875], "texture": "#3"}
			}
		},
		{
			"from": [7.5, 7.5, 16.75],
			"to": [8.5, 8.75, 17.25],
			"rotation": {"angle": 0, "axis": "y", "origin": [7, 3, 22.5]},
			"faces": {
				"north": {"uv": [7.75, 1.75, 8, 2.125], "texture": "#3"},
				"east": {"uv": [4.5, 8, 4.625, 8.375], "texture": "#3"},
				"south": {"uv": [2, 7.75, 2.25, 8.125], "texture": "#3"},
				"west": {"uv": [8, 4.5, 8.125, 4.875], "texture": "#3"},
				"down": {"uv": [7.25, 8, 7, 8.125], "texture": "#3"}
			}
		},
		{
			"from": [6.9, 10, 13],
			"to": [8.9, 11, 19],
			"rotation": {"angle": 0, "axis": "y", "origin": [7, 3, 22.5]},
			"faces": {
				"north": {"uv": [7.25, 2.75, 7.75, 3.125], "texture": "#3"},
				"east": {"uv": [5, 4, 7.625, 4.375], "texture": "#3"},
				"south": {"uv": [7.25, 3.25, 7.75, 3.625], "texture": "#3"},
				"west": {"uv": [4.25, 5, 6.875, 5.375], "texture": "#3"},
				"up": {"uv": [4.5, 4.625, 4, 2], "texture": "#3"}
			}
		},
		{
			"from": [4.95285, -0.69171, -12.9],
			"to": [5.95285, -0.44171, -11.9],
			"rotation": {"angle": -22.5, "axis": "z", "origin": [5.70285, 5.80829, -12.5]},
			"faces": {
				"north": {"uv": [1, 9.25, 1.25, 9.375], "texture": "#1"},
				"east": {"uv": [9.25, 1, 9.5, 1.125], "texture": "#1"},
				"south": {"uv": [1.25, 9.25, 1.5, 9.375], "texture": "#1"},
				"west": {"uv": [9.25, 1.25, 9.5, 1.375], "texture": "#1"},
				"up": {"uv": [7.5, 7.75, 7.25, 7.5], "texture": "#1"},
				"down": {"uv": [8, 0.5, 7.75, 0.75], "texture": "#1"}
			}
		},
		{
			"from": [10.04715, -0.69171, -12.9],
			"to": [11.04715, -0.44171, -11.9],
			"rotation": {"angle": 22.5, "axis": "z", "origin": [10.29715, 5.80829, -12.5]},
			"faces": {
				"north": {"uv": [0.5, 9.25, 0.75, 9.375], "texture": "#1"},
				"east": {"uv": [9.25, 0.5, 9.5, 0.625], "texture": "#1"},
				"south": {"uv": [0.75, 9.25, 1, 9.375], "texture": "#1"},
				"west": {"uv": [9.25, 0.75, 9.5, 0.875], "texture": "#1"},
				"up": {"uv": [7, 2, 6.75, 1.75], "texture": "#1"},
				"down": {"uv": [7.5, 0.75, 7.25, 1], "texture": "#1"}
			}
		},
		{
			"from": [10.29715, -1.19171, -12.65],
			"to": [10.79715, 11.30829, -12.15],
			"rotation": {"angle": 22.5, "axis": "z", "origin": [10.29715, 5.80829, -12.5]},
			"faces": {
				"north": {"uv": [3.5, 6.25, 3.625, 9.375], "texture": "#1"},
				"east": {"uv": [3.75, 6.25, 3.875, 9.375], "texture": "#1"},
				"south": {"uv": [6.5, 5.75, 6.625, 8.875], "texture": "#1"},
				"west": {"uv": [6.75, 5.75, 6.875, 8.875], "texture": "#1"},
				"down": {"uv": [2.375, 9.25, 2.25, 9.375], "texture": "#1"}
			}
		},
		{
			"from": [5.20285, -1.19171, -12.65],
			"to": [5.70285, 11.30829, -12.15],
			"rotation": {"angle": -22.5, "axis": "z", "origin": [5.70285, 5.80829, -12.5]},
			"faces": {
				"north": {"uv": [6, 6.75, 6.125, 9.875], "texture": "#1"},
				"east": {"uv": [6.25, 6.75, 6.375, 9.875], "texture": "#1"},
				"south": {"uv": [5, 7, 5.125, 10.125], "texture": "#1"},
				"west": {"uv": [5.25, 7, 5.375, 10.125], "texture": "#1"},
				"down": {"uv": [9.375, 2.25, 9.25, 2.375], "texture": "#1"}
			}
		}
	],
	"gui_light": "front",
	"display": {
		"thirdperson_righthand": {
			"translation": [0, 0, -0.75],
			"scale": [0.7, 0.65, 0.65]
		},
		"thirdperson_lefthand": {
			"translation": [0, 0, -1],
			"scale": [0.7, 0.65, 0.65]
		},
		"firstperson_righthand": {
			"translation": [0, 0, -3.5],
			"scale": [1.2, 1, 0.85]
		},
		"firstperson_lefthand": {
			"translation": [0, 3.25, -4.5]
		},
		"ground": {
			"translation": [0, 3, 0],
			"scale": [0.4, 0.4, 0.4]
		},
		"gui": {
			"rotation": [0, 90, 0]
		},
		"fixed": {
			"rotation": [0, 90, 0],
			"translation": [-1.75, -1.5, -1.25],
			"scale": [1.1, 1.1, 1.1]
		}
	},
	"groups": [
		{
			"name": "group",
			"origin": [7, 3, 22.5],
			"color": 0,
			"children": [0, 1, 2, 3, 4, 5, 6]
		},
		{
			"name": "group",
			"origin": [7, 3, 22.5],
			"color": 0,
			"children": [7, 8, 9, 10, 11, 12, 13, 14, 15, 16, 17]
		},
		{
			"name": "group",
			"origin": [7, 3, 22.5],
			"color": 0,
			"children": [18, 19, 20, 21, 22, 23, 24, 25, 26, 27, 28, 29, 30]
		},
		{
			"name": "group",
			"origin": [7, 3, 22.5],
			"color": 0,
			"children": [31, 32, 33, 34, 35]
		},
		{
			"name": "chauchat_h",
			"origin": [8, 8, 8],
			"color": 0,
			"children": [
				{
					"name": "jiaojia",
					"origin": [8, 7.95, -0.13016],
					"color": 0,
					"children": [36, 37, 38, 39]
				}
			]
		}
	]
}