{
	"credit": "Made with Blockbench",
	"texture_size": [64, 64],
	"textures": {
		"0": "block/color/wood_tommygun",
		"1": "block/color/graymedium_three",
		"2": "block/color/armycamotwo",
		"3": "block/color/lightgray",
		"4": "block/color/gray_concrete",
		"5": "block/color/graymetal_light",
		"7": "block/color/gold_seven",
		"8": "block/color/gray",
		"particle": "block/color/wood_tommygun"
	},
	"elements": [
		{
			"from": [7.05, 4.7, 26.5],
			"to": [8.95, 7.2, 32],
			"rotation": {"angle": 0, "axis": "y", "origin": [2.425, -3.28463, 20.65224]},
			"faces": {
				"east": {"uv": [4.5, 1.75, 5.875, 2.375], "texture": "#0"},
				"south": {"uv": [7.25, 0, 7.75, 0.625], "texture": "#0"},
				"west": {"uv": [4, 4.5, 5.375, 5.125], "texture": "#0"}
			}
		},
		{
			"from": [7.25, 5.85, 9.75],
			"to": [8.75, 7.85, 11.25],
			"rotation": {"angle": 0, "axis": "y", "origin": [2.425, -2.63463, 20.65224]},
			"faces": {
				"north": {"uv": [8.25, 3, 8.625, 3.5], "texture": "#0"},
				"east": {"uv": [8.25, 6.75, 8.625, 7.25], "texture": "#0"},
				"south": {"uv": [8.25, 7.25, 8.625, 7.75], "texture": "#0"},
				"west": {"uv": [7.75, 8.25, 8.125, 8.75], "texture": "#0"}
			}
		},
		{
			"from": [7, 3.85, 9.5],
			"to": [9, 5.85, 11.5],
			"rotation": {"angle": 0, "axis": "y", "origin": [-1.575, -2.63463, 20.65224]},
			"faces": {
				"north": {"uv": [7.5, 1.25, 8, 1.75], "texture": "#0"},
				"east": {"uv": [1.5, 7.5, 2, 8], "texture": "#0"},
				"south": {"uv": [2, 7.5, 2.5, 8], "texture": "#0"},
				"west": {"uv": [2.5, 7.5, 3, 8], "texture": "#0"},
				"up": {"uv": [3.5, 8, 3, 7.5], "texture": "#0"},
				"down": {"uv": [8, 3.75, 7.5, 4.25], "texture": "#0"}
			}
		},
		{
			"from": [7.025, 3.80999, 17.9197],
			"to": [8.975, 6.30999, 31.4197],
			"rotation": {"angle": 22.5, "axis": "x", "origin": [-6, 4.30999, 28.4197]},
			"faces": {
				"east": {"uv": [0.5, 2.5, 3.875, 3.125], "texture": "#0"},
				"west": {"uv": [0.5, 3.25, 3.875, 3.875], "texture": "#0"},
				"up": {"uv": [2, 7.375, 1.5, 4], "texture": "#0"},
				"down": {"uv": [2.5, 4, 2, 7.375], "texture": "#0"}
			}
		},
		{
			"from": [7.05, 2.7, 31],
			"to": [8.95, 4.7, 32],
			"rotation": {"angle": 0, "axis": "y", "origin": [0.425, -3.28463, 20.65224]},
			"faces": {
				"east": {"uv": [7.75, 5.25, 8, 5.75], "texture": "#0"},
				"south": {"uv": [7.5, 0.75, 8, 1.25], "texture": "#0"},
				"west": {"uv": [0.25, 8.25, 0.5, 8.75], "texture": "#0"},
				"down": {"uv": [5.5, 3.75, 5, 4], "texture": "#0"}
			}
		},
		{
			"from": [7.25, 3.1, 16.25],
			"to": [8.75, 8.1, 18.25],
			"rotation": {"angle": -22.5, "axis": "x", "origin": [4, 5.85, 16.25]},
			"faces": {
				"north": {"uv": [6, 4.25, 6.375, 5.5], "texture": "#0"},
				"east": {"uv": [5, 5.75, 5.5, 7], "texture": "#0"},
				"south": {"uv": [6, 5.5, 6.375, 6.75], "texture": "#0"},
				"west": {"uv": [5.5, 5.75, 6, 7], "texture": "#0"},
				"down": {"uv": [8.625, 2, 8.25, 2.5], "texture": "#0"}
			}
		},
		{
			"from": [7.05, 7.2, 25],
			"to": [8.95, 9.7, 32],
			"rotation": {"angle": 0, "axis": "y", "origin": [0.425, -3.28463, 20.65224]},
			"faces": {
				"east": {"uv": [4, 3, 5.75, 3.625], "texture": "#0"},
				"south": {"uv": [7, 6.75, 7.5, 7.375], "texture": "#0"},
				"west": {"uv": [4.5, 1, 6.25, 1.625], "texture": "#0"},
				"up": {"uv": [4, 6.25, 3.5, 4.5], "texture": "#0"}
			}
		},
		{
			"from": [7.2, 6.56718, 0],
			"to": [7.3, 7.76718, 2],
			"rotation": {"angle": 45, "axis": "x", "origin": [7.25, 7.16718, 0.70679]},
			"faces": {
				"north": {"uv": [2, 0.5, 2, 0.75], "texture": "#7"},
				"east": {"uv": [1.5, 0.5, 2, 0.75], "texture": "#missing"},
				"south": {"uv": [2.5, 0.5, 2.5, 0.75], "texture": "#7"},
				"west": {"uv": [2, 0.5, 2.5, 0.75], "texture": "#7"},
				"up": {"uv": [2, 0.5, 2, 0], "texture": "#7"},
				"down": {"uv": [2, 0, 2, 0.5], "texture": "#7"}
			}
		},
		{
			"from": [7.2, 5.2, 3.8],
			"to": [7.3, 6.4, 5],
			"rotation": {"angle": 0, "axis": "x", "origin": [8, 5.72709, 3.3506]},
			"faces": {
				"north": {"uv": [1.625, 5, 1.625, 5.25], "texture": "#7"},
				"east": {"uv": [1.875, 5, 1.625, 5.25], "texture": "#missing"},
				"south": {"uv": [1.875, 5, 1.875, 5.25], "texture": "#7"},
				"west": {"uv": [1.625, 5, 1.375, 5.25], "texture": "#7"},
				"up": {"uv": [1.625, 5, 1.625, 4.75], "texture": "#7"},
				"down": {"uv": [1.625, 4.75, 1.625, 5], "texture": "#7"}
			}
		},
		{
			"from": [7.15, 7.25, 7],
			"to": [7.25, 8.75, 8.2],
			"rotation": {"angle": 22.5, "axis": "x", "origin": [8, 7.95, 8.25]},
			"faces": {
				"north": {"uv": [8.03125, 0.25, 8.03125, 0.5], "texture": "#7"},
				"east": {"uv": [7.78125, 0.25, 8.03125, 0.5], "texture": "#missing"},
				"south": {"uv": [8.28125, 0.25, 8.28125, 0.5], "texture": "#7"},
				"west": {"uv": [8.03125, 0.25, 8.28125, 0.5], "texture": "#7"},
				"up": {"uv": [8.03125, 0.25, 8.03125, 0], "texture": "#7"},
				"down": {"uv": [8.03125, 0, 8.03125, 0.25], "texture": "#7"}
			}
		},
		{
			"from": [7.175, 5.8, 5.6],
			"to": [7.275, 8.5, 6.8],
			"rotation": {"angle": 45, "axis": "x", "origin": [8, 6.65615, 6.09219]},
			"faces": {
				"north": {"uv": [6.53125, 0.25, 6.53125, 0.75], "texture": "#7"},
				"east": {"uv": [6.28125, 0.25, 6.53125, 0.75], "texture": "#missing"},
				"south": {"uv": [6.78125, 0.25, 6.78125, 0.75], "texture": "#7"},
				"west": {"uv": [6.53125, 0.25, 6.78125, 0.75], "texture": "#7"},
				"up": {"uv": [6.53125, 0.25, 6.53125, 0], "texture": "#7"},
				"down": {"uv": [6.53125, 0, 6.53125, 0.25], "texture": "#7"}
			}
		},
		{
			"from": [7.2, 5, 4.6006],
			"to": [7.3, 6.2, 5.8006],
			"rotation": {"angle": -22.5, "axis": "x", "origin": [8, 5.72709, 4.3506]},
			"faces": {
				"north": {"uv": [1.625, 5, 1.625, 5.25], "texture": "#7"},
				"east": {"uv": [1.875, 5, 1.625, 5.25], "texture": "#missing"},
				"south": {"uv": [1.875, 5, 1.875, 5.25], "texture": "#7"},
				"west": {"uv": [1.625, 5, 1.375, 5.25], "texture": "#7"},
				"up": {"uv": [1.625, 5, 1.625, 4.75], "texture": "#7"},
				"down": {"uv": [1.625, 4.75, 1.625, 5], "texture": "#7"}
			}
		},
		{
			"from": [7.2, 5.2, 1.8],
			"to": [7.3, 6.4, 3],
			"rotation": {"angle": 0, "axis": "x", "origin": [8, 5.72709, 1.3506]},
			"faces": {
				"north": {"uv": [1.625, 5, 1.625, 5.25], "texture": "#7"},
				"east": {"uv": [1.875, 5, 1.625, 5.25], "texture": "#missing"},
				"south": {"uv": [1.875, 5, 1.875, 5.25], "texture": "#7"},
				"west": {"uv": [1.625, 5, 1.375, 5.25], "texture": "#7"},
				"up": {"uv": [1.625, 5, 1.625, 4.75], "texture": "#7"},
				"down": {"uv": [1.625, 4.75, 1.625, 5], "texture": "#7"}
			}
		},
		{
			"from": [7.2, 5, 1.2],
			"to": [7.3, 6.2, 2.4],
			"rotation": {"angle": 45, "axis": "x", "origin": [8, 5.72709, 2.3506]},
			"faces": {
				"north": {"uv": [1.625, 5.875, 1.625, 6.125], "texture": "#7"},
				"east": {"uv": [1.875, 5.875, 1.625, 6.125], "texture": "#missing"},
				"south": {"uv": [1.875, 5.875, 1.875, 6.125], "texture": "#7"},
				"west": {"uv": [1.625, 5.875, 1.375, 6.125], "texture": "#7"},
				"up": {"uv": [1.625, 5.875, 1.625, 5.625], "texture": "#7"},
				"down": {"uv": [1.625, 5.625, 1.625, 5.875], "texture": "#7"}
			}
		},
		{
			"from": [7.2, 7, -0.5],
			"to": [7.3, 9, 0.7],
			"rotation": {"angle": -22.5, "axis": "x", "origin": [7.25, 8.16718, -0.29321]},
			"faces": {
				"north": {"uv": [1.75, 6.875, 1.75, 7.375], "texture": "#7"},
				"east": {"uv": [1.5, 6.875, 1.75, 7.375], "texture": "#missing"},
				"south": {"uv": [2, 6.875, 2, 7.375], "texture": "#7"},
				"west": {"uv": [1.75, 6.875, 2, 7.375], "texture": "#7"},
				"up": {"uv": [1.75, 6.875, 1.75, 6.625], "texture": "#7"},
				"down": {"uv": [1.75, 6.625, 1.75, 6.875], "texture": "#7"}
			}
		},
		{
			"from": [7.5, 10.55, -12.5],
			"to": [8.5, 11.55, -11],
			"rotation": {"angle": 0, "axis": "y", "origin": [6.175, -2.63463, 20.65224]},
			"faces": {
				"east": {"uv": [7.75, 8.75, 8.125, 9], "texture": "#1"},
				"west": {"uv": [8.75, 8, 9.125, 8.25], "texture": "#1"},
				"up": {"uv": [8.5, 9.125, 8.25, 8.75], "texture": "#1"},
				"down": {"uv": [9, 8.25, 8.75, 8.625], "texture": "#1"}
			}
		},
		{
			"from": [7.5, 10.6, 25],
			"to": [8.5, 11.6, 29],
			"rotation": {"angle": 0, "axis": "y", "origin": [2.425, -2.63463, 20.65224]},
			"faces": {
				"north": {"uv": [9, 4.5, 9.25, 4.75], "texture": "#missing"},
				"east": {"uv": [4, 3.75, 5, 4], "texture": "#1"},
				"south": {"uv": [4.75, 9, 5, 9.25], "texture": "#1"},
				"west": {"uv": [7.5, 1.75, 8.5, 2], "texture": "#1"},
				"up": {"uv": [7.75, 7.75, 7.5, 6.75], "texture": "#1"},
				"down": {"uv": [7.25, 7.5, 7, 8.5], "texture": "#1"}
			}
		},
		{
			"from": [8.7, 10.35, 5],
			"to": [9, 10.4, 17],
			"rotation": {"angle": 0, "axis": "y", "origin": [9.425, -2.63463, 20.65224]},
			"faces": {
				"north": {"uv": [7.25, 3, 7.75, 3.625], "texture": "#3"},
				"east": {"uv": [0.5, 1, 4.5, 1.625], "texture": "#3"},
				"south": {"uv": [7.25, 3, 7.75, 3.625], "texture": "#3"},
				"west": {"uv": [0.5, 1.75, 4.5, 2.375], "texture": "#3"},
				"up": {"uv": [1, 8, 0.5, 4], "texture": "#3"},
				"down": {"uv": [1.5, 4, 1, 8], "texture": "#3"}
			}
		},
		{
			"from": [7.3, 5.21784, 12.57874],
			"to": [8.7, 7.71784, 13.07874],
			"rotation": {"angle": -22.5, "axis": "x", "origin": [8, 6.46784, 11.82874]},
			"faces": {
				"north": {"uv": [7.75, 3, 8.125, 3.625], "texture": "#3"},
				"east": {"uv": [8.5, 8.75, 8.625, 9.375], "texture": "#3"},
				"south": {"uv": [4, 7.75, 4.375, 8.375], "texture": "#3"},
				"west": {"uv": [8.75, 8.75, 8.875, 9.375], "texture": "#3"}
			}
		},
		{
			"from": [7.275, 5.6, 13],
			"to": [8.725, 6.1, 16.5],
			"rotation": {"angle": 0, "axis": "x", "origin": [8, 6.85, 11.25]},
			"faces": {
				"east": {"uv": [8.25, 3.5, 9.125, 3.625], "texture": "#3"},
				"west": {"uv": [8.75, 3, 9.625, 3.125], "texture": "#3"},
				"up": {"uv": [5.875, 5.125, 5.5, 4.25], "texture": "#3"},
				"down": {"uv": [7.375, 1, 7, 1.875], "texture": "#3"}
			}
		},
		{
			"from": [7.75, 6.35, 14.5],
			"to": [8.25, 7.85, 15],
			"rotation": {"angle": 0, "axis": "y", "origin": [2.425, -2.63463, 20.65224]},
			"faces": {
				"north": {"uv": [9, 7, 9.125, 7.375], "texture": "#3"},
				"east": {"uv": [7.25, 9, 7.375, 9.375], "texture": "#3"},
				"south": {"uv": [9, 7.5, 9.125, 7.875], "texture": "#3"},
				"west": {"uv": [7.75, 9, 7.875, 9.375], "texture": "#3"},
				"down": {"uv": [2.625, 9.25, 2.5, 9.375], "texture": "#3"}
			}
		},
		{
			"from": [9, 9.35, 5],
			"to": [9.05, 10.35, 16],
			"rotation": {"angle": 0, "axis": "y", "origin": [2.425, -2.63463, 13.65224]},
			"faces": {
				"north": {"uv": [8.5, 1, 8.75, 1.25], "texture": "#3"},
				"east": {"uv": [0, 15.375, 0.625, 16], "texture": "#3"},
				"south": {"uv": [9, 0.5, 9.25, 0.75], "texture": "#3"},
				"up": {"uv": [9.25, 1, 9, 0.75], "texture": "#3"},
				"down": {"uv": [9.25, 3.75, 9, 4], "texture": "#3"}
			}
		},
		{
			"from": [9, 9.35, 16],
			"to": [10, 10.35, 17],
			"rotation": {"angle": 0, "axis": "y", "origin": [2.425, -2.63463, 20.65224]},
			"faces": {
				"north": {"uv": [8.5, 1, 8.75, 1.25], "texture": "#3"},
				"east": {"uv": [0, 15.375, 0.625, 16], "texture": "#3"},
				"south": {"uv": [9, 0.5, 9.25, 0.75], "texture": "#3"},
				"up": {"uv": [9.25, 1, 9, 0.75], "texture": "#3"},
				"down": {"uv": [9.25, 3.75, 9, 4], "texture": "#3"}
			}
		},
		{
			"from": [7, 7.85, 9],
			"to": [9, 10.35, 25],
			"rotation": {"angle": 0, "axis": "y", "origin": [9.425, -2.63463, 20.65224]},
			"faces": {
				"north": {"uv": [7.25, 3, 7.75, 3.625], "texture": "#2"},
				"east": {"uv": [0.5, 1, 4.5, 1.625], "texture": "#2"},
				"south": {"uv": [7.25, 3, 7.75, 3.625], "texture": "#2"},
				"west": {"uv": [0.5, 1.75, 4.5, 2.375], "texture": "#2"},
				"up": {"uv": [1, 8, 0.5, 4], "texture": "#2"},
				"down": {"uv": [1.5, 4, 1, 8], "texture": "#2"}
			}
		},
		{
			"from": [7.25, 10.35, -3.5],
			"to": [8.75, 11.85, 25],
			"rotation": {"angle": 0, "axis": "y", "origin": [-2.575, -2.63463, 20.65224]},
			"faces": {
				"north": {"uv": [8.75, 2, 9.125, 2.375], "texture": "#2"},
				"east": {"uv": [0, 0, 7.125, 0.375], "texture": "#2"},
				"south": {"uv": [2.25, 8.75, 2.625, 9.125], "texture": "#2"},
				"west": {"uv": [0, 0.5, 7.125, 0.875], "texture": "#2"},
				"up": {"uv": [0.375, 8.125, 0, 1], "texture": "#2"}
			}
		},
		{
			"from": [7, 10.35, 22.5],
			"to": [9, 12.1, 24],
			"rotation": {"angle": 0, "axis": "y", "origin": [-2.575, -2.63463, 20.65224]},
			"faces": {
				"north": {"uv": [7.75, 0, 8.25, 0.5], "texture": "#2"},
				"east": {"uv": [8.25, 7.75, 8.625, 8.25], "texture": "#2"},
				"south": {"uv": [7.75, 2, 8.25, 2.5], "texture": "#2"},
				"west": {"uv": [8.25, 8.25, 8.625, 8.75], "texture": "#2"},
				"up": {"uv": [9, 0.875, 8.5, 0.5], "texture": "#2"}
			}
		},
		{
			"from": [7.75, 11.6, -10.75],
			"to": [8.25, 12.5, -10.25],
			"rotation": {"angle": 0, "axis": "y", "origin": [2.675, -2.63463, 20.65224]},
			"faces": {
				"north": {"uv": [9, 6.25, 9.125, 6.625], "texture": "#2"},
				"east": {"uv": [6.5, 9, 6.625, 9.375], "texture": "#2"},
				"south": {"uv": [6.75, 9, 6.875, 9.375], "texture": "#2"},
				"west": {"uv": [7, 9, 7.125, 9.375], "texture": "#2"},
				"up": {"uv": [9.375, 2.125, 9.25, 2], "texture": "#2"}
			}
		},
		{
			"from": [7.25, 8.85, -4],
			"to": [8.75, 10.35, -3],
			"rotation": {"angle": 0, "axis": "y", "origin": [2.425, -2.63463, 20.65224]},
			"faces": {
				"north": {"uv": [1.25, 8.75, 1.625, 9.125], "texture": "#2"},
				"east": {"uv": [5.5, 8.75, 5.75, 9.125], "texture": "#2"},
				"west": {"uv": [5.75, 8.75, 6, 9.125], "texture": "#2"},
				"up": {"uv": [9.125, 3.5, 8.75, 3.25], "texture": "#2"},
				"down": {"uv": [9.125, 6.75, 8.75, 7], "texture": "#2"}
			}
		},
		{
			"from": [7.85, 11.6, -10.75],
			"to": [8.15, 13.3, -10.25],
			"rotation": {"angle": 0, "axis": "y", "origin": [2.675, -2.63463, 20.65224]},
			"faces": {
				"north": {"uv": [9, 6.25, 9.125, 6.625], "texture": "#2"},
				"east": {"uv": [6.5, 9, 6.625, 9.375], "texture": "#2"},
				"south": {"uv": [6.75, 9, 6.875, 9.375], "texture": "#2"},
				"west": {"uv": [7, 9, 7.125, 9.375], "texture": "#2"},
				"up": {"uv": [9.375, 2.125, 9.25, 2], "texture": "#2"}
			}
		},
		{
			"from": [7.375, 10.45, -16],
			"to": [8.625, 11.7, -12.5],
			"rotation": {"angle": 0, "axis": "y", "origin": [2.3, -2.63463, 20.65224]},
			"faces": {
				"north": {"uv": [0.625, 15.5, 1.125, 16], "texture": "#2"},
				"east": {"uv": [6.75, 2, 7.625, 2.375], "texture": "#2"},
				"south": {"uv": [2.75, 8.75, 3.125, 9.125], "texture": "#2"},
				"west": {"uv": [7, 2.5, 7.875, 2.875], "texture": "#2"},
				"up": {"uv": [5.875, 7.875, 5.5, 7], "texture": "#2"},
				"down": {"uv": [7.375, 5.75, 7, 6.625], "texture": "#2"}
			}
		},
		{
			"from": [7.375, 10.45, -11],
			"to": [8.625, 11.7, -3.5],
			"rotation": {"angle": 0, "axis": "y", "origin": [0.3, -2.63463, 20.65224]},
			"faces": {
				"north": {"uv": [4.5, 8.5, 4.875, 8.875], "texture": "#2"},
				"east": {"uv": [4, 5.25, 5.875, 5.625], "texture": "#2"},
				"west": {"uv": [5.5, 3.75, 7.375, 4.125], "texture": "#2"},
				"up": {"uv": [4.375, 7.625, 4, 5.75], "texture": "#2"},
				"down": {"uv": [4.875, 5.75, 4.5, 7.625], "texture": "#2"}
			}
		},
		{
			"from": [7, 8.35, -3],
			"to": [9, 10.35, 9],
			"rotation": {"angle": 0, "axis": "y", "origin": [6.425, -2.63463, 20.65224]},
			"faces": {
				"north": {"uv": [7.5, 5.75, 8, 6.25], "texture": "#2"},
				"east": {"uv": [2.5, 4, 5.5, 4.5], "texture": "#2"},
				"west": {"uv": [4, 2.5, 7, 3], "texture": "#2"},
				"up": {"uv": [3, 7.5, 2.5, 4.5], "texture": "#2"},
				"down": {"uv": [3.5, 4.5, 3, 7.5], "texture": "#2"}
			}
		},
		{
			"from": [9, 8.35, 3],
			"to": [9.5, 10.35, 5],
			"rotation": {"angle": 0, "axis": "y", "origin": [2.425, -2.63463, 20.65224]},
			"faces": {
				"north": {"uv": [4, 9, 4.125, 9.5], "texture": "#2"},
				"east": {"uv": [7.5, 6.25, 8, 6.75], "texture": "#2"},
				"south": {"uv": [9, 4, 9.125, 4.5], "texture": "#2"},
				"up": {"uv": [4.375, 9.5, 4.25, 9], "texture": "#2"},
				"down": {"uv": [4.625, 9, 4.5, 9.5], "texture": "#2"}
			}
		},
		{
			"from": [7.375, 10.5, 28],
			"to": [8.625, 11.75, 28.5],
			"rotation": {"angle": 0, "axis": "y", "origin": [2.3, -2.63463, 20.65224]},
			"faces": {
				"north": {"uv": [0.75, 8.75, 1.125, 9.125], "texture": "#2"},
				"east": {"uv": [9, 4.75, 9.125, 5.125], "texture": "#2"},
				"south": {"uv": [8.75, 1, 9.125, 1.375], "texture": "#2"},
				"west": {"uv": [9, 5.25, 9.125, 5.625], "texture": "#2"},
				"up": {"uv": [9.375, 5.875, 9, 5.75], "texture": "#2"},
				"down": {"uv": [9.375, 6, 9, 6.125], "texture": "#2"}
			}
		},
		{
			"from": [8.5, 11.85, 5.5],
			"to": [8.75, 12.85, 9],
			"rotation": {"angle": 0, "axis": "y", "origin": [6.425, -2.63463, 20.65224]},
			"faces": {
				"north": {"uv": [8, 9, 8.125, 9.25], "texture": "#8"},
				"east": {"uv": [8, 3.75, 8.875, 4], "texture": "#8"},
				"south": {"uv": [9.25, 0.25, 9.375, 0.5], "texture": "#8"},
				"west": {"uv": [8, 4, 8.875, 4.25], "texture": "#8"},
				"up": {"uv": [7.625, 9.375, 7.5, 8.5], "texture": "#8"}
			}
		},
		{
			"from": [8.5, 12.8, 9.5],
			"to": [8.75, 13.3, 11],
			"rotation": {"angle": -45, "axis": "x", "origin": [8.5, 12.86798, 10.09724]},
			"faces": {
				"north": {"uv": [9.375, 8.25, 9, 8.375], "texture": "#8"},
				"east": {"uv": [9.375, 9, 9, 9.125], "texture": "#8"},
				"south": {"uv": [9.375, 8.75, 9, 8.875], "texture": "#8"},
				"west": {"uv": [9.375, 8.5, 9, 8.625], "texture": "#8"},
				"up": {"uv": [8.75, 1.875, 9.125, 1.5], "texture": "#8"},
				"down": {"uv": [1.75, 8.75, 2.125, 9.125], "texture": "#8"}
			}
		},
		{
			"from": [7.25, 12.8, 9.5],
			"to": [7.5, 13.3, 11],
			"rotation": {"angle": -45, "axis": "x", "origin": [7.5, 12.86798, 10.09724]},
			"faces": {
				"north": {"uv": [9, 8.25, 9.375, 8.375], "texture": "#8"},
				"east": {"uv": [9, 8.5, 9.375, 8.625], "texture": "#8"},
				"south": {"uv": [9, 8.75, 9.375, 8.875], "texture": "#8"},
				"west": {"uv": [9, 9, 9.375, 9.125], "texture": "#8"},
				"up": {"uv": [9.125, 1.875, 8.75, 1.5], "texture": "#8"},
				"down": {"uv": [2.125, 8.75, 1.75, 9.125], "texture": "#8"}
			}
		},
		{
			"from": [7.5, 11.85, 5.5],
			"to": [8.5, 12.35, 9],
			"rotation": {"angle": 0, "axis": "y", "origin": [9.425, -2.63463, 20.65224]},
			"faces": {
				"north": {"uv": [1.75, 9.25, 2, 9.375], "texture": "#8"},
				"south": {"uv": [9.25, 1.75, 9.5, 1.875], "texture": "#8"},
				"up": {"uv": [0.25, 9.125, 0, 8.25], "texture": "#8"}
			}
		},
		{
			"from": [7.25, 11.85, 5.5],
			"to": [7.5, 12.85, 9],
			"rotation": {"angle": 0, "axis": "y", "origin": [6.425, -2.63463, 20.65224]},
			"faces": {
				"north": {"uv": [1.5, 9.25, 1.625, 9.5], "texture": "#8"},
				"east": {"uv": [8.25, 0, 9.125, 0.25], "texture": "#8"},
				"south": {"uv": [9.25, 1.5, 9.375, 1.75], "texture": "#8"},
				"west": {"uv": [8.25, 0.25, 9.125, 0.5], "texture": "#8"},
				"up": {"uv": [3.375, 9.625, 3.25, 8.75], "texture": "#8"}
			}
		},
		{
			"from": [7.5, 12.35, 8],
			"to": [8.5, 12.85, 9.5],
			"rotation": {"angle": 0, "axis": "y", "origin": [4.425, -2.63463, 20.15224]},
			"faces": {
				"north": {"uv": [0.25, 7.25, 0.5, 7.25], "texture": "#8"},
				"east": {"uv": [0, 7.25, 0.25, 7.25], "texture": "#8"},
				"south": {"uv": [0.75, 7.25, 1, 7.25], "texture": "#8"},
				"west": {"uv": [0.5, 7.25, 0.75, 7.25], "texture": "#8"},
				"up": {"uv": [0.5, 7.25, 0.25, 7], "texture": "#8"},
				"down": {"uv": [0.75, 7, 0.5, 7.25], "texture": "#8"}
			}
		},
		{
			"from": [7.25, 12.8, 9.5],
			"to": [8.75, 13.3, 10.3],
			"rotation": {"angle": -45, "axis": "x", "origin": [7.5, 12.86798, 10.09724]},
			"faces": {
				"north": {"uv": [9, 8.25, 9.375, 8.375], "texture": "#8"},
				"east": {"uv": [9, 8.5, 9.375, 8.625], "texture": "#8"},
				"south": {"uv": [9, 8.75, 9.375, 8.875], "texture": "#8"},
				"west": {"uv": [9, 9, 9.375, 9.125], "texture": "#8"},
				"up": {"uv": [9.125, 1.875, 8.75, 1.5], "texture": "#8"},
				"down": {"uv": [2.125, 8.75, 1.75, 9.125], "texture": "#8"}
			}
		},
		{
			"from": [7.25, 7.45, 6],
			"to": [8.75, 8.95, 8.5],
			"rotation": {"angle": 22.5, "axis": "x", "origin": [8, 7.95, 7.25]},
			"faces": {
				"north": {"uv": [4, 8.5, 4.375, 8.875], "texture": "#5"},
				"east": {"uv": [7.78125, 4.25, 8.28125, 4.625], "texture": "#5"},
				"south": {"uv": [8.5, 4.25, 8.875, 4.625], "texture": "#5"},
				"west": {"uv": [7.84375, 4.75, 8.375, 5.125], "texture": "#5"},
				"down": {"uv": [4.875, 7.75, 4.5, 8.375], "texture": "#5"}
			}
		},
		{
			"from": [7.325, 4.66791, 2.05992],
			"to": [8.675, 7.16791, 5.05992],
			"rotation": {"angle": 0, "axis": "x", "origin": [4, 5.91791, 4.30992]},
			"faces": {
				"north": {"uv": [6.5, 5, 6.75, 5.5], "texture": "#5"},
				"east": {"uv": [5.75, 5, 6.5, 5.5], "texture": "#5"},
				"south": {"uv": [7.5, 5, 7.75, 5.5], "texture": "#5"},
				"west": {"uv": [6.75, 5, 7.5, 5.5], "texture": "#5"},
				"up": {"uv": [6.75, 5, 6.5, 4.25], "texture": "#5"},
				"down": {"uv": [7, 4.25, 6.75, 5], "texture": "#5"}
			}
		},
		{
			"from": [7.275, 5.90615, -0.22234],
			"to": [8.725, 8.40615, 2.27766],
			"rotation": {"angle": -45, "axis": "x", "origin": [8, 6.65615, 1.02766]},
			"faces": {
				"north": {"uv": [3, 8, 3.375, 8.625], "texture": "#5"},
				"east": {"uv": [6.5625, 4.25, 7.09375, 4.875], "texture": "#5"},
				"south": {"uv": [8, 5.25, 8.375, 5.875], "texture": "#5"},
				"west": {"uv": [6.5, 5, 7.0625, 5.625], "texture": "#5"},
				"down": {"uv": [5.875, 8, 5.5, 8.625], "texture": "#5"}
			}
		},
		{
			"from": [7.3, 4.47709, 4.6006],
			"to": [8.7, 6.97709, 6.1006],
			"rotation": {"angle": -22.5, "axis": "x", "origin": [8, 5.72709, 4.3506]},
			"faces": {
				"north": {"uv": [0.5, 8, 0.875, 8.625], "texture": "#5"},
				"east": {"uv": [8, 0.53125, 8.375, 1.09375], "texture": "#5"},
				"west": {"uv": [1, 8.03125, 1.375, 8.625], "texture": "#5"},
				"up": {"uv": [8.875, 5.125, 8.5, 4.75], "texture": "#5"},
				"down": {"uv": [8.875, 5.25, 8.5, 5.625], "texture": "#5"}
			}
		},
		{
			"from": [7.25, 7.45, -1.38016],
			"to": [8.75, 8.95, 1.11984],
			"rotation": {"angle": -22.5, "axis": "x", "origin": [8, 7.95, -0.13016]},
			"faces": {
				"north": {"uv": [7, 8.5, 7.375, 8.875], "texture": "#5"},
				"east": {"uv": [8.09375, 1.25, 8.59375, 1.625], "texture": "#5"},
				"south": {"uv": [0.25, 8.75, 0.625, 9.125], "texture": "#5"},
				"west": {"uv": [8, 2.5, 8.53125, 2.875], "texture": "#5"},
				"down": {"uv": [8.375, 6, 8, 6.625], "texture": "#5"}
			}
		},
		{
			"from": [7.3, 4.47709, 1.01925],
			"to": [8.7, 6.97709, 2.51925],
			"rotation": {"angle": 22.5, "axis": "x", "origin": [8, 5.72709, 2.76925]},
			"faces": {
				"east": {"uv": [1.5, 8.03125, 1.875, 8.59375], "texture": "#5"},
				"south": {"uv": [2, 8, 2.375, 8.625], "texture": "#5"},
				"west": {"uv": [2.5, 8.03125, 2.875, 8.625], "texture": "#5"},
				"up": {"uv": [8.875, 6.125, 8.5, 5.75], "texture": "#5"},
				"down": {"uv": [8.875, 6.25, 8.5, 6.625], "texture": "#5"}
			}
		},
		{
			"from": [7.275, 5.90615, 4.84219],
			"to": [8.725, 8.40615, 7.34219],
			"rotation": {"angle": 45, "axis": "x", "origin": [8, 6.65615, 6.09219]},
			"faces": {
				"north": {"uv": [7.75, 6.75, 8.125, 7.375], "texture": "#5"},
				"east": {"uv": [6.28125, 1, 6.8125, 1.625], "texture": "#5"},
				"south": {"uv": [7.25, 7.75, 7.625, 8.375], "texture": "#5"},
				"west": {"uv": [6.5625, 3, 7.125, 3.625], "texture": "#5"},
				"down": {"uv": [8.125, 7.5, 7.75, 8.125], "texture": "#5"}
			}
		},
		{
			"from": [4.95285, -2.69171, -3.9],
			"to": [5.95285, -2.44171, -2.9],
			"rotation": {"angle": -22.5, "axis": "z", "origin": [5.70285, 3.80829, -3.5]},
			"faces": {
				"north": {"uv": [1, 9.25, 1.25, 9.375], "texture": "#4"},
				"east": {"uv": [9.25, 1, 9.5, 1.125], "texture": "#4"},
				"south": {"uv": [1.25, 9.25, 1.5, 9.375], "texture": "#4"},
				"west": {"uv": [9.25, 1.25, 9.5, 1.375], "texture": "#4"},
				"up": {"uv": [7.5, 7.75, 7.25, 7.5], "texture": "#4"},
				"down": {"uv": [8, 0.5, 7.75, 0.75], "texture": "#4"}
			}
		},
		{
			"from": [10.04715, -2.69171, -3.9],
			"to": [11.04715, -2.44171, -2.9],
			"rotation": {"angle": 22.5, "axis": "z", "origin": [10.29715, 3.80829, -3.5]},
			"faces": {
				"north": {"uv": [0.5, 9.25, 0.75, 9.375], "texture": "#4"},
				"east": {"uv": [9.25, 0.5, 9.5, 0.625], "texture": "#4"},
				"south": {"uv": [0.75, 9.25, 1, 9.375], "texture": "#4"},
				"west": {"uv": [9.25, 0.75, 9.5, 0.875], "texture": "#4"},
				"up": {"uv": [7, 2, 6.75, 1.75], "texture": "#4"},
				"down": {"uv": [7.5, 0.75, 7.25, 1], "texture": "#4"}
			}
		},
		{
			"from": [10.29715, -3.19171, -3.65],
			"to": [10.79715, 9.30829, -3.15],
			"rotation": {"angle": 22.5, "axis": "z", "origin": [10.29715, 3.80829, -3.5]},
			"faces": {
				"north": {"uv": [3.5, 6.25, 3.625, 9.375], "texture": "#4"},
				"east": {"uv": [3.75, 6.25, 3.875, 9.375], "texture": "#4"},
				"south": {"uv": [6.5, 5.75, 6.625, 8.875], "texture": "#4"},
				"west": {"uv": [6.75, 5.75, 6.875, 8.875], "texture": "#4"},
				"down": {"uv": [2.375, 9.25, 2.25, 9.375], "texture": "#4"}
			}
		},
		{
			"from": [5.20285, -3.19171, -3.65],
			"to": [5.70285, 9.30829, -3.15],
			"rotation": {"angle": -22.5, "axis": "z", "origin": [5.70285, 3.80829, -3.5]},
			"faces": {
				"north": {"uv": [6, 6.75, 6.125, 9.875], "texture": "#4"},
				"east": {"uv": [6.25, 6.75, 6.375, 9.875], "texture": "#4"},
				"south": {"uv": [5, 7, 5.125, 10.125], "texture": "#4"},
				"west": {"uv": [5.25, 7, 5.375, 10.125], "texture": "#4"},
				"down": {"uv": [9.375, 2.25, 9.25, 2.375], "texture": "#4"}
			}
		}
	],
	"gui_light": "front",
	"display": {
		"thirdperson_righthand": {
			"translation": [0, 0, -0.75],
			"scale": [0.7, 0.65, 0.65]
		},
		"thirdperson_lefthand": {
			"translation": [0, 0, -1],
			"scale": [0.7, 0.65, 0.65]
		},
		"firstperson_righthand": {
			"translation": [0, 0, -3.5],
			"scale": [1.2, 1, 0.85]
		},
		"firstperson_lefthand": {
			"translation": [0, 3.25, -4.5]
		},
		"ground": {
			"translation": [0, 3, 0],
			"scale": [0.4, 0.4, 0.4]
		},
		"gui": {
			"rotation": [0, 90, 0]
		},
		"fixed": {
			"rotation": [0, 90, 0],
			"translation": [-1.75, -1.5, -1.25],
			"scale": [1.1, 1.1, 1.1]
		}
	},
	"groups": [
		{
			"name": "group",
			"origin": [0.425, -3.28463, 20.65224],
			"color": 0,
			"children": [0, 1, 2, 3, 4, 5, 6]
		},
		{
			"name": "luodan",
			"origin": [7.25, 8.16718, -0.29321],
			"color": 0,
			"children": [7, 8, 9, 10, 11, 12, 13, 14]
		},
		{
			"name": "qiangguan",
			"origin": [6.175, -2.63463, 20.65224],
			"color": 0,
			"children": [15, 16]
		},
		{
			"name": "qiangji",
			"origin": [8, 8, 8],
			"color": 0,
			"children": [17, 18, 19, 20, 21, 22]
		},
		{
			"name": "jinshu",
			"origin": [8, 8, 8],
			"color": 0,
			"children": [23, 24, 25, 26, 27, 28, 29, 30, 31, 32, 33]
		},
		{
			"name": "biaochi",
			"origin": [8, 8, 8],
			"color": 0,
			"children": [34, 35, 36, 37, 38, 39, 40]
		},
		{
			"name": "danxia",
			"origin": [8, 8, 8],
			"color": 0,
			"children": [41, 42, 43, 44, 45, 46, 47]
		},
		{
			"name": "jiaojia",
			"origin": [8, 7.95, -0.13016],
			"color": 0,
			"children": [48, 49, 50, 51]
		}
	]
}