{
	"credit": "Made with Blockbench",
	"texture_size": [128, 128],
	"textures": {
		"0": "block/color/armycamotwo",
		"4": "block/color/lightergray",
		"5": "block/color/wood_one",
		"7": "block/color/gold_five",
		"8": "block/color/armycamothree",
		"particle": "block/color/armycamotwo"
	},
	"elements": [
		{
			"name": "bone4",
			"from": [6.9365, 8.10511, 19.6865],
			"to": [9.0635, 8.83379, 20.40384],
			"rotation": {"angle": 0, "axis": "y", "origin": [8, 7, 22]},
			"faces": {
				"north": {"uv": [7.875, 7.25, 8.125, 7.3125], "texture": "#5"},
				"east": {"uv": [0.75, 8.5, 0.8125, 8.5625], "texture": "#5"},
				"south": {"uv": [7.5, 7.875, 7.75, 7.9375], "texture": "#5"},
				"west": {"uv": [8.5, 0.75, 8.5625, 0.8125], "texture": "#5"},
				"up": {"uv": [8, 7.9375, 7.75, 7.875], "texture": "#5"},
				"down": {"uv": [8.25, 0, 8, 0.0625], "texture": "#5"}
			}
		},
		{
			"name": "bone6",
			"from": [7.08025, 7.8, 19.17585],
			"to": [8.91975, 9.1, 23.37585],
			"rotation": {"angle": 22.5, "axis": "x", "origin": [8, 7, 22]},
			"faces": {
				"north": {"uv": [2.5, 5.5, 2.75, 5.75], "texture": "#5"},
				"east": {"uv": [0, 0, 1.75, 0.25], "texture": "#5"},
				"south": {"uv": [6, 6.5, 6.25, 6.75], "texture": "#5"},
				"west": {"uv": [0, 0.25, 1.75, 0.5], "texture": "#5"},
				"up": {"uv": [0.25, 2.25, 0, 0.5], "texture": "#5"},
				"down": {"uv": [0.5, 0.5, 0.25, 2.25], "texture": "#5"}
			}
		},
		{
			"name": "bone7",
			"from": [7.08025, 6.2, 23.17585],
			"to": [8.91975, 8.03322, 30.97585],
			"rotation": {"angle": 22.5, "axis": "x", "origin": [8, 6, 26]},
			"faces": {
				"north": {"uv": [2.5, 5.5, 2.75, 5.75], "texture": "#5"},
				"east": {"uv": [0, 0, 1.75, 0.25], "texture": "#5"},
				"south": {"uv": [6, 6.5, 6.25, 6.75], "texture": "#5"},
				"west": {"uv": [0, 0.25, 1.75, 0.5], "texture": "#5"},
				"up": {"uv": [0.25, 2.25, 0, 0.5], "texture": "#5"},
				"down": {"uv": [0.5, 0.5, 0.25, 2.25], "texture": "#5"}
			}
		},
		{
			"name": "bone8",
			"from": [7.08025, 7.94609, 23.17585],
			"to": [8.91975, 9.77931, 31.77585],
			"rotation": {"angle": 0, "axis": "x", "origin": [8, 8, 26]},
			"faces": {
				"north": {"uv": [2.5, 5.5, 2.75, 5.75], "texture": "#5"},
				"east": {"uv": [0, 0, 1.75, 0.25], "texture": "#5"},
				"south": {"uv": [6, 6.5, 6.25, 6.75], "texture": "#5"},
				"west": {"uv": [0, 0.25, 1.75, 0.5], "texture": "#5"},
				"up": {"uv": [0.25, 2.25, 0, 0.5], "texture": "#5"},
				"down": {"uv": [0.5, 0.5, 0.25, 2.25], "texture": "#5"}
			}
		},
		{
			"name": "bone9",
			"from": [7.08025, 6.94609, 26.17585],
			"to": [8.91975, 8.77931, 31.77585],
			"rotation": {"angle": 0, "axis": "x", "origin": [8, 7, 30]},
			"faces": {
				"north": {"uv": [2.5, 5.5, 2.75, 5.75], "texture": "#5"},
				"east": {"uv": [0, 0, 1.75, 0.25], "texture": "#5"},
				"south": {"uv": [6, 6.5, 6.25, 6.75], "texture": "#5"},
				"west": {"uv": [0, 0.25, 1.75, 0.5], "texture": "#5"},
				"up": {"uv": [0.25, 2.25, 0, 0.5], "texture": "#5"},
				"down": {"uv": [0.5, 0.5, 0.25, 2.25], "texture": "#5"}
			}
		},
		{
			"name": "bone10",
			"from": [7.08025, 5.94609, 26.7],
			"to": [8.91975, 7.77931, 31.3],
			"rotation": {"angle": 22.5, "axis": "x", "origin": [8, 6, 30]},
			"faces": {
				"north": {"uv": [2.5, 5.5, 2.75, 5.75], "texture": "#5"},
				"east": {"uv": [0, 0, 1.75, 0.25], "texture": "#5"},
				"south": {"uv": [6, 6.5, 6.25, 6.75], "texture": "#5"},
				"west": {"uv": [0, 0.25, 1.75, 0.5], "texture": "#5"},
				"up": {"uv": [0.25, 2.25, 0, 0.5], "texture": "#5"},
				"down": {"uv": [0.5, 0.5, 0.25, 2.25], "texture": "#5"}
			}
		},
		{
			"name": "bone4",
			"from": [7.249, 8.499, 4],
			"to": [8.751, 9.626, 12.9395],
			"rotation": {"angle": 0, "axis": "y", "origin": [8, 7, 22]},
			"faces": {
				"north": {"uv": [7.625, 3.125, 7.8125, 3.25], "texture": "#5"},
				"east": {"uv": [3.75, 3.75, 6, 3.875], "texture": "#5"},
				"south": {"uv": [7.625, 3.25, 7.8125, 3.375], "texture": "#5"},
				"west": {"uv": [3.75, 3.875, 6, 4], "texture": "#5"},
				"up": {"uv": [1.1875, 2.75, 1, 0.5], "texture": "#5"},
				"down": {"uv": [1.4375, 0.5, 1.25, 2.75], "texture": "#5"}
			}
		},
		{
			"name": "bone5",
			"from": [7.249, 8.499, -12.7],
			"to": [8.751, 10.699, 7.0395],
			"rotation": {"angle": 0, "axis": "y", "origin": [8, 7, 22]},
			"faces": {
				"north": {"uv": [7.625, 3.125, 7.8125, 3.25], "texture": "#5"},
				"east": {"uv": [3.75, 3.75, 6, 3.875], "texture": "#5"},
				"south": {"uv": [7.625, 3.25, 7.8125, 3.375], "texture": "#5"},
				"west": {"uv": [3.75, 3.875, 6, 4], "texture": "#5"},
				"up": {"uv": [1.1875, 2.75, 1, 0.5], "texture": "#5"},
				"down": {"uv": [1.4375, 0.5, 1.25, 2.75], "texture": "#5"}
			}
		},
		{
			"name": "bone7",
			"from": [7.2, 8.199, -13],
			"to": [8.802, 10.799, -12.0605],
			"rotation": {"angle": 0, "axis": "y", "origin": [8, 7, 15]},
			"faces": {
				"north": {"uv": [7.625, 3.125, 7.8125, 3.25], "texture": "#7"},
				"east": {"uv": [3.75, 3.75, 6, 3.875], "texture": "#7"},
				"south": {"uv": [7.625, 3.25, 7.8125, 3.375], "texture": "#7"},
				"west": {"uv": [3.75, 3.875, 6, 4], "texture": "#7"},
				"up": {"uv": [1.1875, 2.75, 1, 0.5], "texture": "#7"},
				"down": {"uv": [1.4375, 0.5, 1.25, 2.75], "texture": "#7"}
			}
		},
		{
			"name": "bone7",
			"from": [7.2, 8.199, -4],
			"to": [8.802, 10.799, -3.0605],
			"rotation": {"angle": 0, "axis": "y", "origin": [8, 7, 24]},
			"faces": {
				"north": {"uv": [7.625, 3.125, 7.8125, 3.25], "texture": "#7"},
				"east": {"uv": [3.75, 3.75, 6, 3.875], "texture": "#7"},
				"south": {"uv": [7.625, 3.25, 7.8125, 3.375], "texture": "#7"},
				"west": {"uv": [3.75, 3.875, 6, 4], "texture": "#7"},
				"up": {"uv": [1.1875, 2.75, 1, 0.5], "texture": "#7"},
				"down": {"uv": [1.4375, 0.5, 1.25, 2.75], "texture": "#7"}
			}
		},
		{
			"name": "bone7",
			"from": [7.2, 8.32, -13.6],
			"to": [8.802, 10.72, -12],
			"rotation": {"angle": 0, "axis": "y", "origin": [8, 7, 15]},
			"faces": {
				"north": {"uv": [7.625, 3.125, 7.8125, 3.25], "texture": "#7"},
				"east": {"uv": [3.75, 3.75, 6, 3.875], "texture": "#7"},
				"south": {"uv": [7.625, 3.25, 7.8125, 3.375], "texture": "#7"},
				"west": {"uv": [3.75, 3.875, 6, 4], "texture": "#7"},
				"up": {"uv": [1.1875, 2.75, 1, 0.5], "texture": "#7"},
				"down": {"uv": [1.4375, 0.5, 1.25, 2.75], "texture": "#7"}
			}
		},
		{
			"name": "bone8",
			"from": [7, 8.22, 3.5],
			"to": [9.02, 10.72, 4.4395],
			"rotation": {"angle": 0, "axis": "y", "origin": [8, 7, 32]},
			"faces": {
				"north": {"uv": [7.625, 3.125, 7.8125, 3.25], "texture": "#7"},
				"east": {"uv": [3.75, 3.75, 6, 3.875], "texture": "#7"},
				"south": {"uv": [7.625, 3.25, 7.8125, 3.375], "texture": "#7"},
				"west": {"uv": [3.75, 3.875, 6, 4], "texture": "#7"},
				"up": {"uv": [1.1875, 2.75, 1, 0.5], "texture": "#7"},
				"down": {"uv": [1.4375, 0.5, 1.25, 2.75], "texture": "#7"}
			}
		},
		{
			"name": "bone8",
			"from": [7.2, 9.5, -14],
			"to": [8.802, 10.7, -12],
			"rotation": {"angle": 0, "axis": "y", "origin": [8, 7, 15]},
			"faces": {
				"north": {"uv": [7.625, 3.125, 7.8125, 3.25], "texture": "#7"},
				"east": {"uv": [3.75, 3.75, 6, 3.875], "texture": "#7"},
				"south": {"uv": [7.625, 3.25, 7.8125, 3.375], "texture": "#7"},
				"west": {"uv": [3.75, 3.875, 6, 4], "texture": "#7"},
				"up": {"uv": [1.1875, 2.75, 1, 0.5], "texture": "#7"},
				"down": {"uv": [1.4375, 0.5, 1.25, 2.75], "texture": "#7"}
			}
		},
		{
			"name": "bone7",
			"from": [7.2, 8.199, -4],
			"to": [8.802, 10.799, -3.0605],
			"rotation": {"angle": 0, "axis": "y", "origin": [8, 7, 24]},
			"faces": {
				"north": {"uv": [7.625, 3.125, 7.8125, 3.25], "texture": "#7"},
				"east": {"uv": [3.75, 3.75, 6, 3.875], "texture": "#7"},
				"south": {"uv": [7.625, 3.25, 7.8125, 3.375], "texture": "#7"},
				"west": {"uv": [3.75, 3.875, 6, 4], "texture": "#7"},
				"up": {"uv": [1.1875, 2.75, 1, 0.5], "texture": "#7"},
				"down": {"uv": [1.4375, 0.5, 1.25, 2.75], "texture": "#7"}
			}
		},
		{
			"name": "bone8",
			"from": [7.34, 7.499, -4],
			"to": [7.44, 8.299, -3.0605],
			"rotation": {"angle": 22.5, "axis": "z", "origin": [7.25, 7.899, -3.53025]},
			"faces": {
				"north": {"uv": [7.625, 3.125, 7.8125, 3.25], "texture": "#7"},
				"east": {"uv": [3.75, 3.75, 6, 3.875], "texture": "#7"},
				"south": {"uv": [7.625, 3.25, 7.8125, 3.375], "texture": "#7"},
				"west": {"uv": [3.75, 3.875, 6, 4], "texture": "#7"},
				"up": {"uv": [1.1875, 2.75, 1, 0.5], "texture": "#7"},
				"down": {"uv": [1.4375, 0.5, 1.25, 2.75], "texture": "#7"}
			}
		},
		{
			"name": "bone9",
			"from": [7.5, 7.5, -4],
			"to": [8.5, 7.6, -3.0605],
			"rotation": {"angle": 0, "axis": "z", "origin": [8.25, 7.499, -3.53025]},
			"faces": {
				"north": {"uv": [7.625, 3.125, 7.8125, 3.25], "rotation": 270, "texture": "#7"},
				"east": {"uv": [1.1875, 2.75, 1, 0.5], "rotation": 90, "texture": "#7"},
				"south": {"uv": [7.625, 3.25, 7.8125, 3.375], "rotation": 90, "texture": "#7"},
				"west": {"uv": [1.4375, 0.5, 1.25, 2.75], "rotation": 90, "texture": "#7"},
				"up": {"uv": [3.75, 3.875, 6, 4], "rotation": 90, "texture": "#7"},
				"down": {"uv": [3.75, 3.75, 6, 3.875], "rotation": 90, "texture": "#7"}
			}
		},
		{
			"name": "bone4",
			"from": [7.08025, 9.08673, 6.1865],
			"to": [8.91975, 9.59469, 20.42427],
			"rotation": {"angle": 0, "axis": "y", "origin": [8, 7, 22]},
			"faces": {
				"north": {"uv": [7.75, 3, 8, 3.0625], "texture": "#5"},
				"east": {"uv": [5.375, 3.375, 7.125, 3.4375], "texture": "#5"},
				"south": {"uv": [3.25, 7.75, 3.5, 7.8125], "texture": "#5"},
				"west": {"uv": [5.5, 5.375, 7.25, 5.4375], "texture": "#5"},
				"up": {"uv": [0.75, 2.25, 0.5, 0.5], "texture": "#5"},
				"down": {"uv": [1, 0.5, 0.75, 2.25], "texture": "#5"}
			}
		},
		{
			"name": "bone4",
			"from": [7.249, 8.499, 4.9365],
			"to": [8.751, 9.626, 7.8135],
			"rotation": {"angle": 0, "axis": "y", "origin": [8, 7, 22]},
			"faces": {
				"north": {"uv": [3.5, 7.625, 3.6875, 7.75], "texture": "#5"},
				"east": {"uv": [5.375, 3.125, 6.5, 3.25], "texture": "#5"},
				"south": {"uv": [3.875, 7.625, 4.0625, 7.75], "texture": "#5"},
				"west": {"uv": [5.375, 3.25, 6.5, 3.375], "texture": "#5"},
				"up": {"uv": [4.4375, 5.125, 4.25, 4], "texture": "#5"},
				"down": {"uv": [4.6875, 4, 4.5, 5.125], "texture": "#5"}
			}
		},
		{
			"name": "bone6",
			"from": [7.08025, 7.48728, 17.86929],
			"to": [8.91975, 9.3205, 19.91193],
			"rotation": {"angle": 22.5, "axis": "x", "origin": [8, 7, 22]},
			"faces": {
				"north": {"uv": [2.5, 5.5, 2.75, 5.75], "texture": "#5"},
				"east": {"uv": [0, 0, 1.75, 0.25], "texture": "#5"},
				"south": {"uv": [6, 6.5, 6.25, 6.75], "texture": "#5"},
				"west": {"uv": [0, 0.25, 1.75, 0.5], "texture": "#5"},
				"up": {"uv": [0.25, 2.25, 0, 0.5], "texture": "#5"},
				"down": {"uv": [0.5, 0.5, 0.25, 2.25], "texture": "#5"}
			}
		},
		{
			"name": "bone4",
			"from": [8.39275, 9.56778, 14.79137],
			"to": [8.91975, 10.43647, 17.79287],
			"rotation": {"angle": 0, "axis": "y", "origin": [8, 7, 22]},
			"faces": {
				"north": {"uv": [8, 8.125, 8.0625, 8.25], "texture": "#5"},
				"east": {"uv": [7.25, 7.25, 7.625, 7.375], "texture": "#5"},
				"south": {"uv": [8.125, 8, 8.1875, 8.125], "texture": "#5"},
				"west": {"uv": [7.375, 2.375, 7.75, 2.5], "texture": "#5"},
				"up": {"uv": [5.9375, 8, 5.875, 7.625], "texture": "#5"},
				"down": {"uv": [6.6875, 7.625, 6.625, 8], "texture": "#5"}
			}
		},
		{
			"name": "bone4",
			"from": [7.08025, 9.56778, 14.79137],
			"to": [7.60725, 10.43647, 17.79287],
			"rotation": {"angle": 0, "axis": "y", "origin": [8, 7, 22]},
			"faces": {
				"north": {"uv": [8.125, 7.625, 8.1875, 7.75], "texture": "#5"},
				"east": {"uv": [4.375, 3.125, 4.75, 3.25], "texture": "#5"},
				"south": {"uv": [7.875, 8.125, 7.9375, 8.25], "texture": "#5"},
				"west": {"uv": [7.25, 7.125, 7.625, 7.25], "texture": "#5"},
				"up": {"uv": [4.5625, 8, 4.5, 7.625], "texture": "#5"},
				"down": {"uv": [5.8125, 7.625, 5.75, 8], "texture": "#5"}
			}
		},
		{
			"name": "bone4",
			"from": [7.08025, 8.27423, 6.1865],
			"to": [8.91975, 9.10745, 20.22914],
			"rotation": {"angle": 0, "axis": "y", "origin": [8, 7, 22]},
			"faces": {
				"north": {"uv": [2.5, 5.5, 2.75, 5.75], "texture": "#5"},
				"east": {"uv": [0, 0, 1.75, 0.25], "texture": "#5"},
				"south": {"uv": [6, 6.5, 6.25, 6.75], "texture": "#5"},
				"west": {"uv": [0, 0.25, 1.75, 0.5], "texture": "#5"},
				"up": {"uv": [0.25, 2.25, 0, 0.5], "texture": "#5"},
				"down": {"uv": [0.5, 0.5, 0.25, 2.25], "texture": "#5"}
			}
		},
		{
			"name": "bone4",
			"from": [6.9365, 9.5615, 14.8115],
			"to": [9.0635, 10.12497, 18.98137],
			"rotation": {"angle": 0, "axis": "y", "origin": [8, 7, 22]},
			"faces": {
				"north": {"uv": [7.875, 4.75, 8.125, 4.8125], "texture": "#5"},
				"east": {"uv": [7.5, 5, 8, 5.0625], "texture": "#5"},
				"south": {"uv": [4.875, 7.875, 5.125, 7.9375], "texture": "#5"},
				"west": {"uv": [7.5, 5.125, 8, 5.1875], "texture": "#5"},
				"up": {"uv": [5.25, 5.875, 5, 5.375], "texture": "#5"},
				"down": {"uv": [5.5, 5.375, 5.25, 5.875], "texture": "#5"}
			}
		},
		{
			"name": "bone8",
			"from": [8.56, 7.499, -4],
			"to": [8.66, 8.299, -3.0605],
			"rotation": {"angle": -22.5, "axis": "z", "origin": [8.75, 7.899, -3.53025]},
			"faces": {
				"north": {"uv": [7.8125, 3.125, 7.625, 3.25], "texture": "#7"},
				"east": {"uv": [6, 3.875, 3.75, 4], "texture": "#7"},
				"south": {"uv": [7.8125, 3.25, 7.625, 3.375], "texture": "#7"},
				"west": {"uv": [6, 3.75, 3.75, 3.875], "texture": "#7"},
				"up": {"uv": [1, 2.75, 1.1875, 0.5], "texture": "#7"},
				"down": {"uv": [1.25, 0.5, 1.4375, 2.75], "texture": "#7"}
			}
		},
		{
			"name": "bone4",
			"from": [7.08025, 9.56778, 17.79137],
			"to": [8.91975, 10.43647, 18.98037],
			"rotation": {"angle": 0, "axis": "y", "origin": [8, 7, 22]},
			"faces": {
				"north": {"uv": [7.5, 3.875, 7.75, 4], "texture": "#4"},
				"east": {"uv": [3.625, 5.25, 3.75, 5.375], "texture": "#4"},
				"south": {"uv": [7.5, 4.375, 7.75, 4.5], "texture": "#4"},
				"west": {"uv": [6.625, 6.375, 6.75, 6.5], "texture": "#4"},
				"up": {"uv": [7.75, 4.625, 7.5, 4.5], "texture": "#0"},
				"down": {"uv": [7.75, 4.625, 7.5, 4.75], "texture": "#4"}
			}
		},
		{
			"name": "bone4",
			"from": [7.64275, 9.63028, 14.79137],
			"to": [8.36167, 10.49897, 17.32954],
			"rotation": {"angle": 0, "axis": "y", "origin": [8, 7, 22]},
			"faces": {
				"north": {"uv": [6.625, 8.125, 6.6875, 8.25], "texture": "#4"},
				"east": {"uv": [7.375, 6.5, 7.6875, 6.625], "texture": "#4"},
				"south": {"uv": [8.125, 6.625, 8.1875, 6.75], "texture": "#4"},
				"west": {"uv": [7.375, 6.625, 7.6875, 6.75], "texture": "#4"},
				"up": {"uv": [7.0625, 7.9375, 7, 7.625], "texture": "#0"},
				"down": {"uv": [7.6875, 7, 7.625, 7.3125], "texture": "#4"}
			}
		},
		{
			"name": "bone4",
			"from": [7.24085, 3.35268, 16.48083],
			"to": [8.73325, 3.68917, 18.78083],
			"rotation": {"angle": 45, "axis": "x", "origin": [8, 7, 22]},
			"faces": {
				"north": {"uv": [5, 8, 5.1875, 8.0625], "texture": "#4"},
				"east": {"uv": [8.375, 3.75, 8.4375, 3.8125], "texture": "#4"},
				"south": {"uv": [8, 5, 8.1875, 5.0625], "texture": "#4"},
				"west": {"uv": [3.875, 8.375, 3.9375, 8.4375], "texture": "#4"},
				"up": {"uv": [8.1875, 5.1875, 8, 5.125], "texture": "#0"},
				"down": {"uv": [5.4375, 8, 5.25, 8.0625], "texture": "#4"}
			}
		},
		{
			"name": "bone5",
			"from": [7.24085, 7.35867, 17],
			"to": [8.73325, 7.69516, 19.7],
			"rotation": {"angle": -22.5, "axis": "x", "origin": [7.98705, 7.52691, 18.55293]},
			"faces": {
				"north": {"uv": [5, 8, 5.1875, 8.0625], "texture": "#4"},
				"east": {"uv": [8.375, 3.75, 8.4375, 3.8125], "texture": "#4"},
				"south": {"uv": [8, 5, 8.1875, 5.0625], "texture": "#4"},
				"west": {"uv": [3.875, 8.375, 3.9375, 8.4375], "texture": "#4"},
				"up": {"uv": [8.1875, 5.1875, 8, 5.125], "texture": "#0"},
				"down": {"uv": [5.4375, 8, 5.25, 8.0625], "texture": "#4"}
			}
		},
		{
			"name": "bone5",
			"from": [7.599, 9.7, -16],
			"to": [8.401, 10.5, 18.002],
			"rotation": {"angle": 0, "axis": "y", "origin": [8, 7, 22]},
			"faces": {
				"north": {"uv": [7.625, 3.125, 7.8125, 3.25], "texture": "#4"},
				"east": {"uv": [3.75, 3.75, 6, 3.875], "texture": "#4"},
				"south": {"uv": [7.625, 3.25, 7.8125, 3.375], "texture": "#4"},
				"west": {"uv": [3.75, 3.875, 6, 4], "texture": "#4"},
				"up": {"uv": [1.1875, 2.75, 1, 0.5], "texture": "#0"},
				"down": {"uv": [1.4375, 0.5, 1.25, 2.75], "texture": "#4"}
			}
		},
		{
			"name": "bone6",
			"from": [7.599, 9.7, 12],
			"to": [8.401, 10.9, 19.002],
			"rotation": {"angle": 0, "axis": "y", "origin": [8, 7, 22]},
			"faces": {
				"north": {"uv": [7.625, 3.125, 7.8125, 3.25], "texture": "#4"},
				"east": {"uv": [3.75, 3.75, 6, 3.875], "texture": "#4"},
				"south": {"uv": [7.625, 3.25, 7.8125, 3.375], "texture": "#4"},
				"west": {"uv": [3.75, 3.875, 6, 4], "texture": "#4"},
				"up": {"uv": [1.1875, 2.75, 1, 0.5], "texture": "#0"},
				"down": {"uv": [1.4375, 0.5, 1.25, 2.75], "texture": "#4"}
			}
		},
		{
			"name": "bone7",
			"from": [7.299, 9.7, 5],
			"to": [8.701, 11.15, 7.4],
			"rotation": {"angle": 0, "axis": "y", "origin": [8, 7, 15]},
			"faces": {
				"north": {"uv": [7.625, 3.125, 7.8125, 3.25], "texture": "#8"},
				"east": {"uv": [3.75, 3.75, 6, 3.875], "texture": "#8"},
				"south": {"uv": [7.625, 3.25, 7.8125, 3.375], "texture": "#8"},
				"west": {"uv": [3.75, 3.875, 6, 4], "texture": "#8"},
				"up": {"uv": [1.1875, 2.75, 1, 0.5], "texture": "#8"},
				"down": {"uv": [1.4375, 0.5, 1.25, 2.75], "texture": "#4"}
			}
		},
		{
			"name": "bone7",
			"from": [7.599, 9.7, 12],
			"to": [8.401, 11.25, 13.002],
			"rotation": {"angle": 0, "axis": "y", "origin": [8, 7, 22]},
			"faces": {
				"north": {"uv": [7.625, 3.125, 7.8125, 3.25], "texture": "#4"},
				"east": {"uv": [3.75, 3.75, 6, 3.875], "texture": "#4"},
				"south": {"uv": [7.625, 3.25, 7.8125, 3.375], "texture": "#4"},
				"west": {"uv": [3.75, 3.875, 6, 4], "texture": "#4"},
				"up": {"uv": [1.1875, 2.75, 1, 0.5], "texture": "#0"},
				"down": {"uv": [1.4375, 0.5, 1.25, 2.75], "texture": "#4"}
			}
		},
		{
			"name": "bone8",
			"from": [7, 10.7, 12],
			"to": [7.4, 12.7, 12.4],
			"rotation": {"angle": 22.5, "axis": "z", "origin": [6.799, 12.375, 12.2]},
			"faces": {
				"north": {"uv": [7.625, 3.125, 7.8125, 3.25], "texture": "#4"},
				"east": {"uv": [3.75, 3.75, 6, 3.875], "texture": "#4"},
				"south": {"uv": [7.625, 3.25, 7.8125, 3.375], "texture": "#4"},
				"west": {"uv": [3.75, 3.875, 6, 4], "texture": "#4"},
				"up": {"uv": [1.1875, 2.75, 1, 0.5], "texture": "#0"},
				"down": {"uv": [1.4375, 0.5, 1.25, 2.75], "texture": "#4"}
			}
		},
		{
			"name": "bone9",
			"from": [6.3, 11.7, 11.8],
			"to": [7.1, 12.5, 12.6],
			"rotation": {"angle": 22.5, "axis": "z", "origin": [5.799, 13.375, 12.2]},
			"faces": {
				"north": {"uv": [7.625, 3.125, 7.8125, 3.25], "texture": "#4"},
				"east": {"uv": [3.75, 3.75, 6, 3.875], "texture": "#4"},
				"south": {"uv": [7.625, 3.25, 7.8125, 3.375], "texture": "#4"},
				"west": {"uv": [3.75, 3.875, 6, 4], "texture": "#4"},
				"up": {"uv": [1.1875, 2.75, 1, 0.5], "texture": "#0"},
				"down": {"uv": [1.4375, 0.5, 1.25, 2.75], "texture": "#4"}
			}
		},
		{
			"name": "bone7",
			"from": [7.804, 9.9, 7],
			"to": [8.156, 11.027, 8.002],
			"rotation": {"angle": 0, "axis": "y", "origin": [8, 7, 22]},
			"faces": {
				"north": {"uv": [7.625, 3.125, 7.8125, 3.25], "texture": "#4"},
				"east": {"uv": [3.75, 3.75, 6, 3.875], "texture": "#4"},
				"south": {"uv": [7.625, 3.25, 7.8125, 3.375], "texture": "#4"},
				"west": {"uv": [3.75, 3.875, 6, 4], "texture": "#4"},
				"up": {"uv": [1.1875, 2.75, 1, 0.5], "texture": "#0"},
				"down": {"uv": [1.4375, 0.5, 1.25, 2.75], "texture": "#4"}
			}
		},
		{
			"name": "bone7",
			"from": [7.804, 9.9, -14.8],
			"to": [8.156, 11.35, -14.4],
			"rotation": {"angle": 0, "axis": "y", "origin": [8, 7, 0]},
			"faces": {
				"north": {"uv": [7.625, 3.125, 7.8125, 3.25], "texture": "#4"},
				"east": {"uv": [3.75, 3.75, 6, 3.875], "texture": "#4"},
				"south": {"uv": [7.625, 3.25, 7.8125, 3.375], "texture": "#4"},
				"west": {"uv": [3.75, 3.875, 6, 4], "texture": "#4"},
				"up": {"uv": [1.1875, 2.75, 1, 0.5], "texture": "#0"},
				"down": {"uv": [1.4375, 0.5, 1.25, 2.75], "texture": "#4"}
			}
		},
		{
			"name": "bone6",
			"from": [7.751, 8.3, -16],
			"to": [8.051, 8.6, -3.2],
			"rotation": {"angle": 0, "axis": "y", "origin": [8, 6, 14]},
			"faces": {
				"north": {"uv": [7.625, 3.125, 7.8125, 3.25], "texture": "#4"},
				"east": {"uv": [3.75, 3.75, 6, 3.875], "texture": "#4"},
				"south": {"uv": [7.625, 3.25, 7.8125, 3.375], "texture": "#4"},
				"west": {"uv": [3.75, 3.875, 6, 4], "texture": "#4"},
				"up": {"uv": [1.1875, 2.75, 1, 0.5], "texture": "#0"},
				"down": {"uv": [1.4375, 0.5, 1.25, 2.75], "texture": "#4"}
			}
		},
		{
			"name": "bone7",
			"from": [7.65, 8.3, -16],
			"to": [8.15, 8.8, -15.8],
			"rotation": {"angle": 0, "axis": "y", "origin": [8, 6, 13]},
			"faces": {
				"north": {"uv": [7.625, 3.125, 7.8125, 3.25], "texture": "#4"},
				"east": {"uv": [3.75, 3.75, 6, 3.875], "texture": "#4"},
				"south": {"uv": [7.625, 3.25, 7.8125, 3.375], "texture": "#4"},
				"west": {"uv": [3.75, 3.875, 6, 4], "texture": "#4"},
				"up": {"uv": [1.1875, 2.75, 1, 0.5], "texture": "#0"},
				"down": {"uv": [1.4375, 0.5, 1.25, 2.75], "texture": "#4"}
			}
		}
	],
	"display": {
		"thirdperson_righthand": {
			"translation": [0, -1, 0],
			"scale": [1, 0.69, 0.77]
		},
		"gui": {
			"rotation": [0, 90, 0]
		},
		"fixed": {
			"rotation": [0, 90, 0]
		}
	},
	"groups": [
		{
			"name": "root",
			"origin": [8, 7, 14.5],
			"color": 0,
			"children": [
				{
					"name": "right",
					"origin": [13, 7, 16],
					"color": 1,
					"children": [
						{
							"name": "fk15",
							"origin": [8, 0, 8],
							"color": 2,
							"children": [
								{
									"name": "qiangshen",
									"origin": [8, 0, 8],
									"color": 0,
									"children": [0, 1, 2, 3, 4, 5, 6, 7, 8, 9, 10, 11, 12, 13, 14, 15, 16, 17, 18, 19, 20, 21, 22, 23]
								},
								{
									"name": "bone4",
									"origin": [8, 0, 8],
									"color": 6,
									"children": [24, 25, 26, 27, 28, 29, 30, 31, 32, 33, 34, 35]
								},
								{
									"name": "tt",
									"origin": [7.96875, 8.59375, -31.9375],
									"color": 3,
									"children": [36, 37]
								}
							]
						}
					]
				}
			]
		}
	]
}