{
	"credit": "Made with Blockbench",
	"texture_size": [64, 64],
	"textures": {
		"0": "block/color/grayglass",
		"2": "block/color/greenmetal_five",
		"3": "block/color/bronze",
		"5": "block/color/asval",
		"particle": "block/color/grayglass"
	},
	"elements": [
		{
			"from": [7.4, 18.5, 26.5],
			"to": [12.4, 25.5, 26.7],
			"rotation": {"angle": 0, "axis": "y", "origin": [10.35, 22, 27]},
			"faces": {
				"north": {"uv": [3.75, 2.75, 4, 4.5], "texture": "#0"},
				"east": {"uv": [4, 2, 4.25, 3.75], "texture": "#0"},
				"south": {"uv": [4, 3.75, 4.25, 5.5], "texture": "#0"},
				"west": {"uv": [3.5, 2.75, 3.75, 4.5], "texture": "#0"},
				"up": {"uv": [3.5, 4.5, 3.25, 4.25], "rotation": 270, "texture": "#0"},
				"down": {"uv": [4, 4.5, 3.75, 4.75], "rotation": 90, "texture": "#0"}
			}
		},
		{
			"from": [12.25, 18.5, 26.5],
			"to": [12.45, 25.5, 31.5],
			"rotation": {"angle": 0, "axis": "x", "origin": [12.75, 19, 24]},
			"faces": {
				"north": {"uv": [3.5, 2.75, 3.75, 4.5], "texture": "#0"},
				"east": {"uv": [3.75, 2.75, 4, 4.5], "texture": "#0"},
				"south": {"uv": [4, 2, 4.25, 3.75], "texture": "#0"},
				"west": {"uv": [4, 3.75, 4.25, 5.5], "texture": "#0"},
				"up": {"uv": [3.5, 4.5, 3.25, 4.25], "texture": "#0"},
				"down": {"uv": [4, 4.5, 3.75, 4.75], "texture": "#0"}
			}
		},
		{
			"from": [7.25, 18.5, 26.5],
			"to": [7.45, 25.5, 31.5],
			"rotation": {"angle": 0, "axis": "x", "origin": [7.75, 19, 24]},
			"faces": {
				"north": {"uv": [3.5, 2.75, 3.75, 4.5], "texture": "#0"},
				"east": {"uv": [3.75, 2.75, 4, 4.5], "texture": "#0"},
				"south": {"uv": [4, 2, 4.25, 3.75], "texture": "#0"},
				"west": {"uv": [4, 3.75, 4.25, 5.5], "texture": "#0"},
				"up": {"uv": [3.5, 4.5, 3.25, 4.25], "texture": "#0"},
				"down": {"uv": [4, 4.5, 3.75, 4.75], "texture": "#0"}
			}
		},
		{
			"from": [7.4, 18.5, 31.5],
			"to": [12.4, 25.5, 31.7],
			"rotation": {"angle": 0, "axis": "y", "origin": [10.35, 22, 31]},
			"faces": {
				"north": {"uv": [3.75, 2.75, 4, 4.5], "texture": "#0"},
				"east": {"uv": [4, 2, 4.25, 3.75], "texture": "#0"},
				"south": {"uv": [4, 3.75, 4.25, 5.5], "texture": "#0"},
				"west": {"uv": [3.5, 2.75, 3.75, 4.5], "texture": "#0"},
				"up": {"uv": [3.5, 4.5, 3.25, 4.25], "rotation": 270, "texture": "#0"},
				"down": {"uv": [4, 4.5, 3.75, 4.75], "rotation": 90, "texture": "#0"}
			}
		},
		{
			"from": [7.4, 25.5, 26.5],
			"to": [12.4, 25.8, 31.7],
			"rotation": {"angle": 0, "axis": "x", "origin": [10.35, 29, 31]},
			"faces": {
				"north": {"uv": [3.75, 2.75, 4, 4.5], "texture": "#3"},
				"east": {"uv": [4, 2, 4.25, 3.75], "texture": "#3"},
				"south": {"uv": [4, 3.75, 4.25, 5.5], "texture": "#3"},
				"west": {"uv": [3.5, 2.75, 3.75, 4.5], "texture": "#3"},
				"up": {"uv": [3.5, 4.5, 3.25, 4.25], "rotation": 270, "texture": "#3"},
				"down": {"uv": [4, 4.5, 3.75, 4.75], "rotation": 90, "texture": "#3"}
			}
		},
		{
			"from": [7.4, 18.2, 26.5],
			"to": [12.4, 18.5, 31.7],
			"rotation": {"angle": 0, "axis": "y", "origin": [10.35, 22, 31]},
			"faces": {
				"north": {"uv": [3.75, 2.75, 4, 4.5], "texture": "#3"},
				"east": {"uv": [4, 2, 4.25, 3.75], "texture": "#3"},
				"south": {"uv": [4, 3.75, 4.25, 5.5], "texture": "#3"},
				"west": {"uv": [3.5, 2.75, 3.75, 4.5], "texture": "#3"},
				"up": {"uv": [3.5, 4.5, 3.25, 4.25], "rotation": 270, "texture": "#3"},
				"down": {"uv": [4, 4.5, 3.75, 4.75], "rotation": 90, "texture": "#3"}
			}
		},
		{
			"from": [9.25, 11.5, 28.5],
			"to": [10.25, 18.5, 29.5],
			"rotation": {"angle": 0, "axis": "x", "origin": [9.75, 12, 22]},
			"faces": {
				"north": {"uv": [3.5, 2.75, 3.75, 4.5], "texture": "#3"},
				"east": {"uv": [3.75, 2.75, 4, 4.5], "texture": "#3"},
				"south": {"uv": [4, 2, 4.25, 3.75], "texture": "#3"},
				"west": {"uv": [4, 3.75, 4.25, 5.5], "texture": "#3"},
				"up": {"uv": [3.5, 4.5, 3.25, 4.25], "texture": "#3"},
				"down": {"uv": [4, 4.5, 3.75, 4.75], "texture": "#3"}
			}
		},
		{
			"from": [6.75, 10.75, 28],
			"to": [9.25, 13.25, 30],
			"rotation": {"angle": 0, "axis": "y", "origin": [7, 0, 0]},
			"faces": {
				"north": {"uv": [2.5, 4.25, 3.125, 4.875], "texture": "#3"},
				"east": {"uv": [1, 5, 1.5, 5.625], "texture": "#3"},
				"south": {"uv": [4.25, 2.5, 4.875, 3.125], "texture": "#3"},
				"west": {"uv": [5, 1, 5.5, 1.625], "texture": "#3"},
				"up": {"uv": [2.125, 5.5, 1.5, 5], "texture": "#3"},
				"down": {"uv": [5.625, 1.75, 5, 2.25], "texture": "#3"}
			}
		},
		{
			"from": [1.75, 11.75, -4.75],
			"to": [14.25, 12.25, -3.25],
			"rotation": {"angle": 0, "axis": "y", "origin": [7, 0, 0]},
			"faces": {
				"north": {"uv": [4.25, 3.25, 7.375, 3.375], "texture": "#3"},
				"east": {"uv": [5.5, 1, 5.875, 1.125], "texture": "#3"},
				"south": {"uv": [4.25, 3.5, 7.375, 3.625], "texture": "#3"},
				"west": {"uv": [5.5, 1.25, 5.875, 1.375], "texture": "#3"},
				"up": {"uv": [4.125, 1.375, 1, 1], "texture": "#3"},
				"down": {"uv": [4.125, 1.5, 1, 1.875], "texture": "#3"}
			}
		},
		{
			"from": [7.25, 13.5, -3.85],
			"to": [10.75, 14, -1.35],
			"rotation": {"angle": -22.5, "axis": "x", "origin": [9, 13.5, -2.6]},
			"faces": {
				"north": {"uv": [5, 4.75, 5.875, 4.875], "texture": "#3"},
				"east": {"uv": [3.25, 5.25, 3.875, 5.375], "texture": "#3"},
				"south": {"uv": [5.25, 5, 6.125, 5.125], "texture": "#3"},
				"west": {"uv": [5.25, 5.25, 5.875, 5.375], "texture": "#3"},
				"up": {"uv": [3.375, 3.375, 2.5, 2.75], "texture": "#3"},
				"down": {"uv": [3.375, 3.5, 2.5, 4.125], "texture": "#3"}
			}
		},
		{
			"from": [6.75, 10.75, -5],
			"to": [9.25, 13.25, -3],
			"rotation": {"angle": 0, "axis": "y", "origin": [7, 0, 0]},
			"faces": {
				"north": {"uv": [1.75, 4.25, 2.375, 4.875], "texture": "#3"},
				"east": {"uv": [4.25, 3.75, 4.75, 4.375], "texture": "#3"},
				"south": {"uv": [4.25, 1.75, 4.875, 2.375], "texture": "#3"},
				"west": {"uv": [3.25, 4.5, 3.75, 5.125], "texture": "#3"},
				"up": {"uv": [4.875, 5, 4.25, 4.5], "texture": "#3"},
				"down": {"uv": [5.375, 3.75, 4.75, 4.25], "texture": "#3"}
			}
		},
		{
			"from": [6.75, 10.75, -14],
			"to": [9.25, 13.25, -8],
			"rotation": {"angle": 0, "axis": "y", "origin": [7, 0, 0]},
			"faces": {
				"north": {"uv": [1, 4.25, 1.625, 4.875], "texture": "#3"},
				"east": {"uv": [1, 2, 2.5, 2.625], "texture": "#3"},
				"south": {"uv": [4.25, 1, 4.875, 1.625], "texture": "#3"},
				"west": {"uv": [2.5, 2, 4, 2.625], "texture": "#3"},
				"up": {"uv": [1.625, 4.25, 1, 2.75], "texture": "#3"},
				"down": {"uv": [2.375, 2.75, 1.75, 4.25], "texture": "#3"}
			}
		},
		{
			"from": [7.25, 11.25, -16],
			"to": [8.75, 12.75, -14],
			"rotation": {"angle": 0, "axis": "y", "origin": [7, 0, 0]},
			"faces": {
				"north": {"uv": [4.75, 5, 5.125, 5.375], "texture": "#2"},
				"east": {"uv": [2.75, 5, 3.25, 5.375], "texture": "#2"},
				"west": {"uv": [5, 2.75, 5.5, 3.125], "texture": "#2"},
				"up": {"uv": [4.625, 5.5, 4.25, 5], "texture": "#2"},
				"down": {"uv": [5.375, 4.25, 5, 4.75], "texture": "#2"}
			}
		},
		{
			"from": [7, 11, -8],
			"to": [9, 13, 32],
			"rotation": {"angle": 0, "axis": "y", "origin": [7, 0, 0]},
			"faces": {
				"north": {"uv": [2.25, 5, 2.75, 5.5], "texture": "#2"},
				"east": {"uv": [0, 0, 10, 0.5], "texture": "#2"},
				"south": {"uv": [5, 2.25, 5.5, 2.75], "texture": "#2"},
				"west": {"uv": [0, 0.5, 10, 1], "texture": "#2"},
				"up": {"uv": [0.5, 11, 0, 1], "texture": "#2"},
				"down": {"uv": [1, 1, 0.5, 11], "texture": "#2"}
			}
		},
		{
			"from": [7.6, 18.5, 26.8],
			"to": [12.2, 24.5, 31.4],
			"rotation": {"angle": 0, "axis": "x", "origin": [10.35, 23, 31]},
			"faces": {
				"north": {"uv": [5.75, 5.25, 4.75, 6.75], "texture": "#5"},
				"east": {"uv": [6.75, 5.25, 5.75, 6.75], "texture": "#5"},
				"south": {"uv": [7.75, 5.25, 6.75, 6.75], "texture": "#5"},
				"west": {"uv": [4.75, 5.25, 3.75, 6.75], "texture": "#5"},
				"up": {"uv": [4.75, 5.25, 5.75, 4.25], "texture": "#5"},
				"down": {"uv": [5.75, 4.25, 6.75, 5.25], "texture": "#5"}
			}
		}
	],
	"gui_light": "front",
	"display": {
		"thirdperson_righthand": {
			"rotation": [79, 0, 0],
			"translation": [0, 4.25, -4.25],
			"scale": [0.7, 0.7, 0.7]
		},
		"thirdperson_lefthand": {
			"rotation": [75, 0, 0],
			"translation": [0, 0, -3],
			"scale": [0.7, 0.7, 0.7]
		},
		"firstperson_righthand": {
			"translation": [0, -2, 0]
		},
		"firstperson_lefthand": {
			"translation": [0, -1.5, 1.75]
		},
		"ground": {
			"translation": [0, -1, 0],
			"scale": [0.7, 0.7, 0.7]
		},
		"gui": {
			"rotation": [0, 90, 0],
			"translation": [0, -3.5, 0]
		},
		"fixed": {
			"rotation": [0, 90, 0],
			"translation": [0, -5, 0]
		}
	},
	"groups": [
		{
			"name": "group",
			"origin": [13.35, 15, 29],
			"color": 0,
			"children": [0, 1, 2, 3]
		},
		{
			"name": "group",
			"origin": [15.75, 12, 22],
			"color": 0,
			"children": [4, 5, 6, 7, 8, 9, 10, 11]
		},
		{
			"name": "group",
			"origin": [8, 8, 8],
			"color": 0,
			"children": [12, 13]
		},
		14
	]
}