{
	"credit": "Made with Blockbench",
	"texture_size": [32, 32],
	"textures": {
		"0": "block/color/wood_four",
		"2": "block/color/bronze",
		"3": "block/color/lightgray",
		"particle": "block/color/wood_four"
	},
	"elements": [
		{
			"from": [7.2, 4.7, 16.34771],
			"to": [8.8, 9.2, 18.84771],
			"rotation": {"angle": -22.5, "axis": "x", "origin": [8, 9.4494, 17.49771]},
			"faces": {
				"north": {"uv": [0.5, 5, 1.25, 8.25], "texture": "#0"},
				"east": {"uv": [0, 0, 1.25, 3.25], "texture": "#0"},
				"south": {"uv": [1.5, 5, 2.25, 8.25], "texture": "#0"},
				"west": {"uv": [1.5, 0, 2.75, 3.25], "texture": "#0"},
				"up": {"uv": [10.75, 10.25, 10, 9], "texture": "#0"},
				"down": {"uv": [2.25, 10.5, 1.5, 11.75], "texture": "#0"}
			}
		},
		{
			"from": [7.2, 4.9, 17],
			"to": [8.8, 8.6, 19.5],
			"rotation": {"angle": 0, "axis": "x", "origin": [8, 9.4494, 17.49771]},
			"faces": {
				"north": {"uv": [0.5, 5, 1.25, 8.25], "texture": "#0"},
				"east": {"uv": [0, 0, 1.25, 3.25], "texture": "#0"},
				"south": {"uv": [1.5, 5, 2.25, 8.25], "texture": "#0"},
				"west": {"uv": [1.5, 0, 2.75, 3.25], "texture": "#0"},
				"up": {"uv": [10.75, 10.25, 10, 9], "texture": "#0"},
				"down": {"uv": [2.25, 10.5, 1.5, 11.75], "texture": "#0"}
			}
		},
		{
			"from": [7.15, 7.2494, 16.84771],
			"to": [8.85, 9.2494, 18.34771],
			"rotation": {"angle": -22.5, "axis": "x", "origin": [8, 9.4494, 17.49771]},
			"faces": {
				"north": {"uv": [10, 10.5, 10.75, 11.5], "texture": "#0"},
				"east": {"uv": [11, 0.5, 11.75, 1.5], "texture": "#0"},
				"south": {"uv": [11, 1.5, 11.75, 2.5], "texture": "#0"},
				"west": {"uv": [3.5, 11, 4.25, 12], "texture": "#0"},
				"up": {"uv": [6.25, 11.75, 5.5, 11], "texture": "#0"},
				"down": {"uv": [11.75, 5.5, 11, 6.25], "texture": "#0"}
			}
		},
		{
			"from": [7.175, 7.51998, 15.28406],
			"to": [8.825, 10.26998, 18.28406],
			"rotation": {"angle": 22.5, "axis": "x", "origin": [8, 8.26998, 17.53406]},
			"faces": {
				"north": {"uv": [9, 1.5, 9.75, 3], "texture": "#0"},
				"east": {"uv": [5, 2.5, 6.5, 4], "texture": "#0"},
				"south": {"uv": [9, 8.5, 9.75, 10], "texture": "#0"},
				"west": {"uv": [5, 4, 6.5, 5.5], "texture": "#0"},
				"up": {"uv": [4.25, 11, 3.5, 9.5], "texture": "#0"},
				"down": {"uv": [5.25, 9.5, 4.5, 11], "texture": "#0"}
			}
		},
		{
			"from": [7.175, 8, 13.58033],
			"to": [8.825, 10.75, 16.58033],
			"rotation": {"angle": 0, "axis": "x", "origin": [8, 10.13442, 15.08033]},
			"faces": {
				"north": {"uv": [9, 1.5, 9.75, 3], "texture": "#0"},
				"east": {"uv": [5, 2.5, 6.5, 4], "texture": "#0"},
				"south": {"uv": [9, 8.5, 9.75, 10], "texture": "#0"},
				"west": {"uv": [5, 4, 6.5, 5.5], "texture": "#0"},
				"up": {"uv": [4.25, 11, 3.5, 9.5], "texture": "#0"},
				"down": {"uv": [5.25, 9.5, 4.5, 11], "texture": "#0"}
			}
		},
		{
			"from": [7.75, 12, -2],
			"to": [8.25, 13.75, -1.5],
			"rotation": {"angle": -22.5, "axis": "x", "origin": [8, 12.375, -1.875]},
			"faces": {
				"north": {"uv": [12, 5, 12.25, 5.5], "texture": "#3"},
				"east": {"uv": [5.5, 12, 5.75, 12.5], "texture": "#3"},
				"south": {"uv": [12, 5.5, 12.25, 6], "texture": "#3"},
				"west": {"uv": [6, 12, 6.25, 12.5], "texture": "#3"},
				"down": {"uv": [12.25, 11.5, 12, 11.75], "texture": "#3"}
			}
		},
		{
			"from": [7.375, 10.5, 5.25],
			"to": [8.625, 11.75, 13.75],
			"rotation": {"angle": 22.5, "axis": "x", "origin": [8, 11.125, 8]},
			"faces": {
				"north": {"uv": [4.5, 11, 5.25, 11.75], "texture": "#3"},
				"east": {"uv": [6.5, 4.5, 9.25, 5.25], "texture": "#3"},
				"west": {"uv": [4, 7, 6.75, 7.75], "texture": "#3"},
				"up": {"uv": [7.75, 8.25, 7, 5.5], "texture": "#3"},
				"down": {"uv": [8.75, 1, 8, 3.75], "texture": "#3"}
			}
		},
		{
			"from": [7.375, 9.92597, 10.13582],
			"to": [8.625, 11.17597, 13.63582],
			"rotation": {"angle": 0, "axis": "x", "origin": [8, 10.55097, 9.38582]},
			"faces": {
				"north": {"uv": [4.5, 11, 5.25, 11.75], "texture": "#3"},
				"east": {"uv": [6.5, 4.5, 9.25, 5.25], "texture": "#3"},
				"west": {"uv": [4, 7, 6.75, 7.75], "texture": "#3"},
				"up": {"uv": [7.75, 8.25, 7, 5.5], "texture": "#3"},
				"down": {"uv": [8.75, 1, 8, 3.75], "texture": "#3"}
			}
		},
		{
			"from": [7.375, 9.1, 11.13582],
			"to": [8.625, 11.1, 14.13582],
			"rotation": {"angle": 0, "axis": "x", "origin": [8, 10.55097, 10.38582]},
			"faces": {
				"north": {"uv": [8, 7, 8.5, 8], "texture": "#3"},
				"east": {"uv": [6.5, 7, 8, 8], "texture": "#3"},
				"south": {"uv": [10, 7, 10.5, 8], "texture": "#3"},
				"west": {"uv": [8.5, 7, 10, 8], "texture": "#3"},
				"up": {"uv": [8.5, 7, 8, 5.5], "texture": "#3"},
				"down": {"uv": [9, 5.5, 8.5, 7], "texture": "#3"}
			}
		},
		{
			"from": [7.375, 10.6, 11.13582],
			"to": [8.625, 11, 16.13582],
			"rotation": {"angle": 0, "axis": "x", "origin": [8, 10.55097, 10.38582]},
			"faces": {
				"north": {"uv": [8, 7, 8.5, 7], "texture": "#3"},
				"east": {"uv": [5.5, 7, 8, 7], "texture": "#3"},
				"south": {"uv": [11, 7, 11.5, 7], "texture": "#3"},
				"west": {"uv": [8.5, 7, 11, 7], "texture": "#3"},
				"up": {"uv": [8.5, 7, 8, 4.5], "texture": "#3"},
				"down": {"uv": [9, 4.5, 8.5, 7], "texture": "#3"}
			}
		},
		{
			"from": [7.275, 10.875, 5.75],
			"to": [8.725, 13.875, 8.75],
			"rotation": {"angle": 0, "axis": "y", "origin": [8.125, 2.13372, -2]},
			"faces": {
				"north": {"uv": [2.5, 10.5, 3.25, 11.5], "texture": "#3"},
				"east": {"uv": [10, 8, 11, 9], "texture": "#3"},
				"south": {"uv": [10.5, 3, 11.25, 4], "texture": "#3"},
				"west": {"uv": [9, 10, 10, 11], "texture": "#3"},
				"up": {"uv": [11.25, 5.5, 10.5, 4.5], "texture": "#3"},
				"down": {"uv": [7.25, 10.5, 6.5, 11.5], "texture": "#3"}
			}
		},
		{
			"from": [7.375, 11, 4.5],
			"to": [8.625, 13.2, 6.5],
			"rotation": {"angle": -45, "axis": "x", "origin": [8, 12.375, 5.25]},
			"faces": {
				"north": {"uv": [2.5, 10.5, 3.25, 11.5], "texture": "#3"},
				"east": {"uv": [10, 8, 11, 9], "texture": "#3"},
				"south": {"uv": [10.5, 3, 11.25, 4], "texture": "#3"},
				"west": {"uv": [9, 10, 10, 11], "texture": "#3"},
				"up": {"uv": [11.25, 5.5, 10.5, 4.5], "texture": "#3"},
				"down": {"uv": [7.25, 10.5, 6.5, 11.5], "texture": "#3"}
			}
		},
		{
			"from": [7.275, 11, 5.5],
			"to": [8.725, 13.2, 6.5],
			"rotation": {"angle": -45, "axis": "x", "origin": [8, 12.375, 5.25]},
			"faces": {
				"north": {"uv": [2.5, 10.5, 3.25, 11.5], "texture": "#3"},
				"east": {"uv": [10, 8, 11, 9], "texture": "#3"},
				"south": {"uv": [10.5, 3, 11.25, 4], "texture": "#3"},
				"west": {"uv": [9, 10, 10, 11], "texture": "#3"},
				"up": {"uv": [11.25, 5.5, 10.5, 4.5], "texture": "#3"},
				"down": {"uv": [7.25, 10.5, 6.5, 11.5], "texture": "#3"}
			}
		},
		{
			"from": [7.375, 12.85, -3.775],
			"to": [8.625, 13.85, 6.625],
			"rotation": {"angle": 0, "axis": "y", "origin": [8, 12.375, 5.25]},
			"faces": {
				"north": {"uv": [15, 9, 15.5, 9.5], "rotation": 180, "texture": "#3"},
				"east": {"uv": [10, 9, 15, 9.5], "rotation": 90, "texture": "#3"},
				"south": {"uv": [20.5, 9, 21, 9.5], "texture": "#3"},
				"west": {"uv": [15.5, 9, 20.5, 9.5], "rotation": 270, "texture": "#3"},
				"up": {"uv": [15.5, 9, 15, 4], "texture": "#3"},
				"down": {"uv": [16, 4, 15.5, 9], "rotation": 180, "texture": "#3"}
			}
		},
		{
			"from": [7.625, 10.75, 7.5],
			"to": [8.375, 12, 8.25],
			"rotation": {"angle": 0, "axis": "y", "origin": [8.125, 2.13372, -2]},
			"faces": {
				"north": {"uv": [3.5, 8.5, 4, 9.25], "texture": "#3"},
				"east": {"uv": [8, 11, 8.5, 11.75], "texture": "#3"},
				"south": {"uv": [8.5, 11, 9, 11.75], "texture": "#3"},
				"west": {"uv": [11, 8.5, 11.5, 9.25], "texture": "#3"}
			}
		},
		{
			"from": [7.75, 12.89937, 13.8],
			"to": [8.25, 13.89937, 14.3],
			"rotation": {"angle": 22.5, "axis": "x", "origin": [8, 13.64937, 14.67398]},
			"faces": {
				"north": {"uv": [12.25, 7.5, 12, 7], "rotation": 180, "texture": "#3"},
				"east": {"uv": [12, 6, 12.5, 6.25], "rotation": 90, "texture": "#3"},
				"south": {"uv": [7.75, 12, 7.5, 12.5], "texture": "#3"},
				"west": {"uv": [12, 6.5, 12.5, 6.75], "rotation": 270, "texture": "#3"},
				"up": {"uv": [12, 12, 12.25, 12.25], "texture": "#3"}
			}
		},
		{
			"from": [7.75, 12, -1.75],
			"to": [8.25, 12.5, 13.25],
			"rotation": {"angle": 0, "axis": "y", "origin": [-5.5, 2, -2]},
			"faces": {
				"north": {"uv": [15.5, 16, 15.5, 16], "texture": "#3"},
				"east": {"uv": [8, 16, 15.5, 16], "texture": "#3"},
				"south": {"uv": [23, 16, 23, 16], "texture": "#3"},
				"west": {"uv": [15.5, 16, 23, 16], "texture": "#3"},
				"up": {"uv": [15.5, 16, 15.5, 8.5], "texture": "#3"},
				"down": {"uv": [15.5, 8.5, 15.5, 16], "texture": "#3"}
			}
		},
		{
			"from": [7.875, 13.75, -0.5],
			"to": [8.125, 14.2, 0],
			"rotation": {"angle": 0, "axis": "y", "origin": [-1.375, 2, -2]},
			"faces": {
				"north": {"uv": [12.5, 1.5, 12.75, 1.75], "texture": "#3"},
				"east": {"uv": [12.5, 2, 12.75, 2.25], "texture": "#3"},
				"south": {"uv": [12.5, 2.5, 12.75, 2.75], "texture": "#3"},
				"west": {"uv": [4.5, 12.5, 4.75, 12.75], "texture": "#3"},
				"up": {"uv": [5.25, 12.75, 5, 12.5], "texture": "#3"}
			}
		},
		{
			"from": [7.34375, 10.93125, 8.805],
			"to": [8.65625, 13.81875, 12.48],
			"rotation": {"angle": 0, "axis": "z", "origin": [8, 11.875, 10.38]},
			"faces": {
				"north": {"uv": [9.5, 4.5, 10.25, 6], "texture": "#3"},
				"east": {"uv": [0.5, 3.5, 2.25, 5], "texture": "#3"},
				"south": {"uv": [5.5, 9.5, 6.25, 11], "texture": "#3"},
				"west": {"uv": [3.5, 1, 5.25, 2.5], "texture": "#3"},
				"up": {"uv": [2.25, 10.25, 1.5, 8.5], "texture": "#3"},
				"down": {"uv": [3.25, 8.5, 2.5, 10.25], "texture": "#3"}
			}
		},
		{
			"from": [6.55625, 11.71875, 8.805],
			"to": [9.44375, 13.03125, 12.48],
			"rotation": {"angle": 0, "axis": "z", "origin": [8, 11.875, 10.38]},
			"faces": {
				"north": {"uv": [9, 3, 10.5, 3.75], "texture": "#3"},
				"east": {"uv": [7, 8.5, 8.75, 9.25], "texture": "#3"},
				"south": {"uv": [9.5, 6, 11, 6.75], "texture": "#3"},
				"west": {"uv": [9, 0.5, 10.75, 1.25], "texture": "#3"},
				"up": {"uv": [5, 4.25, 3.5, 2.5], "texture": "#3"},
				"down": {"uv": [5, 4.5, 3.5, 6.25], "texture": "#3"}
			}
		},
		{
			"from": [6.81875, 11.19375, 8.77875],
			"to": [9.18125, 13.55625, 12.50625],
			"rotation": {"angle": 0, "axis": "z", "origin": [8, 11.875, 10.38]},
			"faces": {
				"north": {"uv": [0.125, 14.375, 1.625, 15.875], "texture": "#3"},
				"east": {"uv": [5.5, 1, 7.25, 2.25], "texture": "#3"},
				"south": {"uv": [5.5, 8, 6.75, 9.25], "texture": "#3"},
				"west": {"uv": [5, 5.5, 6.75, 6.75], "texture": "#3"},
				"up": {"uv": [3.75, 8.25, 2.5, 6.5], "texture": "#3"},
				"down": {"uv": [7.75, 2.5, 6.5, 4.25], "texture": "#3"}
			}
		},
		{
			"from": [7.8, 13.85, 8],
			"to": [8.6, 13.95, 8.25],
			"rotation": {"angle": 0, "axis": "y", "origin": [-1, 2, -2]},
			"faces": {
				"north": {"uv": [12, 7.5, 12.5, 7.75], "texture": "#3"},
				"east": {"uv": [12.5, 0.5, 12.75, 0.75], "texture": "#3"},
				"south": {"uv": [8, 12, 8.5, 12.25], "texture": "#3"},
				"west": {"uv": [12.5, 1, 12.75, 1.25], "texture": "#3"},
				"up": {"uv": [12.5, 8.25, 12, 8], "texture": "#3"}
			}
		},
		{
			"from": [7.34375, 10.93125, 12.7425],
			"to": [8.65625, 13.81875, 13.2675],
			"rotation": {"angle": 0, "axis": "z", "origin": [8, 11.875, 10.38]},
			"faces": {
				"north": {"uv": [8, 9.5, 8.75, 11], "texture": "#3"},
				"east": {"uv": [11, 11, 11.25, 12.5], "texture": "#3"},
				"south": {"uv": [10, 1.5, 10.75, 3], "texture": "#3"},
				"west": {"uv": [2.5, 11.5, 2.75, 13], "texture": "#3"},
				"up": {"uv": [5.25, 12.25, 4.5, 12], "texture": "#3"},
				"down": {"uv": [12.75, 4.5, 12, 4.75], "texture": "#3"}
			}
		},
		{
			"from": [6.81875, 11.19375, 12.71625],
			"to": [9.18125, 13.55625, 13.29375],
			"rotation": {"angle": 0, "axis": "z", "origin": [8, 11.875, 10.38]},
			"faces": {
				"north": {"uv": [8, 5.5, 9.25, 6.75], "texture": "#3"},
				"east": {"uv": [3, 11.5, 3.25, 12.75], "texture": "#3"},
				"south": {"uv": [8, 7, 9.25, 8.25], "texture": "#3"},
				"west": {"uv": [6.5, 11.5, 6.75, 12.75], "texture": "#3"},
				"up": {"uv": [12.75, 3.25, 11.5, 3], "texture": "#3"},
				"down": {"uv": [12.75, 3.5, 11.5, 3.75], "texture": "#3"}
			}
		},
		{
			"from": [6.55625, 11.71875, 12.7425],
			"to": [9.44375, 13.03125, 13.2675],
			"rotation": {"angle": 0, "axis": "z", "origin": [8, 11.875, 10.38]},
			"faces": {
				"north": {"uv": [6.5, 9.5, 8, 10.25], "texture": "#3"},
				"east": {"uv": [3.5, 12, 3.75, 12.75], "texture": "#3"},
				"south": {"uv": [9.5, 7, 11, 7.75], "texture": "#3"},
				"west": {"uv": [4, 12, 4.25, 12.75], "texture": "#3"},
				"up": {"uv": [12.5, 10.25, 11, 10], "texture": "#3"},
				"down": {"uv": [12.5, 10.5, 11, 10.75], "texture": "#3"}
			}
		},
		{
			"from": [7.625, 10.89937, 13.42398],
			"to": [8.375, 13.39937, 14.17398],
			"rotation": {"angle": 0, "axis": "x", "origin": [7.95, 12.24937, 13.87398]},
			"faces": {
				"north": {"uv": [7.5, 1, 8, 2.25], "texture": "#3"},
				"east": {"uv": [0, 9, 0.5, 10.25], "texture": "#3"},
				"south": {"uv": [0, 10.5, 0.5, 11.75], "texture": "#3"},
				"west": {"uv": [7.5, 10.5, 8, 11.75], "texture": "#3"},
				"up": {"uv": [5, 7, 4.5, 6.5], "texture": "#3"}
			}
		},
		{
			"from": [8.144, 13.85, 8],
			"to": [8.544, 14.15, 8.25],
			"rotation": {"angle": 0, "axis": "y", "origin": [17, 2, -2]},
			"faces": {
				"north": {"uv": [12.5, 7.5, 12, 7.75], "texture": "#3"},
				"east": {"uv": [12.75, 1, 12.5, 1.25], "texture": "#3"},
				"south": {"uv": [8.5, 12, 8, 12.25], "texture": "#3"},
				"west": {"uv": [12.75, 0.5, 12.5, 0.75], "texture": "#3"},
				"up": {"uv": [12, 8.25, 12.5, 8], "texture": "#3"}
			}
		},
		{
			"from": [7.4, 13.85, 8],
			"to": [8.2, 13.95, 8.25],
			"rotation": {"angle": 0, "axis": "y", "origin": [17, 2, -2]},
			"faces": {
				"north": {"uv": [12.5, 7.5, 12, 7.75], "texture": "#3"},
				"east": {"uv": [12.75, 1, 12.5, 1.25], "texture": "#3"},
				"south": {"uv": [8.5, 12, 8, 12.25], "texture": "#3"},
				"west": {"uv": [12.75, 0.5, 12.5, 0.75], "texture": "#3"},
				"up": {"uv": [12, 8.25, 12.5, 8], "texture": "#3"}
			}
		},
		{
			"from": [7.456, 13.85, 8],
			"to": [7.856, 14.15, 8.25],
			"rotation": {"angle": 0, "axis": "y", "origin": [-1, 2, -2]},
			"faces": {
				"north": {"uv": [12, 7.5, 12.5, 7.75], "texture": "#3"},
				"east": {"uv": [12.5, 0.5, 12.75, 0.75], "texture": "#3"},
				"south": {"uv": [8, 12, 8.5, 12.25], "texture": "#3"},
				"west": {"uv": [12.5, 1, 12.75, 1.25], "texture": "#3"},
				"up": {"uv": [12.5, 8.25, 12, 8], "texture": "#3"}
			}
		},
		{
			"from": [7.65, 7.87273, 12.683],
			"to": [8.35, 9.37273, 13.183],
			"rotation": {"angle": 22.5, "axis": "x", "origin": [8, 8.27273, 12.833]},
			"faces": {
				"north": {"uv": [10, 11.5, 10.25, 12.25], "texture": "#2"},
				"east": {"uv": [10.5, 11.5, 10.75, 12.25], "texture": "#2"},
				"south": {"uv": [11.5, 11, 11.75, 11.75], "texture": "#2"},
				"west": {"uv": [0, 12, 0.25, 12.75], "texture": "#2"}
			}
		},
		{
			"from": [7.75, 8.5, 11.25],
			"to": [8.25, 9.5, 11.75],
			"rotation": {"angle": 0, "axis": "y", "origin": [-1.25, 2, -2]},
			"faces": {
				"north": {"uv": [12, 8.5, 12.25, 9], "texture": "#2"},
				"east": {"uv": [9, 12, 9.25, 12.5], "texture": "#2"},
				"south": {"uv": [12, 9, 12.25, 9.5], "texture": "#2"},
				"west": {"uv": [9.5, 12, 9.75, 12.5], "texture": "#2"},
				"down": {"uv": [12.75, 5, 12.5, 5.25], "texture": "#2"}
			}
		},
		{
			"from": [7.625, 7.5, 10],
			"to": [8.375, 8, 13],
			"rotation": {"angle": 0, "axis": "y", "origin": [-1.125, 2, -2]},
			"faces": {
				"north": {"uv": [12, 11, 12.5, 11.25], "texture": "#2"},
				"east": {"uv": [11, 2.5, 12.5, 2.75], "texture": "#2"},
				"south": {"uv": [11.5, 12, 12, 12.25], "texture": "#2"},
				"west": {"uv": [11, 9.5, 12.5, 9.75], "texture": "#2"},
				"up": {"uv": [3, 5, 2.5, 3.5], "texture": "#2"},
				"down": {"uv": [3, 5, 2.5, 6.5], "texture": "#2"}
			}
		},
		{
			"from": [7.625, 8, 9.75],
			"to": [8.375, 10.5, 10.25],
			"rotation": {"angle": 0, "axis": "y", "origin": [-1.125, 2, -2]},
			"faces": {
				"north": {"uv": [9, 11, 9.5, 11.75], "texture": "#2"},
				"east": {"uv": [7, 11.5, 7.25, 12.25], "texture": "#2"},
				"south": {"uv": [9.5, 11, 10, 11.75], "texture": "#2"},
				"west": {"uv": [11.5, 8.5, 11.75, 9.25], "texture": "#2"},
				"down": {"uv": [9, 12, 8.5, 12.25], "texture": "#2"}
			}
		}
	],
	"gui_light": "front",
	"display": {
		"thirdperson_righthand": {
			"translation": [0, -0.9, -1.75],
			"scale": [0.6, 0.6, 0.6]
		},
		"firstperson_righthand": {
			"translation": [0.5, 0.5, -4.75]
		},
		"ground": {
			"translation": [0, 2.25, 0],
			"scale": [0.4, 0.4, 0.4]
		},
		"gui": {
			"rotation": [0, 90, 0],
			"translation": [0, -1.75, 0]
		},
		"fixed": {
			"rotation": [0, 90, 0],
			"translation": [-0.75, -2, -1.25],
			"scale": [0.95, 0.95, 0.95]
		}
	},
	"groups": [
		{
			"name": "group",
			"origin": [8, 8, 8],
			"color": 0,
			"children": [
				{
					"name": "qiangshen",
					"origin": [8, 10.4494, 14.49771],
					"color": 0,
					"children": [0, 1, 2, 3, 4]
				},
				{
					"name": "jinshu",
					"origin": [8, 10.4494, 14.49771],
					"color": 0,
					"children": [5, 6, 7, 8, 9, 10, 11, 12, 13, 14, 15, 16, 17, 18, 19, 20, 21, 22, 23, 24, 25, 26, 27, 28]
				}
			]
		},
		{
			"name": "huquan",
			"origin": [-1.125, 2, -2],
			"color": 0,
			"children": [29, 30, 31, 32]
		}
	]
}