{
	"credit": "Made with Blockbench",
	"textures": {
		"0": "block/color/wood_three",
		"1": "block/color/gray_two",
		"2": "block/color/graymedium_two",
		"particle": "block/color/wood_three"
	},
	"elements": [
		{
			"from": [7.0375, 2.80026, 21.22487],
			"to": [8.9625, 7.55026, 23.72487],
			"rotation": {"angle": 0, "axis": "y", "origin": [9.0875, 2.80026, 15.72487]},
			"faces": {
				"north": {"uv": [7.5, 9.5, 8.5, 11.5], "texture": "#0"},
				"east": {"uv": [8.5, 6.5, 9.75, 8.5], "texture": "#0"},
				"south": {"uv": [10, 2, 11, 4], "texture": "#0"},
				"west": {"uv": [8.5, 8.5, 9.75, 10.5], "texture": "#0"},
				"up": {"uv": [10.5, 11.75, 9.5, 10.5], "texture": "#0"},
				"down": {"uv": [11.5, 10.5, 10.5, 11.75], "texture": "#0"}
			}
		},
		{
			"from": [7.0375, 3.80026, 15.47487],
			"to": [8.9625, 7.55026, 21.22487],
			"rotation": {"angle": 0, "axis": "y", "origin": [8.0875, 2.80026, 15.72487]},
			"faces": {
				"north": {"uv": [2.5, 10.5, 3.5, 12.25], "texture": "#0"},
				"east": {"uv": [0, 0, 3, 1.75], "texture": "#0"},
				"south": {"uv": [3.5, 10.5, 4.5, 12.25], "texture": "#0"},
				"west": {"uv": [0, 2, 3, 3.75], "texture": "#0"},
				"up": {"uv": [6.5, 9.5, 5.5, 6.5], "texture": "#0"},
				"down": {"uv": [7.5, 6.5, 6.5, 9.5], "texture": "#0"}
			}
		},
		{
			"from": [7, 6.5, -2],
			"to": [9, 8, 7],
			"rotation": {"angle": 0, "axis": "y", "origin": [7.5, 0, 18.5]},
			"faces": {
				"north": {"uv": [11, 9.5, 12, 10.25], "texture": "#0"},
				"east": {"uv": [5.5, 2.5, 10, 3.25], "texture": "#0"},
				"south": {"uv": [0, 11.5, 1, 12.25], "texture": "#0"},
				"west": {"uv": [5.5, 3.5, 10, 4.25], "texture": "#0"},
				"up": {"uv": [4, 4.5, 3, 0], "texture": "#0"},
				"down": {"uv": [1, 4, 0, 8.5], "texture": "#0"}
			}
		},
		{
			"from": [7, 3.62596, 15.78966],
			"to": [9, 4.87596, 23.78966],
			"rotation": {"angle": 22.5, "axis": "x", "origin": [8, 4.00096, 18.53966]},
			"faces": {
				"north": {"uv": [11.5, 1, 12.5, 1.75], "texture": "#0"},
				"east": {"uv": [7.5, 4.5, 11.5, 5.25], "texture": "#0"},
				"south": {"uv": [11.5, 4, 12.5, 4.75], "texture": "#0"},
				"west": {"uv": [7.5, 5.5, 11.5, 6.25], "texture": "#0"},
				"up": {"uv": [2.5, 8, 1.5, 4], "texture": "#0"},
				"down": {"uv": [5.5, 1, 4.5, 5], "texture": "#0"}
			}
		},
		{
			"from": [7.025, 3.39645, 11.5],
			"to": [8.975, 8.64645, 13.25],
			"shade": false,
			"rotation": {"angle": -45, "axis": "x", "origin": [7.975, 8.39645, 13]},
			"faces": {
				"north": {"uv": [2.5, 7.5, 3.5, 10.25], "texture": "#0"},
				"east": {"uv": [7.5, 6.5, 8.5, 9.25], "texture": "#0"},
				"south": {"uv": [1.5, 8, 2.5, 10.75], "texture": "#0"},
				"west": {"uv": [0, 8.5, 1, 11.25], "texture": "#0"},
				"up": {"uv": [12, 3, 11, 2], "texture": "#0"},
				"down": {"uv": [12, 3, 11, 4], "texture": "#0"}
			}
		},
		{
			"from": [7.0125, 5.59195, 13.82735],
			"to": [8.9875, 7.55195, 17.82735],
			"rotation": {"angle": 0, "axis": "y", "origin": [8.6125, 5.59195, 14.82735]},
			"faces": {
				"north": {"uv": [10.5, 1, 11.5, 2], "texture": "#0"},
				"east": {"uv": [8.5, 1, 10.5, 2], "texture": "#0"},
				"south": {"uv": [1.5, 11, 2.5, 12], "texture": "#0"},
				"west": {"uv": [3.5, 9.5, 5.5, 10.5], "texture": "#0"},
				"up": {"uv": [6.5, 11.5, 5.5, 9.5], "texture": "#0"},
				"down": {"uv": [7.5, 9.5, 6.5, 11.5], "texture": "#0"}
			}
		},
		{
			"from": [7.75, 6.75, -4],
			"to": [8.25, 7.25, -2],
			"rotation": {"angle": 0, "axis": "y", "origin": [7.5, 0, 18.5]},
			"faces": {
				"north": {"uv": [10.5, 12, 10.75, 12.25], "texture": "#2"},
				"east": {"uv": [10, 4, 11, 4.25], "texture": "#2"},
				"south": {"uv": [12, 10.5, 12.25, 10.75], "texture": "#2"},
				"west": {"uv": [11.5, 6, 12.5, 6.25], "texture": "#2"},
				"up": {"uv": [11.75, 11.5, 11.5, 10.5], "texture": "#2"},
				"down": {"uv": [11.75, 11.5, 11.5, 12.5], "texture": "#2"}
			}
		},
		{
			"from": [7.5, 7.5, -9.5],
			"to": [8.5, 8.5, 7],
			"rotation": {"angle": 0, "axis": "y", "origin": [7.5, 0, 18.5]},
			"faces": {
				"north": {"uv": [0, 15, 1, 16], "texture": "#2"},
				"east": {"uv": [4, 0, 12.25, 0.5], "texture": "#2"},
				"south": {"uv": [7, 4.5, 7.5, 5], "texture": "#2"},
				"west": {"uv": [4, 0.5, 12.25, 1], "texture": "#2"},
				"up": {"uv": [1.5, 12.25, 1, 4], "texture": "#2"},
				"down": {"uv": [4.5, 1, 4, 9.25], "texture": "#2"}
			}
		},
		{
			"from": [7, 6.25, 7],
			"to": [9, 8.75, 13],
			"rotation": {"angle": 0, "axis": "y", "origin": [7.5, 0, 18.5]},
			"faces": {
				"north": {"uv": [4.5, 10.5, 5.5, 11.75], "texture": "#2"},
				"east": {"uv": [4.5, 5, 7.5, 6.25], "texture": "#2"},
				"south": {"uv": [8.5, 10.5, 9.5, 11.75], "texture": "#2"},
				"west": {"uv": [5.5, 1, 8.5, 2.25], "texture": "#2"},
				"up": {"uv": [3.5, 7.5, 2.5, 4.5], "texture": "#2"},
				"down": {"uv": [5.5, 6.5, 4.5, 9.5], "texture": "#2"}
			}
		},
		{
			"from": [7.5, 2.25, 8],
			"to": [8.5, 6.25, 10],
			"rotation": {"angle": 0, "axis": "y", "origin": [7.5, 0, 18.5]},
			"faces": {
				"north": {"uv": [3.5, 4.5, 4, 6.5], "texture": "#2"},
				"east": {"uv": [10, 6.5, 11, 8.5], "texture": "#2"},
				"south": {"uv": [3.5, 6.5, 4, 8.5], "texture": "#2"},
				"west": {"uv": [10, 8.5, 11, 10.5], "texture": "#2"},
				"up": {"uv": [4, 9.5, 3.5, 8.5], "texture": "#2"},
				"down": {"uv": [12, 5, 11.5, 6], "texture": "#2"}
			}
		},
		{
			"from": [7.5, 3.25, 1],
			"to": [8.5, 7.25, 3],
			"rotation": {"angle": -22.5, "axis": "x", "origin": [8, 5.25, 2]},
			"faces": {
				"north": {"uv": [12, 10.5, 13, 14.5], "texture": "#0"},
				"east": {"uv": [10, 10.5, 12, 14.5], "texture": "#0"},
				"south": {"uv": [15, 10.5, 16, 14.5], "texture": "#0"},
				"west": {"uv": [13, 10.5, 15, 14.5], "texture": "#0"},
				"up": {"uv": [13, 10.5, 12, 8.5], "texture": "#0"},
				"down": {"uv": [14, 8.5, 13, 10.5], "texture": "#0"}
			}
		},
		{
			"from": [7.25, 6.5, -2.5],
			"to": [8.75, 8.75, -2],
			"rotation": {"angle": 0, "axis": "y", "origin": [7.5, 0, 18.5]},
			"faces": {
				"north": {"uv": [11, 6.5, 11.75, 7.75], "texture": "#2"},
				"east": {"uv": [6.5, 11.5, 6.75, 12.75], "texture": "#2"},
				"south": {"uv": [11, 8, 11.75, 9.25], "texture": "#2"},
				"west": {"uv": [7, 11.5, 7.25, 12.75], "texture": "#2"},
				"up": {"uv": [12.75, 3.75, 12, 3.5], "texture": "#2"},
				"down": {"uv": [5.25, 12, 4.5, 12.25], "texture": "#2"}
			}
		},
		{
			"from": [7.625, 7.1, -7.25],
			"to": [8.375, 7.6, -6.75],
			"rotation": {"angle": 0, "axis": "y", "origin": [7.125, 0, 0]},
			"faces": {
				"north": {"uv": [0.5, 0, 0.5, 0], "texture": "#2"},
				"east": {"uv": [0.5, 0, 0.5, 0], "texture": "#2"},
				"south": {"uv": [0.5, 0, 0.5, 0], "texture": "#2"},
				"west": {"uv": [0.5, 0, 0.5, 0], "texture": "#2"},
				"up": {"uv": [0.5, 0, 0.5, 0], "texture": "#2"},
				"down": {"uv": [0.5, 0, 0.5, 0], "texture": "#2"}
			}
		},
		{
			"from": [7.5, 5.25, 10],
			"to": [8.5, 6.25, 10.5],
			"rotation": {"angle": 0, "axis": "y", "origin": [7.5, 0, 18.5]},
			"faces": {
				"north": {"uv": [11, 4, 11.5, 4.5], "texture": "#1"},
				"east": {"uv": [12, 5, 12.25, 5.5], "texture": "#1"},
				"south": {"uv": [1.5, 12, 2, 12.5], "texture": "#1"},
				"west": {"uv": [12, 5.5, 12.25, 6], "texture": "#1"},
				"up": {"uv": [12.5, 6.75, 12, 6.5], "texture": "#1"},
				"down": {"uv": [12.5, 7, 12, 7.25], "texture": "#1"}
			}
		},
		{
			"from": [7.875, 8.5, -8.5],
			"to": [8.125, 9, -8],
			"rotation": {"angle": 0, "axis": "y", "origin": [7.625, 0, 18.5]},
			"faces": {
				"north": {"uv": [2.5, 12.5, 2.75, 12.75], "texture": "#1"},
				"east": {"uv": [3, 12.5, 3.25, 12.75], "texture": "#1"},
				"south": {"uv": [3.5, 12.5, 3.75, 12.75], "texture": "#1"},
				"west": {"uv": [4, 12.5, 4.25, 12.75], "texture": "#1"},
				"up": {"uv": [12.75, 4.25, 12.5, 4], "texture": "#1"},
				"down": {"uv": [4.75, 12.5, 4.5, 12.75], "texture": "#1"}
			}
		},
		{
			"from": [7.5, 5.25, 12.5],
			"to": [8.5, 6.25, 12.75],
			"rotation": {"angle": 0, "axis": "y", "origin": [7.5, 0, 18.5]},
			"faces": {
				"north": {"uv": [2, 12, 2.5, 12.5], "texture": "#1"},
				"east": {"uv": [12, 7.5, 12.25, 8], "texture": "#1"},
				"south": {"uv": [12, 2, 12.5, 2.5], "texture": "#1"},
				"west": {"uv": [12, 8, 12.25, 8.5], "texture": "#1"},
				"up": {"uv": [9, 12.25, 8.5, 12], "texture": "#1"},
				"down": {"uv": [12.5, 8.5, 12, 8.75], "texture": "#1"}
			}
		},
		{
			"from": [7.75, 8, 13.5],
			"to": [8.25, 8.5, 14],
			"rotation": {"angle": 45, "axis": "x", "origin": [8, 8.25, 13.75]},
			"faces": {
				"north": {"uv": [11, 12, 11.25, 12.25], "texture": "#1"},
				"east": {"uv": [12, 11, 12.25, 11.25], "texture": "#1"},
				"south": {"uv": [12, 11.5, 12.25, 11.75], "texture": "#1"},
				"west": {"uv": [12, 12, 12.25, 12.25], "texture": "#1"},
				"up": {"uv": [0.25, 12.75, 0, 12.5], "texture": "#1"},
				"down": {"uv": [12.75, 0, 12.5, 0.25], "texture": "#1"}
			}
		},
		{
			"from": [7.875, 8.75, 4.75],
			"to": [8.125, 9, 5.25],
			"rotation": {"angle": 0, "axis": "y", "origin": [7.625, 0, 18.5]},
			"faces": {
				"north": {"uv": [1, 12.5, 1.25, 12.75], "texture": "#1"},
				"east": {"uv": [12.5, 1, 12.75, 1.25], "texture": "#1"},
				"south": {"uv": [1.5, 12.5, 1.75, 12.75], "texture": "#1"},
				"west": {"uv": [12.5, 1.5, 12.75, 1.75], "texture": "#1"},
				"up": {"uv": [2.25, 12.75, 2, 12.5], "texture": "#1"},
				"down": {"uv": [12.75, 2, 12.5, 2.25], "texture": "#1"}
			}
		},
		{
			"from": [7.5, 5, 10.5],
			"to": [8.5, 5.25, 12.5],
			"rotation": {"angle": 0, "axis": "y", "origin": [7.5, 0, 18.5]},
			"faces": {
				"north": {"uv": [10, 12, 10.5, 12.25], "texture": "#1"},
				"east": {"uv": [12, 2.5, 13, 2.75], "texture": "#1"},
				"south": {"uv": [12, 10, 12.5, 10.25], "texture": "#1"},
				"west": {"uv": [12, 3, 13, 3.25], "texture": "#1"},
				"up": {"uv": [6, 12.5, 5.5, 11.5], "texture": "#1"},
				"down": {"uv": [6.5, 11.5, 6, 12.5], "texture": "#1"}
			}
		},
		{
			"from": [7.75, 8.5, 3],
			"to": [8.25, 8.75, 5.5],
			"rotation": {"angle": 0, "axis": "y", "origin": [7.75, 0, 18.5]},
			"faces": {
				"north": {"uv": [0.5, 12.5, 0.75, 12.75], "texture": "#1"},
				"east": {"uv": [5.5, 4.5, 6.75, 4.75], "texture": "#1"},
				"south": {"uv": [12.5, 0.5, 12.75, 0.75], "texture": "#1"},
				"west": {"uv": [8.5, 2, 9.75, 2.25], "texture": "#1"},
				"up": {"uv": [7.75, 12.75, 7.5, 11.5], "texture": "#1"},
				"down": {"uv": [8.25, 11.5, 8, 12.75], "texture": "#1"}
			}
		},
		{
			"from": [7.75, 5.5, 11.75],
			"to": [8.25, 6.25, 12],
			"rotation": {"angle": 0, "axis": "y", "origin": [7.5, 0, 18.5]},
			"faces": {
				"north": {"uv": [9, 12, 9.25, 12.5], "texture": "#1"},
				"east": {"uv": [12, 9, 12.25, 9.5], "texture": "#1"},
				"south": {"uv": [9.5, 12, 9.75, 12.5], "texture": "#1"},
				"west": {"uv": [12, 9.5, 12.25, 10], "texture": "#1"},
				"up": {"uv": [12.75, 4.75, 12.5, 4.5], "texture": "#missing"},
				"down": {"uv": [5.25, 12.5, 5, 12.75], "texture": "#1"}
			}
		}
	],
	"gui_light": "front",
	"display": {
		"thirdperson_righthand": {
			"translation": [0, 2.5, -3]
		},
		"thirdperson_lefthand": {
			"translation": [0, 2.25, -3.25]
		},
		"firstperson_righthand": {
			"translation": [0, 5, -0.25]
		},
		"firstperson_lefthand": {
			"translation": [0, 5, 0]
		},
		"ground": {
			"translation": [0, 2.25, 0],
			"scale": [0.5, 0.5, 0.5]
		},
		"gui": {
			"rotation": [0, 90, 0],
			"translation": [0.5, 1.75, 0]
		},
		"fixed": {
			"rotation": [0, 90, 0],
			"scale": [1.3, 1.3, 1.3]
		}
	},
	"groups": [
		{
			"name": "group",
			"origin": [8, 8, 8],
			"color": 0,
			"children": [0, 1, 2, 3, 4, 5]
		},
		{
			"name": "qiangguan",
			"origin": [8, 8, 8],
			"color": 0,
			"children": [6, 7, 8, 9, 10, 11, 12]
		},
		{
			"name": "mdeal",
			"origin": [8, 8, 8],
			"color": 0,
			"children": [13, 14, 15, 16, 17, 18, 19, 20]
		}
	]
}