{
	"credit": "Made with Blockbench",
	"texture_size": [32, 32],
	"textures": {
		"0": "block/color/wood_one",
		"1": "block/color/armycamoone",
		"2": "block/color/gray",
		"particle": "block/color/wood_one"
	},
	"elements": [
		{
			"from": [7.75, 0.0493, 16.35862],
			"to": [8.25, 1.0493, 16.55862],
			"rotation": {"angle": 45, "axis": "x", "origin": [8, 4.225, 20.975]},
			"faces": {
				"north": {"uv": [10, 14.5, 10.25, 15], "texture": "#2"},
				"east": {"uv": [14.5, 10, 14.75, 10.5], "texture": "#2"},
				"south": {"uv": [10.5, 14.5, 10.75, 15], "texture": "#2"},
				"west": {"uv": [14.5, 10.5, 14.75, 11], "texture": "#2"},
				"up": {"uv": [3.25, 15.25, 3, 15], "texture": "#2"},
				"down": {"uv": [15.25, 3, 15, 3.25], "texture": "#2"}
			}
		},
		{
			"from": [7.75, 7.4, -15.25],
			"to": [8.25, 8.6, -14.75],
			"rotation": {"angle": 0, "axis": "y", "origin": [8, 4.225, 20.975]},
			"faces": {
				"north": {"uv": [15, 0.5, 15.25, 0.75], "texture": "#2"},
				"east": {"uv": [1, 15, 1.25, 15.25], "texture": "#2"},
				"south": {"uv": [1.5, 15, 1.75, 15.25], "texture": "#2"},
				"west": {"uv": [2, 15, 2.25, 15.25], "texture": "#2"},
				"up": {"uv": [2.75, 15.25, 2.5, 15], "texture": "#2"},
				"down": {"uv": [15.25, 2.5, 15, 2.75], "texture": "#2"}
			}
		},
		{
			"from": [7.5, 7, -16],
			"to": [8.5, 8, 13.5],
			"rotation": {"angle": 0, "axis": "y", "origin": [8, 4.225, 20.975]},
			"faces": {
				"north": {"uv": [0, 13, 1, 14], "texture": "#2"},
				"east": {"uv": [6.5, 4, 14.75, 4.5], "texture": "#2"},
				"south": {"uv": [2.5, 14, 3, 14.5], "texture": "#2"},
				"west": {"uv": [6.5, 4.5, 14.75, 5], "texture": "#2"},
				"up": {"uv": [7, 13.25, 6.5, 5], "texture": "#2"},
				"down": {"uv": [7.5, 5, 7, 13.25], "texture": "#2"}
			}
		},
		{
			"from": [7.85, 6, -16],
			"to": [8.15, 6.3, 13.5],
			"rotation": {"angle": 0, "axis": "y", "origin": [8, 4.225, 20.975]},
			"faces": {
				"north": {"uv": [0, 13, 1, 14], "texture": "#2"},
				"east": {"uv": [6.5, 4, 14.75, 4.5], "texture": "#2"},
				"south": {"uv": [2.5, 14, 3, 14.5], "texture": "#2"},
				"west": {"uv": [6.5, 4.5, 14.75, 5], "texture": "#2"},
				"up": {"uv": [7, 13.25, 6.5, 5], "texture": "#2"},
				"down": {"uv": [7.5, 5, 7, 13.25], "texture": "#2"}
			}
		},
		{
			"from": [7.7, 5.85, -16],
			"to": [8.3, 6.45, -15.4],
			"rotation": {"angle": 0, "axis": "y", "origin": [8, 4.225, 20.975]},
			"faces": {
				"north": {"uv": [0, 13, 1, 14], "texture": "#2"},
				"east": {"uv": [6.5, 4, 14.75, 4.5], "texture": "#2"},
				"south": {"uv": [2.5, 14, 3, 14.5], "texture": "#2"},
				"west": {"uv": [6.5, 4.5, 14.75, 5], "texture": "#2"},
				"up": {"uv": [7, 13.25, 6.5, 5], "texture": "#2"},
				"down": {"uv": [7.5, 5, 7, 13.25], "texture": "#2"}
			}
		},
		{
			"from": [7.25, 7.4, 8.23],
			"to": [8.75, 8.4, 9.13],
			"rotation": {"angle": 0, "axis": "y", "origin": [8, 4.225, 20.975]},
			"faces": {
				"north": {"uv": [12.5, 12.5, 13.25, 13.25], "texture": "#1"},
				"east": {"uv": [7.5, 8.5, 10, 9.25], "texture": "#1"},
				"south": {"uv": [0, 13, 0.75, 13.75], "texture": "#1"},
				"west": {"uv": [9, 0, 11.5, 0.75], "texture": "#1"},
				"up": {"uv": [0.75, 11.5, 0, 9], "texture": "#1"},
				"down": {"uv": [1.75, 9, 1, 11.5], "texture": "#1"}
			}
		},
		{
			"from": [8.9, 0.44198, 12.9418],
			"to": [9.05, 1.52198, 14.4418],
			"rotation": {"angle": 45, "axis": "x", "origin": [8, 4.225, 20.975]},
			"faces": {
				"north": {"uv": [13, 3, 12, 4], "texture": "#1"},
				"east": {"uv": [8, 3, 2, 4], "texture": "#1"},
				"south": {"uv": [13, 8.5, 12, 9.5], "texture": "#1"},
				"west": {"uv": [8, 2, 2, 3], "texture": "#1"},
				"up": {"uv": [2, 10, 3, 4], "texture": "#1"},
				"down": {"uv": [3, 4, 4, 10], "texture": "#1"}
			}
		},
		{
			"from": [6.95, 0.44198, 12.9418],
			"to": [7.05, 1.52198, 14.4418],
			"rotation": {"angle": 45, "axis": "x", "origin": [8, 4.225, 20.975]},
			"faces": {
				"north": {"uv": [12, 3, 13, 4], "texture": "#1"},
				"east": {"uv": [2, 2, 8, 3], "texture": "#1"},
				"south": {"uv": [12, 8.5, 13, 9.5], "texture": "#1"},
				"west": {"uv": [2, 3, 8, 4], "texture": "#1"},
				"up": {"uv": [3, 10, 2, 4], "texture": "#1"},
				"down": {"uv": [4, 4, 3, 10], "texture": "#1"}
			}
		},
		{
			"from": [7.4, 7, 11],
			"to": [8.6, 8.2, 13.5],
			"rotation": {"angle": 0, "axis": "y", "origin": [8, 4.225, 20.975]},
			"faces": {
				"north": {"uv": [0, 13, 1, 14], "texture": "#1"},
				"east": {"uv": [6.5, 4, 14.75, 4.5], "texture": "#1"},
				"south": {"uv": [2.5, 14, 3, 14.5], "texture": "#1"},
				"west": {"uv": [6.5, 4.5, 14.75, 5], "texture": "#1"},
				"up": {"uv": [7, 13.25, 6.5, 5], "texture": "#1"},
				"down": {"uv": [7.5, 5, 7, 13.25], "texture": "#missing"}
			}
		},
		{
			"from": [7.75, 4.9, 3.75],
			"to": [9.15, 8.1, 4.25],
			"rotation": {"angle": 0, "axis": "y", "origin": [8, 4.225, 20.975]},
			"faces": {
				"north": {"uv": [14.5, 14.5, 14.75, 14.75], "texture": "#1"},
				"east": {"uv": [12.5, 14, 13.5, 14.25], "texture": "#1"},
				"south": {"uv": [0, 15, 0.25, 15.25], "texture": "#1"},
				"west": {"uv": [14, 12.5, 15, 12.75], "texture": "#1"},
				"up": {"uv": [14.25, 14, 14, 13], "texture": "#1"},
				"down": {"uv": [14.25, 14, 14, 15], "texture": "#1"}
			}
		},
		{
			"from": [7, 5.1, 13.5],
			"to": [9, 8, 13.6],
			"rotation": {"angle": 0, "axis": "y", "origin": [8, 4.225, 20.975]},
			"faces": {
				"north": {"uv": [12, 3, 13, 4], "texture": "#1"},
				"east": {"uv": [2, 2, 8, 3], "texture": "#1"},
				"south": {"uv": [12, 8.5, 13, 9.5], "texture": "#1"},
				"west": {"uv": [2, 3, 8, 4], "texture": "#1"},
				"up": {"uv": [3, 10, 2, 4], "texture": "#1"},
				"down": {"uv": [4, 4, 3, 10], "texture": "#1"}
			}
		},
		{
			"from": [7, 5, 17.9],
			"to": [9, 7.9, 18],
			"rotation": {"angle": 0, "axis": "y", "origin": [8, 4.225, 20.975]},
			"faces": {
				"north": {"uv": [12, 3, 13, 4], "texture": "#1"},
				"east": {"uv": [2, 2, 8, 3], "texture": "#1"},
				"south": {"uv": [12, 8.5, 13, 9.5], "texture": "#1"},
				"west": {"uv": [2, 3, 8, 4], "texture": "#1"},
				"up": {"uv": [3, 10, 2, 4], "texture": "#1"},
				"down": {"uv": [4, 4, 3, 10], "texture": "#1"}
			}
		},
		{
			"from": [6.95, 12.14086, 17.19804],
			"to": [8.95, 12.24086, 18.39804],
			"rotation": {"angle": -45, "axis": "x", "origin": [8, 4.225, 20.975]},
			"faces": {
				"north": {"uv": [12, 9.5, 13, 8.5], "rotation": 90, "texture": "#1"},
				"east": {"uv": [3, 4, 2, 10], "rotation": 90, "texture": "#1"},
				"south": {"uv": [12, 4, 13, 3], "rotation": 270, "texture": "#1"},
				"west": {"uv": [4, 10, 3, 4], "rotation": 90, "texture": "#1"},
				"up": {"uv": [2, 4, 8, 3], "rotation": 270, "texture": "#1"},
				"down": {"uv": [2, 3, 8, 2], "rotation": 270, "texture": "#1"}
			}
		},
		{
			"from": [7, 5, 13.5],
			"to": [7.1, 7.87, 17.9],
			"rotation": {"angle": 0, "axis": "y", "origin": [8, 4.225, 20.975]},
			"faces": {
				"north": {"uv": [12, 3, 13, 4], "texture": "#1"},
				"east": {"uv": [2, 2, 8, 3], "texture": "#1"},
				"south": {"uv": [12, 8.5, 13, 9.5], "texture": "#1"},
				"west": {"uv": [2, 3, 8, 4], "texture": "#1"},
				"up": {"uv": [3, 10, 2, 4], "texture": "#1"},
				"down": {"uv": [4, 4, 3, 10], "texture": "#1"}
			}
		},
		{
			"from": [8.9, 5, 13.5],
			"to": [9, 7.87, 17.9],
			"rotation": {"angle": 0, "axis": "y", "origin": [8, 4.225, 20.975]},
			"faces": {
				"north": {"uv": [13, 3, 12, 4], "texture": "#1"},
				"east": {"uv": [8, 3, 2, 4], "texture": "#1"},
				"south": {"uv": [13, 8.5, 12, 9.5], "texture": "#1"},
				"west": {"uv": [8, 2, 2, 3], "texture": "#1"},
				"up": {"uv": [2, 10, 3, 4], "texture": "#1"},
				"down": {"uv": [3, 4, 4, 10], "texture": "#1"}
			}
		},
		{
			"from": [7, 3.97751, 16.27733],
			"to": [7.1, 4.86751, 18.07733],
			"rotation": {"angle": 45, "axis": "x", "origin": [8, 4.225, 20.975]},
			"faces": {
				"north": {"uv": [12, 3, 13, 4], "texture": "#1"},
				"east": {"uv": [2, 2, 8, 3], "texture": "#1"},
				"south": {"uv": [12, 8.5, 13, 9.5], "texture": "#1"},
				"west": {"uv": [2, 3, 8, 4], "texture": "#1"},
				"up": {"uv": [3, 10, 2, 4], "texture": "#1"},
				"down": {"uv": [4, 4, 3, 10], "texture": "#1"}
			}
		},
		{
			"from": [8.9, 3.97751, 16.27733],
			"to": [9, 4.86751, 18.07733],
			"rotation": {"angle": 45, "axis": "x", "origin": [8, 4.225, 20.975]},
			"faces": {
				"north": {"uv": [13, 3, 12, 4], "texture": "#1"},
				"east": {"uv": [8, 3, 2, 4], "texture": "#1"},
				"south": {"uv": [13, 8.5, 12, 9.5], "texture": "#1"},
				"west": {"uv": [8, 2, 2, 3], "texture": "#1"},
				"up": {"uv": [2, 10, 3, 4], "texture": "#1"},
				"down": {"uv": [3, 4, 4, 10], "texture": "#1"}
			}
		},
		{
			"from": [7, 5, 13.5],
			"to": [9, 7.8, 17.9],
			"rotation": {"angle": 0, "axis": "y", "origin": [8, 4.225, 20.975]},
			"faces": {
				"north": {"uv": [12, 3, 13, 4], "texture": "#1"},
				"east": {"uv": [2, 2, 8, 3], "texture": "#1"},
				"south": {"uv": [12, 8.5, 13, 9.5], "texture": "#1"},
				"west": {"uv": [2, 3, 8, 4], "texture": "#1"},
				"up": {"uv": [3, 10, 2, 4], "texture": "#1"},
				"down": {"uv": [4, 4, 3, 10], "texture": "#1"}
			}
		},
		{
			"from": [8.9, 2.77041, 16.58444],
			"to": [9, 4.77041, 18.08444],
			"rotation": {"angle": 45, "axis": "x", "origin": [8, 4.225, 20.975]},
			"faces": {
				"north": {"uv": [13, 3, 12, 4], "texture": "#1"},
				"east": {"uv": [8, 3, 2, 4], "texture": "#1"},
				"south": {"uv": [13, 8.5, 12, 9.5], "texture": "#1"},
				"west": {"uv": [8, 2, 2, 3], "texture": "#1"},
				"up": {"uv": [2, 10, 3, 4], "texture": "#1"},
				"down": {"uv": [3, 4, 4, 10], "texture": "#1"}
			}
		},
		{
			"from": [7.25, 8.3, 6.55],
			"to": [8.75, 8.5, 9.15],
			"rotation": {"angle": 0, "axis": "y", "origin": [8, 4.225, 20.975]},
			"faces": {
				"north": {"uv": [12.5, 12.5, 13.25, 13.25], "texture": "#1"},
				"east": {"uv": [7.5, 8.5, 10, 9.25], "texture": "#1"},
				"south": {"uv": [0, 13, 0.75, 13.75], "texture": "#1"},
				"west": {"uv": [9, 0, 11.5, 0.75], "texture": "#1"},
				"up": {"uv": [0.75, 11.5, 0, 9], "texture": "#1"},
				"down": {"uv": [1.75, 9, 1, 11.5], "texture": "#1"}
			}
		},
		{
			"from": [7.5, 3.75, 13.5],
			"to": [8.5, 5, 14],
			"rotation": {"angle": 0, "axis": "y", "origin": [8, 4.225, 20.975]},
			"faces": {
				"north": {"uv": [13.5, 13.5, 14, 14.25], "texture": "#1"},
				"east": {"uv": [14.5, 5, 14.75, 5.75], "texture": "#1"},
				"south": {"uv": [0, 14, 0.5, 14.75], "texture": "#1"},
				"west": {"uv": [5.5, 14.5, 5.75, 15.25], "texture": "#1"},
				"up": {"uv": [12, 14.75, 11.5, 14.5], "texture": "#1"},
				"down": {"uv": [15, 11.5, 14.5, 11.75], "texture": "#1"}
			}
		},
		{
			"from": [7.5, 3.25, 13.75],
			"to": [8.5, 3.75, 17],
			"rotation": {"angle": 0, "axis": "y", "origin": [8, 4.225, 20.975]},
			"faces": {
				"north": {"uv": [11, 14.5, 11.5, 14.75], "texture": "#1"},
				"east": {"uv": [1, 14, 2.25, 14.25], "texture": "#1"},
				"south": {"uv": [14.5, 11, 15, 11.25], "texture": "#1"},
				"west": {"uv": [14, 2, 15.25, 2.25], "texture": "#1"},
				"up": {"uv": [12, 13.75, 11.5, 12.5], "texture": "#1"},
				"down": {"uv": [12.5, 12.5, 12, 13.75], "texture": "#1"}
			}
		},
		{
			"from": [6.9, 5, 13.5],
			"to": [7, 8, 18],
			"rotation": {"angle": 0, "axis": "y", "origin": [8, 4.225, 20.975]},
			"faces": {
				"north": {"uv": [13, 3, 12, 4], "texture": "#1"},
				"east": {"uv": [8, 3, 2, 4], "texture": "#1"},
				"south": {"uv": [13, 8.5, 12, 9.5], "texture": "#1"},
				"west": {"uv": [8, 2, 2, 3], "texture": "#1"},
				"up": {"uv": [2, 10, 3, 4], "texture": "#1"},
				"down": {"uv": [3, 4, 4, 10], "texture": "#1"}
			}
		},
		{
			"from": [7, 2.77041, 16.58444],
			"to": [7.1, 4.77041, 18.08444],
			"rotation": {"angle": 45, "axis": "x", "origin": [8, 4.225, 20.975]},
			"faces": {
				"north": {"uv": [12, 3, 13, 4], "texture": "#1"},
				"east": {"uv": [2, 2, 8, 3], "texture": "#1"},
				"south": {"uv": [12, 8.5, 13, 9.5], "texture": "#1"},
				"west": {"uv": [2, 3, 8, 4], "texture": "#1"},
				"up": {"uv": [3, 10, 2, 4], "texture": "#1"},
				"down": {"uv": [4, 4, 3, 10], "texture": "#1"}
			}
		},
		{
			"from": [7.5, 2.21742, 16.99518],
			"to": [8.5, 3.46742, 17.49518],
			"rotation": {"angle": 22.5, "axis": "x", "origin": [8, 4.225, 20.975]},
			"faces": {
				"north": {"uv": [9.5, 13.5, 10, 14.25], "texture": "#1"},
				"east": {"uv": [3.5, 14.5, 3.75, 15.25], "texture": "#1"},
				"south": {"uv": [13.5, 12.5, 14, 13.25], "texture": "#1"},
				"west": {"uv": [5, 14.5, 5.25, 15.25], "texture": "#1"},
				"up": {"uv": [9.5, 14.75, 9, 14.5], "texture": "#1"},
				"down": {"uv": [10, 14.5, 9.5, 14.75], "texture": "#1"}
			}
		},
		{
			"from": [9, 5, 13.5],
			"to": [9.1, 8, 18],
			"rotation": {"angle": 0, "axis": "y", "origin": [8, 4.225, 20.975]},
			"faces": {
				"north": {"uv": [12, 3, 13, 4], "texture": "#1"},
				"east": {"uv": [2, 2, 8, 3], "texture": "#1"},
				"south": {"uv": [12, 8.5, 13, 9.5], "texture": "#1"},
				"west": {"uv": [2, 3, 8, 4], "texture": "#1"},
				"up": {"uv": [3, 10, 2, 4], "texture": "#1"},
				"down": {"uv": [4, 4, 3, 10], "texture": "#1"}
			}
		},
		{
			"from": [6.85, 4.9, 3.75],
			"to": [8.25, 8.1, 4.25],
			"rotation": {"angle": 0, "axis": "y", "origin": [8, 4.225, 20.975]},
			"faces": {
				"north": {"uv": [14.75, 14.5, 14.5, 14.75], "texture": "#1"},
				"east": {"uv": [15, 12.5, 14, 12.75], "texture": "#1"},
				"south": {"uv": [0.25, 15, 0, 15.25], "texture": "#1"},
				"west": {"uv": [13.5, 14, 12.5, 14.25], "texture": "#1"},
				"up": {"uv": [14, 14, 14.25, 13], "texture": "#1"},
				"down": {"uv": [14, 14, 14.25, 15], "texture": "#1"}
			}
		},
		{
			"from": [7.05, 4.74069, 16.15178],
			"to": [9.05, 4.84069, 18.35178],
			"rotation": {"angle": 45, "axis": "x", "origin": [8, 4.225, 20.975]},
			"faces": {
				"north": {"uv": [12, 3, 13, 4], "rotation": 90, "texture": "#1"},
				"east": {"uv": [4, 4, 3, 10], "rotation": 270, "texture": "#1"},
				"south": {"uv": [12, 8.5, 13, 9.5], "rotation": 270, "texture": "#1"},
				"west": {"uv": [3, 10, 2, 4], "rotation": 270, "texture": "#1"},
				"up": {"uv": [2, 2, 8, 3], "rotation": 270, "texture": "#1"},
				"down": {"uv": [2, 3, 8, 4], "rotation": 270, "texture": "#1"}
			}
		},
		{
			"from": [7.75, 4.9, -9.25],
			"to": [9.15, 8.1, -8.75],
			"rotation": {"angle": 0, "axis": "y", "origin": [8, 4.225, 20.975]},
			"faces": {
				"north": {"uv": [14.5, 14.5, 14.75, 14.75], "texture": "#1"},
				"east": {"uv": [12.5, 14, 13.5, 14.25], "texture": "#1"},
				"south": {"uv": [0, 15, 0.25, 15.25], "texture": "#1"},
				"west": {"uv": [14, 12.5, 15, 12.75], "texture": "#1"},
				"up": {"uv": [14.25, 14, 14, 13], "texture": "#1"},
				"down": {"uv": [14.25, 14, 14, 15], "texture": "#1"}
			}
		},
		{
			"from": [6.85, 4.9, -9.25],
			"to": [8.25, 8.1, -8.75],
			"rotation": {"angle": 0, "axis": "y", "origin": [8, 4.225, 20.975]},
			"faces": {
				"north": {"uv": [14.75, 14.5, 14.5, 14.75], "texture": "#1"},
				"east": {"uv": [15, 12.5, 14, 12.75], "texture": "#1"},
				"south": {"uv": [0.25, 15, 0, 15.25], "texture": "#1"},
				"west": {"uv": [13.5, 14, 12.5, 14.25], "texture": "#1"},
				"up": {"uv": [14, 14, 14.25, 13], "texture": "#1"},
				"down": {"uv": [14, 14, 14.25, 15], "texture": "#1"}
			}
		},
		{
			"from": [8.35, 8.3, 6.5],
			"to": [8.75, 8.8, 6.8],
			"rotation": {"angle": 0, "axis": "y", "origin": [8, 4.225, 20.975]},
			"faces": {
				"north": {"uv": [13.75, 9.5, 13, 10], "texture": "#1"},
				"east": {"uv": [14.5, 8.5, 14, 9], "texture": "#1"},
				"south": {"uv": [13.75, 10, 13, 10.5], "texture": "#1"},
				"west": {"uv": [7.5, 14, 7, 14.5], "texture": "#1"},
				"up": {"uv": [13, 11, 13.75, 10.5], "texture": "#1"},
				"down": {"uv": [13, 11, 13.75, 11.5], "texture": "#1"}
			}
		},
		{
			"from": [7.25, 8.3, 6.5],
			"to": [7.65, 8.8, 6.8],
			"rotation": {"angle": 0, "axis": "y", "origin": [8, 4.225, 20.975]},
			"faces": {
				"north": {"uv": [13, 9.5, 13.75, 10], "texture": "#1"},
				"east": {"uv": [7, 14, 7.5, 14.5], "texture": "#1"},
				"south": {"uv": [13, 10, 13.75, 10.5], "texture": "#1"},
				"west": {"uv": [14, 8.5, 14.5, 9], "texture": "#1"},
				"up": {"uv": [13.75, 11, 13, 10.5], "texture": "#1"},
				"down": {"uv": [13.75, 11, 13, 11.5], "texture": "#1"}
			}
		},
		{
			"from": [7.1, 4.2, 21],
			"to": [8.9, 6.4, 24.5],
			"rotation": {"angle": 0, "axis": "y", "origin": [8, 4.225, 20.975]},
			"faces": {
				"north": {"uv": [11, 2, 12, 3.25], "texture": "#0"},
				"east": {"uv": [8.5, 5, 10.25, 6.25], "texture": "#0"},
				"south": {"uv": [0, 11.5, 1, 12.75], "texture": "#0"},
				"west": {"uv": [8.5, 6.5, 10.25, 7.75], "texture": "#0"},
				"up": {"uv": [9, 11.25, 8, 9.5], "texture": "#0"},
				"down": {"uv": [10, 9.5, 9, 11.25], "texture": "#0"}
			}
		},
		{
			"from": [7, 5.1, 3],
			"to": [9, 7.6, 13.5],
			"rotation": {"angle": 0, "axis": "y", "origin": [8, 4.225, 20.975]},
			"faces": {
				"north": {"uv": [8, 12.5, 9, 13.25], "texture": "#0"},
				"east": {"uv": [10.5, 7, 12.25, 7.75], "texture": "#0"},
				"south": {"uv": [9, 12.5, 10, 13.25], "texture": "#0"},
				"west": {"uv": [11, 1, 12.75, 1.75], "texture": "#0"},
				"up": {"uv": [5, 12.25, 4, 10.5], "texture": "#0"},
				"down": {"uv": [6, 10.5, 5, 12.25], "texture": "#0"}
			}
		},
		{
			"from": [7, 5.6, -13],
			"to": [9, 7.6, 3.5],
			"rotation": {"angle": 0, "axis": "y", "origin": [8, 4.225, 20.975]},
			"faces": {
				"north": {"uv": [8, 12.5, 9, 13.25], "texture": "#0"},
				"east": {"uv": [10.5, 7, 12.25, 7.75], "texture": "#0"},
				"south": {"uv": [9, 12.5, 10, 13.25], "texture": "#0"},
				"west": {"uv": [11, 1, 12.75, 1.75], "texture": "#0"},
				"up": {"uv": [5, 12.25, 4, 10.5], "texture": "#0"},
				"down": {"uv": [6, 10.5, 5, 12.25], "texture": "#0"}
			}
		},
		{
			"from": [7.05, 4.16481, 17.35373],
			"to": [8.95, 5.91481, 28.60373],
			"rotation": {"angle": 22.5, "axis": "x", "origin": [8, 4.225, 20.975]},
			"faces": {
				"north": {"uv": [11.5, 0, 12.5, 1], "texture": "#0"},
				"east": {"uv": [0, 0, 6.75, 1], "texture": "#0"},
				"south": {"uv": [8, 11.5, 9, 12.5], "texture": "#0"},
				"west": {"uv": [0, 1, 6.75, 2], "texture": "#0"},
				"up": {"uv": [1, 8.75, 0, 2], "texture": "#0"},
				"down": {"uv": [2, 2, 1, 8.75], "texture": "#0"}
			}
		},
		{
			"from": [7.05, 3.69192, 16.35373],
			"to": [8.95, 5.44192, 28.60373],
			"rotation": {"angle": 22.5, "axis": "x", "origin": [8, 4.225, 20.975]},
			"faces": {
				"north": {"uv": [11.5, 0, 12.5, 1], "texture": "#0"},
				"east": {"uv": [0, 0, 6.75, 1], "texture": "#0"},
				"south": {"uv": [8, 11.5, 9, 12.5], "texture": "#0"},
				"west": {"uv": [0, 1, 6.75, 2], "texture": "#0"},
				"up": {"uv": [1, 8.75, 0, 2], "texture": "#0"},
				"down": {"uv": [2, 2, 1, 8.75], "texture": "#0"}
			}
		},
		{
			"from": [7.1, 2.9, 24.5],
			"to": [8.9, 6.4, 31.5],
			"rotation": {"angle": 0, "axis": "y", "origin": [8, 4.225, 20.975]},
			"faces": {
				"north": {"uv": [7, 0, 8, 1.75], "texture": "#0"},
				"east": {"uv": [4, 4, 6.5, 5.75], "texture": "#0"},
				"south": {"uv": [9, 1, 10, 2.75], "texture": "#0"},
				"west": {"uv": [4, 6, 6.5, 7.75], "texture": "#0"},
				"up": {"uv": [5, 10.5, 4, 8], "texture": "#0"},
				"down": {"uv": [6, 8, 5, 10.5], "texture": "#0"}
			}
		},
		{
			"from": [7.15, 5.26817, 20.26697],
			"to": [8.85, 6.26817, 21.51697],
			"rotation": {"angle": 0, "axis": "x", "origin": [8, 4.225, 20.975]},
			"faces": {
				"north": {"uv": [13.75, 9, 13, 8.5], "rotation": 180, "texture": "#0"},
				"east": {"uv": [3, 13, 3.5, 13.75], "rotation": 90, "texture": "#0"},
				"south": {"uv": [13.75, 9, 13, 9.5], "texture": "#0"},
				"west": {"uv": [3.5, 13, 4, 13.75], "rotation": 270, "texture": "#0"},
				"up": {"uv": [13, 1, 13.75, 1.75], "texture": "#0"},
				"down": {"uv": [1, 13, 1.75, 13.75], "rotation": 180, "texture": "#0"}
			}
		},
		{
			"from": [7.1, 0.8, 27.8],
			"to": [8.9, 3, 31.5],
			"rotation": {"angle": 0, "axis": "y", "origin": [8, 4.225, 20.975]},
			"faces": {
				"north": {"uv": [12, 2, 13, 3], "texture": "#0"},
				"east": {"uv": [4, 12.5, 4.75, 13.5], "texture": "#0"},
				"south": {"uv": [3, 12, 4, 13], "texture": "#0"},
				"west": {"uv": [5, 12.5, 5.75, 13.5], "texture": "#0"},
				"up": {"uv": [13.5, 5.75, 12.5, 5], "texture": "#0"},
				"down": {"uv": [13.5, 7, 12.5, 7.75], "texture": "#0"}
			}
		}
	],
	"gui_light": "front",
	"display": {
		"thirdperson_righthand": {
			"translation": [0, 1.5, 0],
			"scale": [0.64, 0.72, 0.72]
		},
		"thirdperson_lefthand": {
			"rotation": [10, -180, 0],
			"translation": [0, 2.25, 14],
			"scale": [0.8, 0.8, 0.65]
		},
		"firstperson_righthand": {
			"translation": [2.5, 3, -5.25]
		},
		"firstperson_lefthand": {
			"translation": [1, 2.25, 0.75]
		},
		"ground": {
			"translation": [0, 2.25, 0],
			"scale": [0.5, 0.5, 0.5]
		},
		"gui": {
			"rotation": [0, 90, 0]
		},
		"fixed": {
			"rotation": [0, 90, 0],
			"translation": [-0.5, 0.5, -1.25],
			"scale": [1.3, 1.3, 1.3]
		}
	},
	"groups": [
		{
			"name": "group",
			"origin": [8, 8, 8],
			"color": 0,
			"children": [
				{
					"name": "qg",
					"origin": [7, 0, 21.5],
					"color": 0,
					"children": [0, 1, 2, 3, 4]
				},
				{
					"name": "jinshu",
					"origin": [8.75, 0, 21.5],
					"color": 0,
					"children": [5, 6, 7, 8, 9, 10, 11, 12, 13, 14, 15, 16, 17, 18, 19, 20, 21, 22, 23, 24, 25, 26, 27, 28, 29, 30, 31]
				},
				{
					"name": "qiangshen",
					"origin": [8, 8, 8],
					"color": 0,
					"children": [32, 33, 34, 35, 36, 37, 38, 39]
				}
			]
		}
	]
}