{
	"credit": "Made with Blockbench",
	"texture_size": [128, 128],
	"textures": {
		"3": "block/color/lightblack",
		"4": "block/color/lightergray",
		"particle": "block/color/armycamotwo"
	},
	"elements": [
		{
			"name": "bone4",
			"from": [6.9365, 8.10511, 11.6865],
			"to": [9.0635, 8.83379, 12.40384],
			"rotation": {"angle": 0, "axis": "y", "origin": [8, 0, 8]},
			"faces": {
				"north": {"uv": [7.875, 7.25, 8.125, 7.3125], "texture": "#3"},
				"east": {"uv": [0.75, 8.5, 0.8125, 8.5625], "texture": "#3"},
				"south": {"uv": [7.5, 7.875, 7.75, 7.9375], "texture": "#3"},
				"west": {"uv": [8.5, 0.75, 8.5625, 0.8125], "texture": "#3"},
				"up": {"uv": [8, 7.9375, 7.75, 7.875], "texture": "#3"},
				"down": {"uv": [8.25, 0, 8, 0.0625], "texture": "#3"}
			}
		},
		{
			"name": "bone5",
			"from": [7.08025, 5.27423, 11.1865],
			"to": [8.91975, 7.10745, 15.22914],
			"rotation": {"angle": 22.5, "axis": "x", "origin": [8, 6.19084, 18.20782]},
			"faces": {
				"north": {"uv": [2.5, 5.5, 2.75, 5.75], "texture": "#3"},
				"east": {"uv": [0, 0, 1.75, 0.25], "texture": "#3"},
				"south": {"uv": [6, 6.5, 6.25, 6.75], "texture": "#3"},
				"west": {"uv": [0, 0.25, 1.75, 0.5], "texture": "#3"},
				"up": {"uv": [0.25, 2.25, 0, 0.5], "texture": "#3"},
				"down": {"uv": [0.5, 0.5, 0.25, 2.25], "texture": "#3"}
			}
		},
		{
			"name": "bone6",
			"from": [7.08025, 5.3, 15.45292],
			"to": [8.91975, 7.13322, 18.49556],
			"rotation": {"angle": -45, "axis": "x", "origin": [8, 5.53023, 14.97424]},
			"faces": {
				"north": {"uv": [2.5, 5.5, 2.75, 5.75], "texture": "#3"},
				"east": {"uv": [0, 0, 1.75, 0.25], "texture": "#3"},
				"south": {"uv": [6, 6.5, 6.25, 6.75], "texture": "#3"},
				"west": {"uv": [0, 0.25, 1.75, 0.5], "texture": "#3"},
				"up": {"uv": [0.25, 2.25, 0, 0.5], "texture": "#3"},
				"down": {"uv": [0.5, 0.5, 0.25, 2.25], "texture": "#3"}
			}
		},
		{
			"name": "bone6",
			"from": [7.08025, 4.27423, 16.1865],
			"to": [8.91975, 6.10745, 23.22914],
			"rotation": {"angle": 22.5, "axis": "x", "origin": [8, 5.19084, 23.20782]},
			"faces": {
				"north": {"uv": [2.5, 5.5, 2.75, 5.75], "texture": "#3"},
				"east": {"uv": [0, 0, 1.75, 0.25], "texture": "#3"},
				"south": {"uv": [6, 6.5, 6.25, 6.75], "texture": "#3"},
				"west": {"uv": [0, 0.25, 1.75, 0.5], "texture": "#3"},
				"up": {"uv": [0.25, 2.25, 0, 0.5], "texture": "#3"},
				"down": {"uv": [0.5, 0.5, 0.25, 2.25], "texture": "#3"}
			}
		},
		{
			"name": "bone4",
			"from": [7.249, 8.499, -10],
			"to": [8.751, 9.626, 1.9395],
			"rotation": {"angle": 0, "axis": "y", "origin": [8, 0, 8]},
			"faces": {
				"north": {"uv": [7.625, 3.125, 7.8125, 3.25], "texture": "#3"},
				"east": {"uv": [3.75, 3.75, 6, 3.875], "texture": "#3"},
				"south": {"uv": [7.625, 3.25, 7.8125, 3.375], "texture": "#3"},
				"west": {"uv": [3.75, 3.875, 6, 4], "texture": "#3"},
				"up": {"uv": [1.1875, 2.75, 1, 0.5], "texture": "#3"},
				"down": {"uv": [1.4375, 0.5, 1.25, 2.75], "texture": "#3"}
			}
		},
		{
			"name": "bone4",
			"from": [7.08025, 9.08673, -1.8135],
			"to": [8.91975, 9.59469, 12.42427],
			"rotation": {"angle": 0, "axis": "y", "origin": [8, 0, 8]},
			"faces": {
				"north": {"uv": [7.75, 3, 8, 3.0625], "texture": "#3"},
				"east": {"uv": [5.375, 3.375, 7.125, 3.4375], "texture": "#3"},
				"south": {"uv": [3.25, 7.75, 3.5, 7.8125], "texture": "#3"},
				"west": {"uv": [5.5, 5.375, 7.25, 5.4375], "texture": "#3"},
				"up": {"uv": [0.75, 2.25, 0.5, 0.5], "texture": "#3"},
				"down": {"uv": [1, 0.5, 0.75, 2.25], "texture": "#3"}
			}
		},
		{
			"name": "bone4",
			"from": [7.24318, 8.4, -11],
			"to": [8.75319, 8.5765, -1.8],
			"rotation": {"angle": 0, "axis": "y", "origin": [8, 1, 8]},
			"faces": {
				"north": {"uv": [8, 7.875, 8.1875, 7.9375], "texture": "#3"},
				"east": {"uv": [1.625, 7.75, 1.9375, 7.8125], "texture": "#3"},
				"south": {"uv": [1.5, 8.125, 1.6875, 8.1875], "texture": "#4"},
				"west": {"uv": [7.75, 2.375, 8.0625, 2.4375], "texture": "#3"},
				"up": {"uv": [5.1875, 7.1875, 5, 6.875], "texture": "#4"},
				"down": {"uv": [6.9375, 6.875, 6.75, 7.1875], "texture": "#3"}
			}
		},
		{
			"name": "bone7",
			"from": [7.08025, 6.27423, 18.1865],
			"to": [8.91975, 8.10745, 24.22914],
			"rotation": {"angle": 0, "axis": "y", "origin": [8, 7.19084, 16.20782]},
			"faces": {
				"north": {"uv": [2.5, 5.5, 2.75, 5.75], "texture": "#3"},
				"east": {"uv": [0, 0, 1.75, 0.25], "texture": "#3"},
				"south": {"uv": [6, 6.5, 6.25, 6.75], "texture": "#3"},
				"west": {"uv": [0, 0.25, 1.75, 0.5], "texture": "#3"},
				"up": {"uv": [0.25, 2.25, 0, 0.5], "texture": "#3"},
				"down": {"uv": [0.5, 0.5, 0.25, 2.25], "texture": "#3"}
			}
		},
		{
			"name": "bone8",
			"from": [7.08025, 7.27423, 23.3],
			"to": [8.91975, 9.10745, 24.34264],
			"rotation": {"angle": 22.5, "axis": "x", "origin": [8, 8.19084, 17.20782]},
			"faces": {
				"north": {"uv": [2.5, 5.5, 2.75, 5.75], "texture": "#3"},
				"east": {"uv": [0, 0, 1.75, 0.25], "texture": "#3"},
				"south": {"uv": [6, 6.5, 6.25, 6.75], "texture": "#3"},
				"west": {"uv": [0, 0.25, 1.75, 0.5], "texture": "#3"},
				"up": {"uv": [0.25, 2.25, 0, 0.5], "texture": "#3"},
				"down": {"uv": [0.5, 0.5, 0.25, 2.25], "texture": "#3"}
			}
		},
		{
			"name": "bone4",
			"from": [7.249, 8.499, -11.0635],
			"to": [8.751, 9.626, -4.1865],
			"rotation": {"angle": 0, "axis": "y", "origin": [8, 0, 8]},
			"faces": {
				"north": {"uv": [3.5, 7.625, 3.6875, 7.75], "texture": "#3"},
				"east": {"uv": [5.375, 3.125, 6.5, 3.25], "texture": "#3"},
				"south": {"uv": [3.875, 7.625, 4.0625, 7.75], "texture": "#3"},
				"west": {"uv": [5.375, 3.25, 6.5, 3.375], "texture": "#3"},
				"up": {"uv": [4.4375, 5.125, 4.25, 4], "texture": "#3"},
				"down": {"uv": [4.6875, 4, 4.5, 5.125], "texture": "#3"}
			}
		},
		{
			"name": "bone6",
			"from": [7.08025, 6.27423, 10.1865],
			"to": [8.91975, 8.10745, 12.22914],
			"rotation": {"angle": 22.5, "axis": "x", "origin": [8, 7.19084, 17.20782]},
			"faces": {
				"north": {"uv": [2.5, 5.5, 2.75, 5.75], "texture": "#3"},
				"east": {"uv": [0, 0, 1.75, 0.25], "texture": "#3"},
				"south": {"uv": [6, 6.5, 6.25, 6.75], "texture": "#3"},
				"west": {"uv": [0, 0.25, 1.75, 0.5], "texture": "#3"},
				"up": {"uv": [0.25, 2.25, 0, 0.5], "texture": "#3"},
				"down": {"uv": [0.5, 0.5, 0.25, 2.25], "texture": "#3"}
			}
		},
		{
			"name": "bone4",
			"from": [8.39275, 9.56778, 6.79137],
			"to": [8.91975, 10.43647, 9.79287],
			"rotation": {"angle": 0, "axis": "y", "origin": [8, 0, 8]},
			"faces": {
				"north": {"uv": [8, 8.125, 8.0625, 8.25], "texture": "#3"},
				"east": {"uv": [7.25, 7.25, 7.625, 7.375], "texture": "#3"},
				"south": {"uv": [8.125, 8, 8.1875, 8.125], "texture": "#3"},
				"west": {"uv": [7.375, 2.375, 7.75, 2.5], "texture": "#3"},
				"up": {"uv": [5.9375, 8, 5.875, 7.625], "texture": "#3"},
				"down": {"uv": [6.6875, 7.625, 6.625, 8], "texture": "#3"}
			}
		},
		{
			"name": "bone4",
			"from": [7.08025, 9.56778, 6.79137],
			"to": [7.60725, 10.43647, 9.79287],
			"rotation": {"angle": 0, "axis": "y", "origin": [8, 0, 8]},
			"faces": {
				"north": {"uv": [8.125, 7.625, 8.1875, 7.75], "texture": "#3"},
				"east": {"uv": [4.375, 3.125, 4.75, 3.25], "texture": "#3"},
				"south": {"uv": [7.875, 8.125, 7.9375, 8.25], "texture": "#3"},
				"west": {"uv": [7.25, 7.125, 7.625, 7.25], "texture": "#3"},
				"up": {"uv": [4.5625, 8, 4.5, 7.625], "texture": "#3"},
				"down": {"uv": [5.8125, 7.625, 5.75, 8], "texture": "#3"}
			}
		},
		{
			"name": "bone4",
			"from": [7.08025, 7.4, -1.8135],
			"to": [8.91975, 9, 12.22914],
			"rotation": {"angle": 0, "axis": "y", "origin": [8, 0, 8]},
			"faces": {
				"north": {"uv": [2.5, 5.5, 2.75, 5.75], "texture": "#3"},
				"east": {"uv": [0, 0, 1.75, 0.25], "texture": "#3"},
				"south": {"uv": [6, 6.5, 6.25, 6.75], "texture": "#3"},
				"west": {"uv": [0, 0.25, 1.75, 0.5], "texture": "#3"},
				"up": {"uv": [0.25, 2.25, 0, 0.5], "texture": "#3"},
				"down": {"uv": [0.5, 0.5, 0.25, 2.25], "texture": "#3"}
			}
		},
		{
			"name": "bone5",
			"from": [7.08025, 7.4, -3.6],
			"to": [8.91975, 9, -1.3],
			"rotation": {"angle": 22.5, "axis": "x", "origin": [8, 8.2, -1.79218]},
			"faces": {
				"north": {"uv": [2.5, 5.5, 2.75, 5.75], "texture": "#3"},
				"east": {"uv": [0, 0, 1.75, 0.25], "texture": "#3"},
				"south": {"uv": [6, 6.5, 6.25, 6.75], "texture": "#3"},
				"west": {"uv": [0, 0.25, 1.75, 0.5], "texture": "#3"},
				"up": {"uv": [0.25, 2.25, 0, 0.5], "texture": "#3"},
				"down": {"uv": [0.5, 0.5, 0.25, 2.25], "texture": "#3"}
			}
		},
		{
			"name": "bone6",
			"from": [7.08025, 7.27423, 16.1865],
			"to": [8.91975, 9.10745, 24.22914],
			"rotation": {"angle": 0, "axis": "y", "origin": [8, 8.19084, 16.20782]},
			"faces": {
				"north": {"uv": [2.5, 5.5, 2.75, 5.75], "texture": "#3"},
				"east": {"uv": [0, 0, 1.75, 0.25], "texture": "#3"},
				"south": {"uv": [6, 6.5, 6.25, 6.75], "texture": "#3"},
				"west": {"uv": [0, 0.25, 1.75, 0.5], "texture": "#3"},
				"up": {"uv": [0.25, 2.25, 0, 0.5], "texture": "#3"},
				"down": {"uv": [0.5, 0.5, 0.25, 2.25], "texture": "#3"}
			}
		},
		{
			"name": "bone4",
			"from": [6.9365, 9.5615, 6.8115],
			"to": [9.0635, 10.12497, 10.98137],
			"rotation": {"angle": 0, "axis": "y", "origin": [8, 0, 8]},
			"faces": {
				"north": {"uv": [7.875, 4.75, 8.125, 4.8125], "texture": "#3"},
				"east": {"uv": [7.5, 5, 8, 5.0625], "texture": "#3"},
				"south": {"uv": [4.875, 7.875, 5.125, 7.9375], "texture": "#3"},
				"west": {"uv": [7.5, 5.125, 8, 5.1875], "texture": "#3"},
				"up": {"uv": [5.25, 5.875, 5, 5.375], "texture": "#3"},
				"down": {"uv": [5.5, 5.375, 5.25, 5.875], "texture": "#3"}
			}
		},
		{
			"name": "bone5",
			"from": [7.08025, 7.4, -1.8135],
			"to": [8.91975, 9, 12.22914],
			"rotation": {"angle": 0, "axis": "y", "origin": [8, 0, 8]},
			"faces": {
				"north": {"uv": [2.75, 5.5, 2.5, 5.75], "texture": "#3"},
				"east": {"uv": [1.75, 0.25, 0, 0.5], "texture": "#3"},
				"south": {"uv": [6.25, 6.5, 6, 6.75], "texture": "#3"},
				"west": {"uv": [1.75, 0, 0, 0.25], "texture": "#3"},
				"up": {"uv": [0, 2.25, 0.25, 0.5], "texture": "#3"},
				"down": {"uv": [0.25, 0.5, 0.5, 2.25], "texture": "#3"}
			}
		},
		{
			"name": "bone4",
			"from": [6.9365, 7.29261, 4.749],
			"to": [9.0635, 9.3135, 6.501],
			"rotation": {"angle": 0, "axis": "y", "origin": [8, 0, 8]},
			"faces": {
				"north": {"uv": [5, 6.625, 5.25, 6.875], "texture": "#4"},
				"east": {"uv": [6, 6.75, 6.25, 7], "texture": "#4"},
				"south": {"uv": [6.25, 6.75, 6.5, 7], "texture": "#4"},
				"west": {"uv": [6.75, 6.375, 7, 6.625], "texture": "#4"},
				"up": {"uv": [6.75, 7, 6.5, 6.75], "texture": "#4"},
				"down": {"uv": [7, 6.625, 6.75, 6.875], "texture": "#4"}
			}
		},
		{
			"name": "bone4",
			"from": [6.9365, 7.29261, 6.499],
			"to": [9.0635, 9.57317, 11.70677],
			"rotation": {"angle": 0, "axis": "y", "origin": [8, 0, 8]},
			"faces": {
				"north": {"uv": [3.875, 6.125, 4.125, 6.4375], "texture": "#4"},
				"east": {"uv": [4.375, 2.75, 5, 3.0625], "texture": "#4"},
				"south": {"uv": [5, 6.25, 5.25, 6.5625], "texture": "#4"},
				"west": {"uv": [4.75, 3.125, 5.375, 3.4375], "texture": "#4"},
				"up": {"uv": [5.25, 4.625, 5, 4], "texture": "#4"},
				"down": {"uv": [5.25, 4.625, 5, 5.25], "texture": "#4"}
			}
		},
		{
			"name": "bone4",
			"from": [6.9365, 7.67705, 4.17904],
			"to": [9.0635, 8.92905, 4.86854],
			"rotation": {"angle": 0, "axis": "y", "origin": [8, 0, 8]},
			"faces": {
				"north": {"uv": [4.375, 7.375, 4.625, 7.5625], "texture": "#4"},
				"east": {"uv": [1, 8.125, 1.0625, 8.3125], "texture": "#4"},
				"south": {"uv": [7.375, 5.5, 7.625, 5.6875], "texture": "#4"},
				"west": {"uv": [1.125, 8.125, 1.1875, 8.3125], "texture": "#4"},
				"up": {"uv": [8.125, 3.3125, 7.875, 3.25], "texture": "#4"},
				"down": {"uv": [3.625, 7.875, 3.375, 7.9375], "texture": "#4"}
			}
		},
		{
			"name": "bone7",
			"from": [8.599, 10.3, 4.6],
			"to": [9.401, 11.302, 4.9],
			"rotation": {"angle": 0, "axis": "y", "origin": [8.5, 10.45, 4.301]},
			"faces": {
				"north": {"uv": [1.1875, 2.75, 1, 0.5], "rotation": 180, "texture": "#4"},
				"east": {"uv": [3.75, 3.75, 6, 3.875], "rotation": 90, "texture": "#4"},
				"south": {"uv": [1.4375, 0.5, 1.25, 2.75], "texture": "#4"},
				"west": {"uv": [3.75, 3.875, 6, 4], "rotation": 270, "texture": "#4"},
				"up": {"uv": [7.625, 3.25, 7.8125, 3.375], "texture": "#4"},
				"down": {"uv": [7.625, 3.125, 7.8125, 3.25], "rotation": 180, "texture": "#4"}
			}
		},
		{
			"name": "bone6",
			"from": [8.56566, 11.28594, 6.1115],
			"to": [9.16566, 11.47494, 7.3115],
			"rotation": {"angle": 22.5, "axis": "x", "origin": [8.86566, 11.38044, 6.7115]},
			"faces": {
				"north": {"uv": [3.625, 5.25, 3.75, 5.375], "rotation": 90, "texture": "#4"},
				"east": {"uv": [7.75, 4.625, 7.5, 4.75], "texture": "#4"},
				"south": {"uv": [6.625, 6.375, 6.75, 6.5], "rotation": 270, "texture": "#4"},
				"west": {"uv": [7.75, 4.625, 7.5, 4.5], "rotation": 180, "texture": "#4"},
				"up": {"uv": [7.5, 4.375, 7.75, 4.5], "rotation": 270, "texture": "#4"},
				"down": {"uv": [7.5, 3.875, 7.75, 4], "rotation": 270, "texture": "#4"}
			}
		},
		{
			"name": "bone4",
			"from": [7.08025, 9.56778, 9.79137],
			"to": [8.91975, 10.43647, 10.98037],
			"rotation": {"angle": 0, "axis": "y", "origin": [8, 0, 8]},
			"faces": {
				"north": {"uv": [7.5, 3.875, 7.75, 4], "texture": "#4"},
				"east": {"uv": [3.625, 5.25, 3.75, 5.375], "texture": "#4"},
				"south": {"uv": [7.5, 4.375, 7.75, 4.5], "texture": "#4"},
				"west": {"uv": [6.625, 6.375, 6.75, 6.5], "texture": "#4"},
				"up": {"uv": [7.75, 4.625, 7.5, 4.5], "texture": "#4"},
				"down": {"uv": [7.75, 4.625, 7.5, 4.75], "texture": "#4"}
			}
		},
		{
			"name": "bone5",
			"from": [8.56566, 9.89103, 6.82943],
			"to": [9.16566, 11.29103, 7.01843],
			"rotation": {"angle": 22.5, "axis": "x", "origin": [8.66566, 10.81078, 6.92393]},
			"faces": {
				"north": {"uv": [7.5, 3.875, 7.75, 4], "rotation": 90, "texture": "#4"},
				"east": {"uv": [7.75, 4.625, 7.5, 4.75], "rotation": 270, "texture": "#4"},
				"south": {"uv": [7.5, 4.375, 7.75, 4.5], "rotation": 270, "texture": "#4"},
				"west": {"uv": [7.75, 4.625, 7.5, 4.5], "rotation": 270, "texture": "#4"},
				"up": {"uv": [3.625, 5.25, 3.75, 5.375], "rotation": 270, "texture": "#4"},
				"down": {"uv": [6.625, 6.375, 6.75, 6.5], "rotation": 270, "texture": "#4"}
			}
		},
		{
			"name": "bone4",
			"from": [7.64275, 9.63028, 6.79137],
			"to": [8.36167, 10.49897, 9.32954],
			"rotation": {"angle": 0, "axis": "y", "origin": [8, 0, 8]},
			"faces": {
				"north": {"uv": [6.625, 8.125, 6.6875, 8.25], "texture": "#4"},
				"east": {"uv": [7.375, 6.5, 7.6875, 6.625], "texture": "#4"},
				"south": {"uv": [8.125, 6.625, 8.1875, 6.75], "texture": "#4"},
				"west": {"uv": [7.375, 6.625, 7.6875, 6.75], "texture": "#4"},
				"up": {"uv": [7.0625, 7.9375, 7, 7.625], "texture": "#4"},
				"down": {"uv": [7.6875, 7, 7.625, 7.3125], "texture": "#4"}
			}
		},
		{
			"name": "bone4",
			"from": [7.24085, 6.95928, 10.84479],
			"to": [8.73325, 7.29577, 11.43465],
			"rotation": {"angle": 0, "axis": "y", "origin": [8, 0, 8]},
			"faces": {
				"north": {"uv": [5, 8, 5.1875, 8.0625], "texture": "#4"},
				"east": {"uv": [8.375, 3.75, 8.4375, 3.8125], "texture": "#4"},
				"south": {"uv": [8, 5, 8.1875, 5.0625], "texture": "#4"},
				"west": {"uv": [3.875, 8.375, 3.9375, 8.4375], "texture": "#4"},
				"up": {"uv": [8.1875, 5.1875, 8, 5.125], "texture": "#4"},
				"down": {"uv": [5.4375, 8, 5.25, 8.0625], "texture": "#4"}
			}
		},
		{
			"name": "bone6",
			"from": [7.599, 10.3, 4.8],
			"to": [9.401, 10.6, 5.802],
			"rotation": {"angle": 0, "axis": "y", "origin": [8, 7, 11]},
			"faces": {
				"north": {"uv": [7.625, 3.125, 7.8125, 3.25], "texture": "#4"},
				"east": {"uv": [3.75, 3.75, 6, 3.875], "texture": "#4"},
				"south": {"uv": [7.625, 3.25, 7.8125, 3.375], "texture": "#4"},
				"west": {"uv": [3.75, 3.875, 6, 4], "texture": "#4"},
				"up": {"uv": [1.1875, 2.75, 1, 0.5], "texture": "#4"},
				"down": {"uv": [1.4375, 0.5, 1.25, 2.75], "texture": "#4"}
			}
		},
		{
			"name": "bone5",
			"from": [7.599, 9.499, -12],
			"to": [8.401, 10.626, 10.002],
			"rotation": {"angle": 0, "axis": "y", "origin": [8, 1, 8]},
			"faces": {
				"north": {"uv": [7.625, 3.125, 7.8125, 3.25], "texture": "#4"},
				"east": {"uv": [3.75, 3.75, 6, 3.875], "texture": "#4"},
				"south": {"uv": [7.625, 3.25, 7.8125, 3.375], "texture": "#4"},
				"west": {"uv": [3.75, 3.875, 6, 4], "texture": "#4"},
				"up": {"uv": [1.1875, 2.75, 1, 0.5], "texture": "#4"},
				"down": {"uv": [1.4375, 0.5, 1.25, 2.75], "texture": "#4"}
			}
		},
		{
			"name": "bone6",
			"from": [7.599, 9.399, -12],
			"to": [8.401, 10.699, -10.998],
			"rotation": {"angle": 0, "axis": "y", "origin": [8, 1, 8]},
			"faces": {
				"north": {"uv": [7.625, 3.125, 7.8125, 3.25], "texture": "#4"},
				"east": {"uv": [3.75, 3.75, 6, 3.875], "texture": "#4"},
				"south": {"uv": [7.625, 3.25, 7.8125, 3.375], "texture": "#4"},
				"west": {"uv": [3.75, 3.875, 6, 4], "texture": "#4"},
				"up": {"uv": [1.1875, 2.75, 1, 0.5], "texture": "#4"},
				"down": {"uv": [1.4375, 0.5, 1.25, 2.75], "texture": "#4"}
			}
		},
		{
			"name": "bone7",
			"from": [7.599, 9.359, -12.3],
			"to": [8.401, 10.759, -11.298],
			"rotation": {"angle": 0, "axis": "y", "origin": [8, 1, 8]},
			"faces": {
				"north": {"uv": [7.625, 3.125, 7.8125, 3.25], "texture": "#4"},
				"east": {"uv": [3.75, 3.75, 6, 3.875], "texture": "#4"},
				"south": {"uv": [7.625, 3.25, 7.8125, 3.375], "texture": "#4"},
				"west": {"uv": [3.75, 3.875, 6, 4], "texture": "#4"},
				"up": {"uv": [1.1875, 2.75, 1, 0.5], "texture": "#4"},
				"down": {"uv": [1.4375, 0.5, 1.25, 2.75], "texture": "#4"}
			}
		},
		{
			"name": "bone6",
			"from": [7.599, 9.459, -12],
			"to": [8.499, 10.659, -10.998],
			"rotation": {"angle": 0, "axis": "y", "origin": [8, 1, 8]},
			"faces": {
				"north": {"uv": [7.625, 3.125, 7.8125, 3.25], "texture": "#4"},
				"east": {"uv": [3.75, 3.75, 6, 3.875], "texture": "#4"},
				"south": {"uv": [7.625, 3.25, 7.8125, 3.375], "texture": "#4"},
				"west": {"uv": [3.75, 3.875, 6, 4], "texture": "#4"},
				"up": {"uv": [1.1875, 2.75, 1, 0.5], "texture": "#4"},
				"down": {"uv": [1.4375, 0.5, 1.25, 2.75], "texture": "#4"}
			}
		},
		{
			"name": "bone7",
			"from": [7.599, 9.459, -12.3],
			"to": [8.599, 10.659, -11.298],
			"rotation": {"angle": 0, "axis": "y", "origin": [8, 1, 8]},
			"faces": {
				"north": {"uv": [7.625, 3.125, 7.8125, 3.25], "texture": "#4"},
				"east": {"uv": [3.75, 3.75, 6, 3.875], "texture": "#4"},
				"south": {"uv": [7.625, 3.25, 7.8125, 3.375], "texture": "#4"},
				"west": {"uv": [3.75, 3.875, 6, 4], "texture": "#4"},
				"up": {"uv": [1.1875, 2.75, 1, 0.5], "texture": "#4"},
				"down": {"uv": [1.4375, 0.5, 1.25, 2.75], "texture": "#4"}
			}
		},
		{
			"name": "bone6",
			"from": [7.749, 9.499, -8],
			"to": [8.251, 11.001, -6.998],
			"rotation": {"angle": 0, "axis": "y", "origin": [8, 1, 8]},
			"faces": {
				"north": {"uv": [7.625, 3.125, 7.8125, 3.25], "texture": "#4"},
				"east": {"uv": [3.75, 3.75, 6, 3.875], "texture": "#4"},
				"south": {"uv": [7.625, 3.25, 7.8125, 3.375], "texture": "#4"},
				"west": {"uv": [3.75, 3.875, 6, 4], "texture": "#4"},
				"up": {"uv": [1.1875, 2.75, 1, 0.5], "texture": "#4"},
				"down": {"uv": [1.4375, 0.5, 1.25, 2.75], "texture": "#4"}
			}
		},
		{
			"name": "bone6",
			"from": [7.599, 9.499, -12],
			"to": [8.401, 10.626, 10.002],
			"rotation": {"angle": 0, "axis": "y", "origin": [8, 1, 8]},
			"faces": {
				"north": {"uv": [7.8125, 3.125, 7.625, 3.25], "texture": "#4"},
				"east": {"uv": [6, 3.875, 3.75, 4], "texture": "#4"},
				"south": {"uv": [7.8125, 3.25, 7.625, 3.375], "texture": "#4"},
				"west": {"uv": [6, 3.75, 3.75, 3.875], "texture": "#4"},
				"up": {"uv": [1, 2.75, 1.1875, 0.5], "texture": "#4"},
				"down": {"uv": [1.25, 0.5, 1.4375, 2.75], "texture": "#4"}
			}
		},
		{
			"name": "bone6",
			"from": [7.401, 9.459, -12.3],
			"to": [8.401, 10.659, -11.298],
			"rotation": {"angle": 0, "axis": "y", "origin": [8, 1, 8]},
			"faces": {
				"north": {"uv": [7.8125, 3.125, 7.625, 3.25], "texture": "#4"},
				"east": {"uv": [6, 3.875, 3.75, 4], "texture": "#4"},
				"south": {"uv": [7.8125, 3.25, 7.625, 3.375], "texture": "#4"},
				"west": {"uv": [6, 3.75, 3.75, 3.875], "texture": "#4"},
				"up": {"uv": [1, 2.75, 1.1875, 0.5], "texture": "#4"},
				"down": {"uv": [1.25, 0.5, 1.4375, 2.75], "texture": "#4"}
			}
		},
		{
			"name": "bone6",
			"from": [7.599, 9.499, -12],
			"to": [8.401, 10.626, 10.002],
			"rotation": {"angle": 0, "axis": "y", "origin": [8, 1, 8]},
			"faces": {
				"north": {"uv": [7.8125, 3.125, 7.625, 3.25], "texture": "#4"},
				"east": {"uv": [6, 3.875, 3.75, 4], "texture": "#4"},
				"south": {"uv": [7.8125, 3.25, 7.625, 3.375], "texture": "#4"},
				"west": {"uv": [6, 3.75, 3.75, 3.875], "texture": "#4"},
				"up": {"uv": [1, 2.75, 1.1875, 0.5], "texture": "#4"},
				"down": {"uv": [1.25, 0.5, 1.4375, 2.75], "texture": "#4"}
			}
		},
		{
			"name": "bone6",
			"from": [7.599, 9.499, -12],
			"to": [8.401, 10.626, 10.002],
			"rotation": {"angle": 0, "axis": "y", "origin": [8, 1, 8]},
			"faces": {
				"north": {"uv": [7.8125, 3.125, 7.625, 3.25], "texture": "#4"},
				"east": {"uv": [6, 3.875, 3.75, 4], "texture": "#4"},
				"south": {"uv": [7.8125, 3.25, 7.625, 3.375], "texture": "#4"},
				"west": {"uv": [6, 3.75, 3.75, 3.875], "texture": "#4"},
				"up": {"uv": [1, 2.75, 1.1875, 0.5], "texture": "#4"},
				"down": {"uv": [1.25, 0.5, 1.4375, 2.75], "texture": "#4"}
			}
		},
		{
			"name": "bone7",
			"from": [7.501, 9.459, -12],
			"to": [8.401, 10.659, -10.998],
			"rotation": {"angle": 0, "axis": "y", "origin": [8, 1, 8]},
			"faces": {
				"north": {"uv": [7.8125, 3.125, 7.625, 3.25], "texture": "#4"},
				"east": {"uv": [6, 3.875, 3.75, 4], "texture": "#4"},
				"south": {"uv": [7.8125, 3.25, 7.625, 3.375], "texture": "#4"},
				"west": {"uv": [6, 3.75, 3.75, 3.875], "texture": "#4"},
				"up": {"uv": [1, 2.75, 1.1875, 0.5], "texture": "#4"},
				"down": {"uv": [1.25, 0.5, 1.4375, 2.75], "texture": "#4"}
			}
		},
		{
			"name": "bone7",
			"from": [7.599, 9.399, -12],
			"to": [8.401, 10.699, -10.998],
			"rotation": {"angle": 0, "axis": "y", "origin": [8, 1, 8]},
			"faces": {
				"north": {"uv": [7.8125, 3.125, 7.625, 3.25], "texture": "#4"},
				"east": {"uv": [6, 3.875, 3.75, 4], "texture": "#4"},
				"south": {"uv": [7.8125, 3.25, 7.625, 3.375], "texture": "#4"},
				"west": {"uv": [6, 3.75, 3.75, 3.875], "texture": "#4"},
				"up": {"uv": [1, 2.75, 1.1875, 0.5], "texture": "#4"},
				"down": {"uv": [1.25, 0.5, 1.4375, 2.75], "texture": "#4"}
			}
		},
		{
			"name": "tt",
			"from": [7.749, 8.6, -7.626],
			"to": [8.1885, 9.0395, -3.499],
			"rotation": {"angle": 0, "axis": "y", "origin": [8, 0, 8]},
			"faces": {
				"north": {"uv": [8.375, 8.125, 8.4375, 8.1875], "texture": "#4"},
				"east": {"uv": [8.25, 8.375, 8.3125, 8.4375], "texture": "#4"},
				"south": {"uv": [8.375, 8.25, 8.4375, 8.3125], "texture": "#4"},
				"west": {"uv": [8.375, 8.375, 8.4375, 8.4375], "texture": "#4"},
				"up": {"uv": [0.0625, 8.5625, 0, 8.5], "texture": "#4"},
				"down": {"uv": [8.5625, 0, 8.5, 0.0625], "texture": "#4"}
			}
		}
	],
	"display": {
		"thirdperson_righthand": {
			"translation": [0, -0.25, 0],
			"scale": [1, 0.84, 0.81]
		},
		"gui": {
			"rotation": [0, 90, 0]
		},
		"fixed": {
			"rotation": [0, 90, 0]
		}
	},
	"groups": [
		{
			"name": "root",
			"origin": [8, 7, 14.5],
			"color": 0,
			"children": [
				{
					"name": "right",
					"origin": [13, 7, 16],
					"color": 1,
					"children": [
						{
							"name": "fk15",
							"origin": [8, 0, 8],
							"color": 2,
							"children": [
								{
									"name": "qiangshen",
									"origin": [8, 0, 8],
									"color": 0,
									"children": [0, 1, 2, 3, 4, 5, 6, 7, 8, 9, 10, 11, 12, 13, 14, 15, 16, 17]
								},
								{
									"name": "bone4",
									"origin": [8, 0, 8],
									"color": 6,
									"children": [18, 19, 20, 21, 22, 23, 24, 25, 26, 27, 28, 29, 30, 31, 32, 33, 34, 35, 36, 37, 38, 39]
								},
								{
									"name": "tt",
									"origin": [7.96875, 8.59375, -31.9375],
									"color": 3,
									"children": [40]
								}
							]
						}
					]
				}
			]
		}
	]
}