{
	"credit": "Made with Blockbench",
	"texture_size": [128, 128],
	"textures": {
		"0": "block/color/armycamotwo",
		"4": "block/color/lightergray",
		"6": "block/color/bronze",
		"particle": "block/color/armycamotwo"
	},
	"elements": [
		{
			"name": "bone5",
			"from": [7.08025, 6.72403, 12.36529],
			"to": [8.91975, 9.76667, 14.19851],
			"rotation": {"angle": -22.5, "axis": "x", "origin": [8, 7, 13]},
			"faces": {
				"north": {"uv": [0.5, 0.5, 0.25, 2.25], "rotation": 180, "texture": "#6"},
				"east": {"uv": [0, 0, 1.75, 0.25], "rotation": 270, "texture": "#6"},
				"south": {"uv": [0.25, 2.25, 0, 0.5], "texture": "#6"},
				"west": {"uv": [0, 0.25, 1.75, 0.5], "rotation": 90, "texture": "#6"},
				"up": {"uv": [2.5, 5.5, 2.75, 5.75], "rotation": 180, "texture": "#6"},
				"down": {"uv": [6, 6.5, 6.25, 6.75], "texture": "#6"}
			}
		},
		{
			"name": "bone6",
			"from": [7.08025, 7.48728, 9.86929],
			"to": [8.91975, 9.3205, 11.91193],
			"rotation": {"angle": 22.5, "axis": "x", "origin": [8, 7, 14]},
			"faces": {
				"north": {"uv": [2.5, 5.5, 2.75, 5.75], "texture": "#6"},
				"east": {"uv": [0, 0, 1.75, 0.25], "texture": "#6"},
				"south": {"uv": [6, 6.5, 6.25, 6.75], "texture": "#6"},
				"west": {"uv": [0, 0.25, 1.75, 0.5], "texture": "#6"},
				"up": {"uv": [0.25, 2.25, 0, 0.5], "texture": "#6"},
				"down": {"uv": [0.5, 0.5, 0.25, 2.25], "texture": "#6"}
			}
		},
		{
			"name": "bone4",
			"from": [7.02, 9.3, 8.79137],
			"to": [9.02, 11.3, 9.98037],
			"rotation": {"angle": 0, "axis": "y", "origin": [8, 7, 14]},
			"faces": {
				"north": {"uv": [7.5, 3.875, 7.75, 4], "texture": "#4"},
				"east": {"uv": [3.625, 5.25, 3.75, 5.375], "texture": "#4"},
				"south": {"uv": [7.5, 4.375, 7.75, 4.5], "texture": "#4"},
				"west": {"uv": [6.625, 6.375, 6.75, 6.5], "texture": "#4"},
				"up": {"uv": [7.75, 4.625, 7.5, 4.5], "texture": "#0"},
				"down": {"uv": [7.75, 4.625, 7.5, 4.75], "texture": "#4"}
			}
		},
		{
			"name": "bone5",
			"from": [7.02, 9.3, 9.79137],
			"to": [9.02, 11.2, 10.98037],
			"rotation": {"angle": 45, "axis": "x", "origin": [8.02, 10.3, 10.38587]},
			"faces": {
				"north": {"uv": [7.5, 3.875, 7.75, 4], "texture": "#4"},
				"east": {"uv": [3.625, 5.25, 3.75, 5.375], "texture": "#4"},
				"south": {"uv": [7.5, 4.375, 7.75, 4.5], "texture": "#4"},
				"west": {"uv": [6.625, 6.375, 6.75, 6.5], "texture": "#4"},
				"up": {"uv": [7.75, 4.625, 7.5, 4.5], "texture": "#0"},
				"down": {"uv": [7.75, 4.625, 7.5, 4.75], "texture": "#4"}
			}
		},
		{
			"name": "bone6",
			"from": [7.02, 9.3, 9.79137],
			"to": [9.02, 11.3, 10.98037],
			"rotation": {"angle": 0, "axis": "x", "origin": [8.02, 10.3, 10.38587]},
			"faces": {
				"north": {"uv": [7.5, 3.875, 7.75, 4], "texture": "#4"},
				"east": {"uv": [3.625, 5.25, 3.75, 5.375], "texture": "#4"},
				"south": {"uv": [7.5, 4.375, 7.75, 4.5], "texture": "#4"},
				"west": {"uv": [6.625, 6.375, 6.75, 6.5], "texture": "#4"},
				"up": {"uv": [7.75, 4.625, 7.5, 4.5], "texture": "#0"},
				"down": {"uv": [7.75, 4.625, 7.5, 4.75], "texture": "#4"}
			}
		},
		{
			"name": "bone5",
			"from": [7.9, 9.7055, 10.98587],
			"to": [8.1, 11.8945, 11.38587],
			"rotation": {"angle": 22.5, "axis": "x", "origin": [8, 10.8, 10.88587]},
			"faces": {
				"north": {"uv": [7.75, 4.625, 7.5, 4.5], "rotation": 180, "texture": "#0"},
				"east": {"uv": [3.625, 5.25, 3.75, 5.375], "rotation": 90, "texture": "#4"},
				"south": {"uv": [7.75, 4.625, 7.5, 4.75], "texture": "#4"},
				"west": {"uv": [6.625, 6.375, 6.75, 6.5], "rotation": 270, "texture": "#4"},
				"up": {"uv": [7.5, 4.375, 7.75, 4.5], "texture": "#4"},
				"down": {"uv": [7.5, 3.875, 7.75, 4], "rotation": 180, "texture": "#4"}
			}
		},
		{
			"name": "bone6",
			"from": [7.9, 7.7055, 10.98587],
			"to": [8.1, 9.8945, 11.38587],
			"rotation": {"angle": 22.5, "axis": "x", "origin": [8, 8.8, 10.88587]},
			"faces": {
				"north": {"uv": [7.75, 4.625, 7.5, 4.5], "rotation": 180, "texture": "#0"},
				"east": {"uv": [3.625, 5.25, 3.75, 5.375], "rotation": 90, "texture": "#4"},
				"south": {"uv": [7.75, 4.625, 7.5, 4.75], "texture": "#4"},
				"west": {"uv": [6.625, 6.375, 6.75, 6.5], "rotation": 270, "texture": "#4"},
				"up": {"uv": [7.5, 4.375, 7.75, 4.5], "texture": "#4"},
				"down": {"uv": [7.5, 3.875, 7.75, 4], "rotation": 180, "texture": "#4"}
			}
		},
		{
			"name": "bone6",
			"from": [7.7, 10.3, 9.79137],
			"to": [7.9, 11.3, 11.49137],
			"rotation": {"angle": -22.5, "axis": "x", "origin": [8, 10.8, 10.88587]},
			"faces": {
				"north": {"uv": [7.5, 3.875, 7.75, 4], "texture": "#4"},
				"east": {"uv": [3.625, 5.25, 3.75, 5.375], "texture": "#4"},
				"south": {"uv": [7.5, 4.375, 7.75, 4.5], "texture": "#4"},
				"west": {"uv": [6.625, 6.375, 6.75, 6.5], "texture": "#4"},
				"up": {"uv": [7.75, 4.625, 7.5, 4.5], "texture": "#0"},
				"down": {"uv": [7.75, 4.625, 7.5, 4.75], "texture": "#4"}
			}
		},
		{
			"name": "bone6",
			"from": [7.9, 11.50589, 11.6],
			"to": [8.1, 11.70589, 12.6],
			"rotation": {"angle": 0, "axis": "x", "origin": [8, 11.20294, 12.4897]},
			"faces": {
				"north": {"uv": [7.5, 4.375, 7.75, 4.5], "rotation": 180, "texture": "#4"},
				"east": {"uv": [3.625, 5.25, 3.75, 5.375], "rotation": 180, "texture": "#4"},
				"south": {"uv": [7.5, 3.875, 7.75, 4], "rotation": 180, "texture": "#4"},
				"west": {"uv": [6.625, 6.375, 6.75, 6.5], "rotation": 180, "texture": "#4"},
				"up": {"uv": [7.75, 4.625, 7.5, 4.75], "texture": "#4"},
				"down": {"uv": [7.75, 4.625, 7.5, 4.5], "texture": "#0"}
			}
		},
		{
			"name": "bone5",
			"from": [7.2, 9.499, 5],
			"to": [7.4, 11.099, 10.002],
			"rotation": {"angle": 0, "axis": "y", "origin": [8, 10.299, 7.501]},
			"faces": {
				"north": {"uv": [7.625, 3.125, 7.8125, 3.25], "texture": "#4"},
				"east": {"uv": [3.75, 3.75, 6, 3.875], "texture": "#4"},
				"south": {"uv": [7.625, 3.25, 7.8125, 3.375], "texture": "#4"},
				"west": {"uv": [3.75, 3.875, 6, 4], "texture": "#4"},
				"up": {"uv": [1.1875, 2.75, 1, 0.5], "texture": "#0"},
				"down": {"uv": [1.4375, 0.5, 1.25, 2.75], "texture": "#4"}
			}
		},
		{
			"name": "bone6",
			"from": [7.2, 9.499, 5],
			"to": [8.8, 9.699, 10.002],
			"rotation": {"angle": 0, "axis": "z", "origin": [8, 10.299, 7.501]},
			"faces": {
				"north": {"uv": [7.625, 3.125, 7.8125, 3.25], "rotation": 90, "texture": "#4"},
				"east": {"uv": [1.4375, 0.5, 1.25, 2.75], "rotation": 270, "texture": "#4"},
				"south": {"uv": [7.625, 3.25, 7.8125, 3.375], "rotation": 270, "texture": "#4"},
				"west": {"uv": [1.1875, 2.75, 1, 0.5], "rotation": 270, "texture": "#0"},
				"up": {"uv": [3.75, 3.75, 6, 3.875], "rotation": 270, "texture": "#4"},
				"down": {"uv": [3.75, 3.875, 6, 4], "rotation": 270, "texture": "#4"}
			}
		},
		{
			"name": "bone7",
			"from": [7.2, 11, 5],
			"to": [8.8, 11.2, 10.002],
			"rotation": {"angle": 0, "axis": "z", "origin": [8, 10.299, 7.501]},
			"faces": {
				"north": {"uv": [7.625, 3.125, 7.8125, 3.25], "rotation": 90, "texture": "#4"},
				"east": {"uv": [1.4375, 0.5, 1.25, 2.75], "rotation": 270, "texture": "#4"},
				"south": {"uv": [7.625, 3.25, 7.8125, 3.375], "rotation": 270, "texture": "#4"},
				"west": {"uv": [1.1875, 2.75, 1, 0.5], "rotation": 270, "texture": "#0"},
				"up": {"uv": [3.75, 3.75, 6, 3.875], "rotation": 270, "texture": "#4"},
				"down": {"uv": [3.75, 3.875, 6, 4], "rotation": 270, "texture": "#4"}
			}
		},
		{
			"name": "bone6",
			"from": [7.25, 9.2, 6],
			"to": [8.75, 9.5, 10.002],
			"rotation": {"angle": 0, "axis": "y", "origin": [8, 7, 14]},
			"faces": {
				"north": {"uv": [7.625, 3.125, 7.8125, 3.25], "texture": "#4"},
				"east": {"uv": [3.75, 3.75, 6, 3.875], "texture": "#4"},
				"south": {"uv": [7.625, 3.25, 7.8125, 3.375], "texture": "#4"},
				"west": {"uv": [3.75, 3.875, 6, 4], "texture": "#4"},
				"up": {"uv": [1.1875, 2.75, 1, 0.5], "texture": "#0"},
				"down": {"uv": [1.4375, 0.5, 1.25, 2.75], "texture": "#4"}
			}
		},
		{
			"name": "bone6",
			"from": [7.2, 9.499, 5],
			"to": [8.8, 9.699, 10.002],
			"rotation": {"angle": 0, "axis": "z", "origin": [8, 10.299, 7.501]},
			"faces": {
				"north": {"uv": [7.625, 3.25, 7.8125, 3.125], "rotation": 90, "texture": "#4"},
				"east": {"uv": [1.1875, 0.5, 1, 2.75], "rotation": 270, "texture": "#0"},
				"south": {"uv": [7.625, 3.375, 7.8125, 3.25], "rotation": 270, "texture": "#4"},
				"west": {"uv": [1.4375, 2.75, 1.25, 0.5], "rotation": 270, "texture": "#4"},
				"up": {"uv": [3.75, 3.875, 6, 3.75], "rotation": 270, "texture": "#4"},
				"down": {"uv": [3.75, 4, 6, 3.875], "rotation": 270, "texture": "#4"}
			}
		},
		{
			"name": "bone6",
			"from": [8.6, 9.499, 5],
			"to": [8.8, 11.099, 10.002],
			"rotation": {"angle": 0, "axis": "y", "origin": [8, 10.299, 7.501]},
			"faces": {
				"north": {"uv": [7.8125, 3.125, 7.625, 3.25], "texture": "#4"},
				"east": {"uv": [6, 3.875, 3.75, 4], "texture": "#4"},
				"south": {"uv": [7.8125, 3.25, 7.625, 3.375], "texture": "#4"},
				"west": {"uv": [6, 3.75, 3.75, 3.875], "texture": "#4"},
				"up": {"uv": [1, 2.75, 1.1875, 0.5], "texture": "#0"},
				"down": {"uv": [1.25, 0.5, 1.4375, 2.75], "texture": "#4"}
			}
		},
		{
			"name": "bone6",
			"from": [8.1, 10.3, 9.79137],
			"to": [8.3, 11.3, 11.49137],
			"rotation": {"angle": -22.5, "axis": "x", "origin": [8, 10.8, 10.88587]},
			"faces": {
				"north": {"uv": [7.75, 3.875, 7.5, 4], "texture": "#4"},
				"east": {"uv": [6.75, 6.375, 6.625, 6.5], "texture": "#4"},
				"south": {"uv": [7.75, 4.375, 7.5, 4.5], "texture": "#4"},
				"west": {"uv": [3.75, 5.25, 3.625, 5.375], "texture": "#4"},
				"up": {"uv": [7.5, 4.625, 7.75, 4.5], "texture": "#0"},
				"down": {"uv": [7.5, 4.625, 7.75, 4.75], "texture": "#4"}
			}
		}
	],
	"display": {
		"thirdperson_righthand": {
			"translation": [0, -0.25, 0],
			"scale": [1, 0.84, 0.81]
		},
		"gui": {
			"rotation": [0, 90, 0],
			"translation": [-1.5, -1.25, 0]
		},
		"fixed": {
			"rotation": [0, 90, 0],
			"translation": [-1.25, -0.5, 0]
		}
	},
	"groups": [
		{
			"name": "root",
			"origin": [8, 7, 14.5],
			"color": 0,
			"children": [
				{
					"name": "right",
					"origin": [13, 7, 16],
					"color": 1,
					"children": [
						{
							"name": "fk15",
							"origin": [8, 0, 8],
							"color": 2,
							"children": [
								{
									"name": "qiangshen",
									"origin": [8, 0, 8],
									"color": 0,
									"children": [0, 1]
								},
								{
									"name": "bone4",
									"origin": [8, 0, 8],
									"color": 6,
									"children": [2, 3, 4, 5, 6, 7, 8, 9, 10, 11, 12, 13, 14, 15]
								},
								{
									"name": "tt",
									"origin": [7.96875, 8.59375, -31.9375],
									"color": 3,
									"children": []
								}
							]
						}
					]
				}
			]
		}
	]
}