{
	"parent": "item/handheld",
	"textures": {
		"layer0": "item/feather"
	},
	"overrides": [
        
		{"predicate": {"custom_model_data":-1002}, "model":"item/misc/suppressor"},
		{"predicate": {"custom_model_data":-1001}, "model":"item/misc/reflexsight"},
		{"predicate": {"custom_model_data":-1000}, "model":"item/weapons/reticle_pmii"},
        {"predicate": {"custom_model_data":-101}, "model":"item/weapons/ammo_nuke"},
        {"predicate": {"custom_model_data":-100}, "model":"item/weapons/ammo_rocket"},
        {"predicate": {"custom_model_data":-10}, "model":"item/weapons/combatknife"},
		{"predicate": {"custom_model_data":-1}, "model":"item/weapons/heal"},

        {"predicate": {"custom_model_data":0}, "model":"item/feather"},

		{"predicate": {"custom_model_data":   1}, "model":"item/weapons/uzi"},
        {"predicate": {"custom_model_data":   2}, "model":"item/weapons/aug"},
        {"predicate": {"custom_model_data":   3}, "model":"item/weapons/origin12"},
        {"predicate": {"custom_model_data":   4}, "model":"item/weapons/rpg7"},
		{"predicate": {"custom_model_data":   5}, "model":"item/weapons/ak47"},
        {"predicate": {"custom_model_data":   6}, "model":"item/weapons/fnfal"},
        {"predicate": {"custom_model_data":   7}, "model":"item/weapons/m4a1"},
        {"predicate": {"custom_model_data":   8}, "model":"item/weapons/coltpython"},
        {"predicate": {"custom_model_data":   9}, "model":"item/weapons/deserteagle"},
		{"predicate": {"custom_model_data":  10}, "model":"item/weapons/kar98k"},
        {"predicate": {"custom_model_data":  11}, "model":"item/weapons/mg34"},
        {"predicate": {"custom_model_data":  12}, "model":"item/weapons/famasg2"},
        {"predicate": {"custom_model_data":  13}, "model":"item/weapons/ax50"},
        {"predicate": {"custom_model_data":  14}, "model":"item/weapons/dp12"},
        {"predicate": {"custom_model_data":  15}, "model":"item/weapons/stg44"},
        {"predicate": {"custom_model_data":  16}, "model":"item/weapons/feather"},
        {"predicate": {"custom_model_data":  17}, "model":"item/weapons/fatman_rock"},
        {"predicate": {"custom_model_data":  18}, "model":"item/weapons/huoshengqiang"},
        {"predicate": {"custom_model_data":  19}, "model":"item/weapons/suifaqiang"},
        {"predicate": {"custom_model_data":  20}, "model":"item/weapons/zhuanlunsuifaqiang"},
        {"predicate": {"custom_model_data":  21}, "model":"item/weapons/huoshengshouqiang"},
        {"predicate": {"custom_model_data":  22}, "model":"item/weapons/suifashouqiang"},
        {"predicate": {"custom_model_data":  23}, "model":"item/weapons/suifaxiandan"},
        {"predicate": {"custom_model_data":  24}, "model":"item/weapons/dreyse"},
        {"predicate": {"custom_model_data":  25}, "model":"item/weapons/xinhaoqiang"},
        {"predicate": {"custom_model_data":  26}, "model":"item/weapons/lebel"},
        {"predicate": {"custom_model_data":  27}, "model":"item/weapons/lebel_f"},
        {"predicate": {"custom_model_data":  28}, "model":"item/weapons/gasser"},
        {"predicate": {"custom_model_data":  29}, "model":"item/weapons/martinihenry"},
        {"predicate": {"custom_model_data":  30}, "model":"item/weapons/martinihenry_f"},
        {"predicate": {"custom_model_data":  31}, "model":"item/weapons/mondragon"},
        {"predicate": {"custom_model_data":  32}, "model":"item/weapons/win1895"},
        {"predicate": {"custom_model_data":  33}, "model":"item/weapons/win1895_f"},
        {"predicate": {"custom_model_data":  34}, "model":"item/weapons/m1897"},
        {"predicate": {"custom_model_data":  35}, "model":"item/weapons/mp18"},
        {"predicate": {"custom_model_data":  36}, "model":"item/weapons/p08"},
        {"predicate": {"custom_model_data":  37}, "model":"item/weapons/Giovanni"},
        {"predicate": {"custom_model_data":  38}, "model":"item/weapons/chauchat"},
        {"predicate": {"custom_model_data":  39}, "model":"item/weapons/chauchat_h"},
        {"predicate": {"custom_model_data":  40}, "model":"item/weapons/C96"},
        {"predicate": {"custom_model_data":  41}, "model":"item/weapons/C96_stock"},
        {"predicate": {"custom_model_data":  42}, "model":"item/weapons/C96_s_f"},
        {"predicate": {"custom_model_data":  43}, "model":"item/weapons/C96_1917"},
        {"predicate": {"custom_model_data":  44}, "model":"item/weapons/m1911"},
        {"predicate": {"custom_model_data":  45}, "model":"item/weapons/m1907"},
        {"predicate": {"custom_model_data":  46}, "model":"item/weapons/m1907_r"},
        {"predicate": {"custom_model_data":  47}, "model":"item/weapons/m1860"},
        {"predicate": {"custom_model_data":  48}, "model":"item/weapons/p08_a"},
        {"predicate": {"custom_model_data":  49}, "model":"item/weapons/bar"},
        {"predicate": {"custom_model_data":  50}, "model":"item/weapons/bar_h"},
        {"predicate": {"custom_model_data":  51}, "model":"item/weapons/flamethrower"},
        {"predicate": {"custom_model_data":  52}, "model":"item/weapons/lavathrower"},




        {"predicate": {"custom_model_data":1001}, "model":"item/weapons/huoshengqiangaiming"},
        {"predicate": {"custom_model_data":1001}, "model":"item/weapons/uziaiming"},
        {"predicate": {"custom_model_data":1002}, "model":"item/weapons/augaiming"},
        {"predicate": {"custom_model_data":1003}, "model":"item/weapons/origin12aiming"},
        {"predicate": {"custom_model_data":1004}, "model":"item/weapons/rpg7aiming"},
        {"predicate": {"custom_model_data":1005}, "model":"item/weapons/ak47aiming"},
        {"predicate": {"custom_model_data":1006}, "model":"item/weapons/fnfalaiming"},
        {"predicate": {"custom_model_data":1007}, "model":"item/weapons/m4a1aiming"},
        {"predicate": {"custom_model_data":1008}, "model":"item/weapons/coltpythonaiming"},
        {"predicate": {"custom_model_data":1009}, "model":"item/weapons/deserteagleaiming"},
        {"predicate": {"custom_model_data":1010}, "model":"item/weapons/kar98kaiming"},
        {"predicate": {"custom_model_data":1011}, "model":"item/weapons/mg34aiming"},
        {"predicate": {"custom_model_data":1012}, "model":"item/weapons/famasg2aiming"},
        {"predicate": {"custom_model_data":1013}, "model":"item/weapons/reticle_pmii"},
        {"predicate": {"custom_model_data":1014}, "model":"item/weapons/dp12aiming"},
        {"predicate": {"custom_model_data":1015}, "model":"item/weapons/stg44aiming"},
        {"predicate": {"custom_model_data":1016}, "model":"item/weapons/fatmanaiming"},
        {"predicate": {"custom_model_data":1017}, "model":"item/weapons/fatman_rockaiming"},
        {"predicate": {"custom_model_data":1018}, "model":"item/weapons/huoshengqiangaiming"},
        {"predicate": {"custom_model_data":1019}, "model":"item/weapons/suifaqiangaiming"},
        {"predicate": {"custom_model_data":1020}, "model":"item/weapons/zhuanlunsuifaqiangaiming"},
        {"predicate": {"custom_model_data":1021}, "model":"item/weapons/huoshengshouqiangaiming"},
        {"predicate": {"custom_model_data":1022}, "model":"item/weapons/suifashouqiangaiming"},
        {"predicate": {"custom_model_data":1023}, "model":"item/weapons/suifaxiandanaiming"},
        {"predicate": {"custom_model_data":1024}, "model":"item/weapons/dreyseaiming"},
        {"predicate": {"custom_model_data":1025}, "model":"item/weapons/xinhaoqiangaiming"},
        {"predicate": {"custom_model_data":1026}, "model":"item/weapons/lebelaiming"},
        {"predicate": {"custom_model_data":1027}, "model":"item/weapons/lebel_faiming"},
        {"predicate": {"custom_model_data":1028}, "model":"item/weapons/gasseraiming"},
        {"predicate": {"custom_model_data":1029}, "model":"item/weapons/martinihenryaiming"},
        {"predicate": {"custom_model_data":1030}, "model":"item/weapons/martinihenry_faiming"},
        {"predicate": {"custom_model_data":1031}, "model":"item/weapons/mondragonaiming"},
        {"predicate": {"custom_model_data":1032}, "model":"item/weapons/win1895aiming"},
        {"predicate": {"custom_model_data":1033}, "model":"item/weapons/win1895_faiming"},
        {"predicate": {"custom_model_data":1034}, "model":"item/weapons/m1897aiming"},
        {"predicate": {"custom_model_data":1035}, "model":"item/weapons/mp18aiming"},
        {"predicate": {"custom_model_data":1036}, "model":"item/weapons/p08aiming"},
        {"predicate": {"custom_model_data":1037}, "model":"item/weapons/Giovanniaiming"},
        {"predicate": {"custom_model_data":1038}, "model":"item/weapons/chauchataiming"},
        {"predicate": {"custom_model_data":1039}, "model":"item/weapons/chauchat_haiming"},
        {"predicate": {"custom_model_data":1040}, "model":"item/weapons/C96aiming"},
        {"predicate": {"custom_model_data":1041}, "model":"item/weapons/C96_stockaiming"},
        {"predicate": {"custom_model_data":1042}, "model":"item/weapons/C96_s_faiming"},
        {"predicate": {"custom_model_data":1043}, "model":"item/weapons/C96_1917aiming"},
        {"predicate": {"custom_model_data":1044}, "model":"item/weapons/m1911aiming"},
        {"predicate": {"custom_model_data":1045}, "model":"item/weapons/m1907aiming"},
        {"predicate": {"custom_model_data":1046}, "model":"item/weapons/m1907_raiming"},
        {"predicate": {"custom_model_data":1047}, "model":"item/weapons/m1860aiming"},
        {"predicate": {"custom_model_data":1048}, "model":"item/weapons/p08_aaiming"},
        {"predicate": {"custom_model_data":1049}, "model":"item/weapons/baraiming"},
        {"predicate": {"custom_model_data":1050}, "model":"item/weapons/bar_haiming"},
        {"predicate": {"custom_model_data":1051}, "model":"item/weapons/flamethroweraiming"},
        {"predicate": {"custom_model_data":1052}, "model":"item/weapons/lavathroweraiming"},




        {"predicate": {"custom_model_data":2000}, "model":"item/weapons/huoshengqiangsprinting"},
        {"predicate": {"custom_model_data":2001}, "model":"item/weapons/uzisprinting"},
        {"predicate": {"custom_model_data":2002}, "model":"item/weapons/augsprinting"},
        {"predicate": {"custom_model_data":2003}, "model":"item/weapons/origin12sprinting"},
        {"predicate": {"custom_model_data":2004}, "model":"item/weapons/rpg7sprinting"},
        {"predicate": {"custom_model_data":2005}, "model":"item/weapons/ak47sprinting"},
        {"predicate": {"custom_model_data":2006}, "model":"item/weapons/fnfalsprinting"},
        {"predicate": {"custom_model_data":2007}, "model":"item/weapons/m4a1sprinting"},
        {"predicate": {"custom_model_data":2008}, "model":"item/weapons/coltpythonsprinting"},
        {"predicate": {"custom_model_data":2009}, "model":"item/weapons/deserteaglesprinting"},
        {"predicate": {"custom_model_data":2010}, "model":"item/weapons/kar98ksprinting"},
        {"predicate": {"custom_model_data":2011}, "model":"item/weapons/mg34sprinting"},
        {"predicate": {"custom_model_data":2012}, "model":"item/weapons/famasg2sprinting"},
        {"predicate": {"custom_model_data":2013}, "model":"item/weapons/ax50sprinting"},
        {"predicate": {"custom_model_data":2014}, "model":"item/weapons/dp12sprinting"},
        {"predicate": {"custom_model_data":2015}, "model":"item/weapons/stg44sprinting"},
        {"predicate": {"custom_model_data":2016}, "model":"item/weapons/fatmansprinting"},
        {"predicate": {"custom_model_data":2017}, "model":"item/weapons/fatman_rocksprinting"},
        {"predicate": {"custom_model_data":2018}, "model":"item/weapons/huoshengqiangsprinting"},
        {"predicate": {"custom_model_data":2019}, "model":"item/weapons/suifaqiangsprinting"},
        {"predicate": {"custom_model_data":2020}, "model":"item/weapons/zhuanlunsuifaqiangsprinting"},
        {"predicate": {"custom_model_data":2021}, "model":"item/weapons/huoshengshouqiangsprinting"},
        {"predicate": {"custom_model_data":2022}, "model":"item/weapons/suifashouqiangsprinting"},
        {"predicate": {"custom_model_data":2023}, "model":"item/weapons/suifaxiandansprinting"},
        {"predicate": {"custom_model_data":2024}, "model":"item/weapons/dreysesprinting"},
        {"predicate": {"custom_model_data":2025}, "model":"item/weapons/xinhaoqiangsprinting"},
        {"predicate": {"custom_model_data":2026}, "model":"item/weapons/lebelsprinting"},
        {"predicate": {"custom_model_data":2027}, "model":"item/weapons/lebel_fsprinting"},
        {"predicate": {"custom_model_data":2028}, "model":"item/weapons/gassersprinting"},
        {"predicate": {"custom_model_data":2029}, "model":"item/weapons/martinihenrysprinting"},
        {"predicate": {"custom_model_data":2030}, "model":"item/weapons/martinihenry_fsprinting"},
        {"predicate": {"custom_model_data":2031}, "model":"item/weapons/mondragonsprinting"},
        {"predicate": {"custom_model_data":2032}, "model":"item/weapons/win1895sprinting"},
        {"predicate": {"custom_model_data":2033}, "model":"item/weapons/win1895_fsprinting"},
        {"predicate": {"custom_model_data":2034}, "model":"item/weapons/m1897sprinting"},
        {"predicate": {"custom_model_data":2035}, "model":"item/weapons/mp18sprinting"},
        {"predicate": {"custom_model_data":2036}, "model":"item/weapons/p08sprinting"},
        {"predicate": {"custom_model_data":2037}, "model":"item/weapons/Giovannisprinting"},
        {"predicate": {"custom_model_data":2038}, "model":"item/weapons/chauchatsprinting"},
        {"predicate": {"custom_model_data":2039}, "model":"item/weapons/chauchat_hsprinting"},
        {"predicate": {"custom_model_data":2040}, "model":"item/weapons/C96sprinting"},
        {"predicate": {"custom_model_data":2041}, "model":"item/weapons/C96_stocksprinting"},
        {"predicate": {"custom_model_data":2042}, "model":"item/weapons/C96_s_fsprinting"},
        {"predicate": {"custom_model_data":2043}, "model":"item/weapons/C96_1917sprinting"},
        {"predicate": {"custom_model_data":2044}, "model":"item/weapons/m1911sprinting"},
        {"predicate": {"custom_model_data":2045}, "model":"item/weapons/m1907sprinting"},
        {"predicate": {"custom_model_data":2046}, "model":"item/weapons/m1907_rsprinting"},
        {"predicate": {"custom_model_data":2047}, "model":"item/weapons/m1860sprinting"},
        {"predicate": {"custom_model_data":2048}, "model":"item/weapons/p08_asprinting"},
        {"predicate": {"custom_model_data":2049}, "model":"item/weapons/barsprinting"},
        {"predicate": {"custom_model_data":2050}, "model":"item/weapons/bar_hsprinting"},
        {"predicate": {"custom_model_data":2051}, "model":"item/weapons/flamethrowersprinting"},
        {"predicate": {"custom_model_data":2052}, "model":"item/weapons/lavathrowersprinting"},




        {"predicate": {"custom_model_data":3012}, "model":"item/weapons/famasg2reloading"},

        {"predicate": {"custom_model_data":4016}, "model":"item/weapons/fatman_empty"},
        {"predicate": {"custom_model_data":4017}, "model":"item/weapons/fatman_empty"},

        {"predicate": {"custom_model_data":10004}, "model":"item/weapons/rpg7_blue"},
        {"predicate": {"custom_model_data":10005}, "model":"item/weapons/ak47_blue"},
        {"predicate": {"custom_model_data":11004}, "model":"item/weapons/rpg7_blueaiming"},
        {"predicate": {"custom_model_data":11005}, "model":"item/weapons/ak47_blueaiming"},
        {"predicate": {"custom_model_data":12004}, "model":"item/weapons/rpg7_bluesprinting"},
        {"predicate": {"custom_model_data":12005}, "model":"item/weapons/ak47_bluesprinting"},

        {"predicate": {"custom_model_data":20004}, "model":"item/weapons/rpg7_red"},
        {"predicate": {"custom_model_data":20005}, "model":"item/weapons/ak47_red"},

        {"predicate": {"custom_model_data":21004}, "model":"item/weapons/rpg7_redaiming"},
        {"predicate": {"custom_model_data":21005}, "model":"item/weapons/ak47_redaiming"},
        
        {"predicate": {"custom_model_data":22004}, "model":"item/weapons/rpg7_redsprinting"},
        {"predicate": {"custom_model_data":22005}, "model":"item/weapons/ak47_redsprinting"},

        {"predicate": {"custom_model_data": 100007}, "model":"item/weapons/m4a1_reflexsight"},
        {"predicate": {"custom_model_data": 100015}, "model":"item/weapons/stg44_reflexsight"},

        {"predicate": {"custom_model_data": 101007}, "model":"item/weapons/m4a1_reflexsightaiming"},
        {"predicate": {"custom_model_data": 101015}, "model":"item/weapons/stg44_reflexsightaiming"},

        {"predicate": {"custom_model_data": 102007}, "model":"item/weapons/m4a1_reflexsightsprinting"},
        {"predicate": {"custom_model_data": 102015}, "model":"item/weapons/stg44_reflexsightsprinting"},

		{"predicate": {"custom_model_data":1000007}, "model":"item/weapons/m4a1_suppressor"},

        {"predicate": {"custom_model_data":1001007}, "model":"item/weapons/m4a1_suppressoraiming"},
        {"predicate": {"custom_model_data":1002007}, "model":"item/weapons/m4a1_suppressorsprinting"},

        {"predicate": {"custom_model_data":1100007}, "model":"item/weapons/m4a1_reflexsight_suppressor"},

        {"predicate": {"custom_model_data":1101007}, "model":"item/weapons/m4a1_reflexsight_suppressoraiming"},

        {"predicate": {"custom_model_data":1102007}, "model":"item/weapons/m4a1_reflexsight_suppressorsprinting"}
	]
}